date,store_id,item_id,sell_price,actual_demand,predicted_demand
2016-03-26,CA_1,HOBBIES_1_001,8.26,1.0,1.3891627514337146
2016-03-27,CA_1,HOBBIES_1_001,8.26,1.0,0.9904323142511177
2016-03-28,CA_1,HOBBIES_1_001,8.26,0.0,0.8268067473722642
2016-03-29,CA_1,HOBBIES_1_001,8.26,0.0,0.8722003347321052
2016-03-30,CA_1,HOBBIES_1_001,8.26,0.0,0.7464279808110813
2016-03-31,CA_1,HOBBIES_1_001,8.26,0.0,0.852379030475532
2016-04-01,CA_1,HOBBIES_1_001,8.26,0.0,0.9841761799564825
2016-04-02,CA_1,HOBBIES_1_001,8.26,1.0,0.9270415470477636
2016-04-03,CA_1,HOBBIES_1_001,8.26,0.0,0.6853201122899915
2016-04-04,CA_1,HOBBIES_1_001,8.26,4.0,0.6625277044362373
2016-04-05,CA_1,HOBBIES_1_001,8.26,2.0,0.6413434016921811
2016-04-06,CA_1,HOBBIES_1_001,8.26,3.0,0.8010956895293441
2016-04-07,CA_1,HOBBIES_1_001,8.26,0.0,1.001284122497184
2016-04-08,CA_1,HOBBIES_1_001,8.26,1.0,1.3505645246328113
2016-04-09,CA_1,HOBBIES_1_001,8.38,2.0,1.2618756926341588
2016-04-10,CA_1,HOBBIES_1_001,8.38,0.0,1.0319267480316667
2016-04-11,CA_1,HOBBIES_1_001,8.38,0.0,1.0117363322667696
2016-04-12,CA_1,HOBBIES_1_001,8.38,0.0,1.0064706914328345
2016-04-13,CA_1,HOBBIES_1_001,8.38,1.0,0.9181259100958028
2016-04-14,CA_1,HOBBIES_1_001,8.38,1.0,0.9836720624151459
2016-04-15,CA_1,HOBBIES_1_001,8.38,3.0,1.160335457225142
2016-04-16,CA_1,HOBBIES_1_001,8.38,0.0,1.077415149536982
2016-04-17,CA_1,HOBBIES_1_001,8.38,1.0,0.9611180000577132
2016-04-18,CA_1,HOBBIES_1_001,8.38,1.0,0.7525208483611019
2016-04-19,CA_1,HOBBIES_1_001,8.38,1.0,0.7674530844597229
2016-04-20,CA_1,HOBBIES_1_001,8.38,3.0,0.7561179373268019
2016-04-21,CA_1,HOBBIES_1_001,8.38,0.0,0.8786767214363594
2016-04-22,CA_1,HOBBIES_1_001,8.38,1.0,1.1921198553760464
2016-04-23,CA_1,HOBBIES_1_001,8.38,1.0,1.1561820078067293
2016-03-26,CA_1,HOBBIES_1_002,3.97,1.0,0.36580807784565633
2016-03-27,CA_1,HOBBIES_1_002,3.97,1.0,0.3123841490169902
2016-03-28,CA_1,HOBBIES_1_002,3.97,0.0,0.3262408565097597
2016-03-29,CA_1,HOBBIES_1_002,3.97,0.0,0.32783092637961414
2016-03-30,CA_1,HOBBIES_1_002,3.97,0.0,0.32256528554567926
2016-03-31,CA_1,HOBBIES_1_002,3.97,0.0,0.38740028214489897
2016-04-01,CA_1,HOBBIES_1_002,3.97,0.0,0.4298001986965578
2016-04-02,CA_1,HOBBIES_1_002,3.97,0.0,0.4223396909750436
2016-04-03,CA_1,HOBBIES_1_002,3.97,0.0,0.309345181600687
2016-04-04,CA_1,HOBBIES_1_002,3.97,0.0,0.23973076319970413
2016-04-05,CA_1,HOBBIES_1_002,3.97,0.0,0.18320985731499007
2016-04-06,CA_1,HOBBIES_1_002,3.97,0.0,0.18320985731499007
2016-04-07,CA_1,HOBBIES_1_002,3.97,0.0,0.2394487785805912
2016-04-08,CA_1,HOBBIES_1_002,3.97,0.0,0.2486150593548758
2016-04-09,CA_1,HOBBIES_1_002,3.97,0.0,0.2453980663444499
2016-04-10,CA_1,HOBBIES_1_002,3.97,0.0,0.17219277080214412
2016-04-11,CA_1,HOBBIES_1_002,3.97,0.0,0.15934447909863836
2016-04-12,CA_1,HOBBIES_1_002,3.97,0.0,0.15934447909863836
2016-04-13,CA_1,HOBBIES_1_002,3.97,0.0,0.15934447909863836
2016-04-14,CA_1,HOBBIES_1_002,3.97,0.0,0.20390317125801344
2016-04-15,CA_1,HOBBIES_1_002,3.97,0.0,0.24201210613621338
2016-04-16,CA_1,HOBBIES_1_002,3.97,0.0,0.2387951131257875
2016-04-17,CA_1,HOBBIES_1_002,3.97,0.0,0.17219277080214412
2016-04-18,CA_1,HOBBIES_1_002,3.97,0.0,0.15934447909863836
2016-04-19,CA_1,HOBBIES_1_002,3.97,1.0,0.15934447909863836
2016-04-20,CA_1,HOBBIES_1_002,3.97,0.0,0.15934447909863836
2016-04-21,CA_1,HOBBIES_1_002,3.97,0.0,0.2482130101937766
2016-04-22,CA_1,HOBBIES_1_002,3.97,0.0,0.28371913484620553
2016-04-23,CA_1,HOBBIES_1_002,3.97,0.0,0.25275079194333383
2016-03-26,CA_1,HOBBIES_1_003,2.97,0.0,0.6147598073161697
2016-03-27,CA_1,HOBBIES_1_003,2.97,0.0,0.48183982788641744
2016-03-28,CA_1,HOBBIES_1_003,2.97,0.0,0.447146522358201
2016-03-29,CA_1,HOBBIES_1_003,2.97,0.0,0.447146522358201
2016-03-30,CA_1,HOBBIES_1_003,2.97,0.0,0.447146522358201
2016-03-31,CA_1,HOBBIES_1_003,2.97,0.0,0.533085509043915
2016-04-01,CA_1,HOBBIES_1_003,2.97,0.0,0.6476657944024518
2016-04-02,CA_1,HOBBIES_1_003,2.97,1.0,0.6097011061884564
2016-04-03,CA_1,HOBBIES_1_003,2.97,0.0,0.2702252837991833
2016-04-04,CA_1,HOBBIES_1_003,2.97,0.0,0.2989928358425515
2016-04-05,CA_1,HOBBIES_1_003,2.97,0.0,0.2651558841961477
2016-04-06,CA_1,HOBBIES_1_003,2.97,1.0,0.21778926421565986
2016-04-07,CA_1,HOBBIES_1_003,2.97,0.0,0.27260619283778265
2016-04-08,CA_1,HOBBIES_1_003,2.97,0.0,0.4157768663382217
2016-04-09,CA_1,HOBBIES_1_003,2.97,0.0,0.38989037135491705
2016-04-10,CA_1,HOBBIES_1_003,2.97,0.0,0.2602607739972058
2016-04-11,CA_1,HOBBIES_1_003,2.97,0.0,0.2172108449782477
2016-04-12,CA_1,HOBBIES_1_003,2.97,1.0,0.2172108449782477
2016-04-13,CA_1,HOBBIES_1_003,2.97,2.0,0.2172108449782477
2016-04-14,CA_1,HOBBIES_1_003,2.97,2.0,0.3140775300041404
2016-04-15,CA_1,HOBBIES_1_003,2.97,1.0,0.4733666487328207
2016-04-16,CA_1,HOBBIES_1_003,2.97,2.0,0.5210382296381176
2016-04-17,CA_1,HOBBIES_1_003,2.97,1.0,0.42043751714293476
2016-04-18,CA_1,HOBBIES_1_003,2.97,1.0,0.5353687263146215
2016-04-19,CA_1,HOBBIES_1_003,2.97,1.0,0.5667665016028212
2016-04-20,CA_1,HOBBIES_1_003,2.97,0.0,0.5974880516311535
2016-04-21,CA_1,HOBBIES_1_003,2.97,1.0,0.6878078082195767
2016-04-22,CA_1,HOBBIES_1_003,2.97,1.0,0.7813930650354979
2016-04-23,CA_1,HOBBIES_1_003,2.97,1.0,0.7428060732693761
2016-03-26,CA_1,HOBBIES_1_004,4.64,6.0,2.3286544471722395
2016-03-27,CA_1,HOBBIES_1_004,4.64,0.0,2.096940688899881
2016-03-28,CA_1,HOBBIES_1_004,4.64,0.0,1.7315139464929183
2016-03-29,CA_1,HOBBIES_1_004,4.64,0.0,1.7493268634382368
2016-03-30,CA_1,HOBBIES_1_004,4.64,0.0,1.757629204025841
2016-03-31,CA_1,HOBBIES_1_004,4.64,3.0,1.9994482434920087
2016-04-01,CA_1,HOBBIES_1_004,4.64,1.0,2.271141202111942
2016-04-02,CA_1,HOBBIES_1_004,4.64,2.0,2.621744265083995
2016-04-03,CA_1,HOBBIES_1_004,4.64,1.0,1.8283871128725206
2016-04-04,CA_1,HOBBIES_1_004,4.64,3.0,1.3439207177543169
2016-04-05,CA_1,HOBBIES_1_004,4.64,1.0,1.316168958562967
2016-04-06,CA_1,HOBBIES_1_004,4.64,0.0,1.4178306079047132
2016-04-07,CA_1,HOBBIES_1_004,4.64,2.0,1.8952344103004979
2016-04-08,CA_1,HOBBIES_1_004,4.64,5.0,2.299499486771113
2016-04-09,CA_1,HOBBIES_1_004,4.64,4.0,2.799819917371695
2016-04-10,CA_1,HOBBIES_1_004,4.64,2.0,1.9538904295473882
2016-04-11,CA_1,HOBBIES_1_004,4.64,0.0,1.773267104465837
2016-04-12,CA_1,HOBBIES_1_004,4.64,3.0,1.786855080760854
2016-04-13,CA_1,HOBBIES_1_004,4.64,0.0,1.7526175572459317
2016-04-14,CA_1,HOBBIES_1_004,4.64,1.0,2.216311009723316
2016-04-15,CA_1,HOBBIES_1_004,4.64,0.0,2.6528775251689383
2016-04-16,CA_1,HOBBIES_1_004,4.64,5.0,2.6824798509394236
2016-04-17,CA_1,HOBBIES_1_004,4.64,4.0,1.7177747794132356
2016-04-18,CA_1,HOBBIES_1_004,4.64,1.0,1.6544116876584578
2016-04-19,CA_1,HOBBIES_1_004,4.64,0.0,1.6593922875443308
2016-04-20,CA_1,HOBBIES_1_004,4.64,1.0,1.7129870765338933
2016-04-21,CA_1,HOBBIES_1_004,4.64,3.0,1.9479686996921466
2016-04-22,CA_1,HOBBIES_1_004,4.64,7.0,2.2046737042973295
2016-04-23,CA_1,HOBBIES_1_004,4.64,2.0,2.6465204859896896
2016-03-26,CA_1,HOBBIES_1_005,2.88,0.0,1.3799489638398545
2016-03-27,CA_1,HOBBIES_1_005,2.88,1.0,1.0348806190655775
2016-03-28,CA_1,HOBBIES_1_005,2.88,0.0,0.8772825342479887
2016-03-29,CA_1,HOBBIES_1_005,2.88,4.0,0.8815816663028773
2016-03-30,CA_1,HOBBIES_1_005,2.88,4.0,0.7780553746098862
2016-03-31,CA_1,HOBBIES_1_005,2.88,0.0,1.0573322299695431
2016-04-01,CA_1,HOBBIES_1_005,2.88,1.0,1.4443686230841892
2016-04-02,CA_1,HOBBIES_1_005,2.88,4.0,1.413799267714047
2016-04-03,CA_1,HOBBIES_1_005,2.88,0.0,1.11109783291421
2016-04-04,CA_1,HOBBIES_1_005,2.88,1.0,1.2481793148191362
2016-04-05,CA_1,HOBBIES_1_005,2.88,0.0,1.1843019345384185
2016-04-06,CA_1,HOBBIES_1_005,2.88,1.0,1.1948289799713407
2016-04-07,CA_1,HOBBIES_1_005,2.88,0.0,1.3187847836974387
2016-04-08,CA_1,HOBBIES_1_005,2.88,1.0,1.5461135201102691
2016-04-09,CA_1,HOBBIES_1_005,2.88,1.0,1.3824511062865936
2016-04-10,CA_1,HOBBIES_1_005,2.88,2.0,1.067477664607603
2016-04-11,CA_1,HOBBIES_1_005,2.88,0.0,0.9111347340231336
2016-04-12,CA_1,HOBBIES_1_005,2.88,1.0,0.9321804229343996
2016-04-13,CA_1,HOBBIES_1_005,2.88,1.0,0.9119867822367916
2016-04-14,CA_1,HOBBIES_1_005,2.88,2.0,1.110795098126399
2016-04-15,CA_1,HOBBIES_1_005,2.88,1.0,1.3479825624981991
2016-04-16,CA_1,HOBBIES_1_005,2.88,1.0,1.41589011163528
2016-04-17,CA_1,HOBBIES_1_005,2.88,0.0,1.03142337654818
2016-04-18,CA_1,HOBBIES_1_005,2.88,1.0,0.9564811736466758
2016-04-19,CA_1,HOBBIES_1_005,2.88,1.0,0.8260913180503557
2016-04-20,CA_1,HOBBIES_1_005,2.88,2.0,0.8157200279527714
2016-04-21,CA_1,HOBBIES_1_005,2.88,2.0,0.9486458821802968
2016-04-22,CA_1,HOBBIES_1_005,2.88,2.0,1.3273484486647178
2016-04-23,CA_1,HOBBIES_1_005,2.88,4.0,1.3652629167299155
2016-03-26,CA_1,HOBBIES_1_006,0.96,2.0,1.3399212806619065
2016-03-27,CA_1,HOBBIES_1_006,0.96,0.0,1.1168865498495173
2016-03-28,CA_1,HOBBIES_1_006,0.96,1.0,1.1639956094728903
2016-03-29,CA_1,HOBBIES_1_006,0.96,3.0,1.1441229682165255
2016-03-30,CA_1,HOBBIES_1_006,0.96,0.0,1.1639956094728903
2016-03-31,CA_1,HOBBIES_1_006,0.96,0.0,1.450481864337432
2016-04-01,CA_1,HOBBIES_1_006,0.96,0.0,1.5253461943973394
2016-04-02,CA_1,HOBBIES_1_006,0.96,0.0,1.4799061747611197
2016-04-03,CA_1,HOBBIES_1_006,0.96,0.0,0.9843271414692768
2016-04-04,CA_1,HOBBIES_1_006,0.96,0.0,0.9604466291715472
2016-04-05,CA_1,HOBBIES_1_006,0.96,3.0,0.9604466291715472
2016-04-06,CA_1,HOBBIES_1_006,0.96,0.0,0.9604466291715472
2016-04-07,CA_1,HOBBIES_1_006,0.96,1.0,1.2434803446782
2016-04-08,CA_1,HOBBIES_1_006,0.96,0.0,1.2830724513357286
2016-04-09,CA_1,HOBBIES_1_006,0.96,0.0,1.386432248381003
2016-04-10,CA_1,HOBBIES_1_006,0.96,1.0,0.8365084503739055
2016-04-11,CA_1,HOBBIES_1_006,0.96,4.0,0.8428314163772214
2016-04-12,CA_1,HOBBIES_1_006,0.96,0.0,0.9312442565067345
2016-04-13,CA_1,HOBBIES_1_006,0.96,0.0,1.1151606121377244
2016-04-14,CA_1,HOBBIES_1_006,0.96,0.0,1.2102274102807733
2016-04-15,CA_1,HOBBIES_1_006,0.96,1.0,1.1541170990702925
2016-04-16,CA_1,HOBBIES_1_006,0.96,0.0,1.0931685460161669
2016-04-17,CA_1,HOBBIES_1_006,0.96,1.0,0.892559416126789
2016-04-18,CA_1,HOBBIES_1_006,0.96,0.0,0.8819006339035129
2016-04-19,CA_1,HOBBIES_1_006,0.96,0.0,0.9017732751598773
2016-04-20,CA_1,HOBBIES_1_006,0.96,0.0,0.7519067705611706
2016-04-21,CA_1,HOBBIES_1_006,0.96,2.0,0.8409723249914781
2016-04-22,CA_1,HOBBIES_1_006,0.96,0.0,0.9294107903647182
2016-04-23,CA_1,HOBBIES_1_006,0.96,0.0,0.9741508864490338
2016-03-26,CA_1,HOBBIES_1_007,7.88,0.0,0.5006505769070128
2016-03-27,CA_1,HOBBIES_1_007,7.88,1.0,0.3819120766582621
2016-03-28,CA_1,HOBBIES_1_007,7.88,2.0,0.3586927329054285
2016-03-29,CA_1,HOBBIES_1_007,7.88,0.0,0.3639583737393635
2016-03-30,CA_1,HOBBIES_1_007,7.88,0.0,0.44759605171517597
2016-03-31,CA_1,HOBBIES_1_007,7.88,1.0,0.5129136544428241
2016-04-01,CA_1,HOBBIES_1_007,7.88,0.0,0.5648121900329843
2016-04-02,CA_1,HOBBIES_1_007,7.88,0.0,0.616221781713209
2016-04-03,CA_1,HOBBIES_1_007,7.88,0.0,0.465032499644651
2016-04-04,CA_1,HOBBIES_1_007,7.88,0.0,0.4238808677320626
2016-04-05,CA_1,HOBBIES_1_007,7.88,0.0,0.4196373530209743
2016-04-06,CA_1,HOBBIES_1_007,7.88,0.0,0.365946321469424
2016-04-07,CA_1,HOBBIES_1_007,7.88,0.0,0.4365295650310073
2016-04-08,CA_1,HOBBIES_1_007,7.88,1.0,0.5111211584814336
2016-04-09,CA_1,HOBBIES_1_007,7.88,1.0,0.42799925646358505
2016-04-10,CA_1,HOBBIES_1_007,7.88,0.0,0.3269648733624818
2016-04-11,CA_1,HOBBIES_1_007,7.88,1.0,0.3424139644459489
2016-04-12,CA_1,HOBBIES_1_007,7.88,0.0,0.3371483236120139
2016-04-13,CA_1,HOBBIES_1_007,7.88,0.0,0.3867051135574781
2016-04-14,CA_1,HOBBIES_1_007,7.88,0.0,0.42303464685903786
2016-04-15,CA_1,HOBBIES_1_007,7.88,0.0,0.47791438420759513
2016-04-16,CA_1,HOBBIES_1_007,7.88,0.0,0.40881551112145
2016-04-17,CA_1,HOBBIES_1_007,7.88,1.0,0.30939111070285363
2016-04-18,CA_1,HOBBIES_1_007,7.88,0.0,0.2610401943061748
2016-04-19,CA_1,HOBBIES_1_007,7.88,1.0,0.2972501268735453
2016-04-20,CA_1,HOBBIES_1_007,7.88,0.0,0.2610401943061748
2016-04-21,CA_1,HOBBIES_1_007,7.88,0.0,0.37789844208243023
2016-04-22,CA_1,HOBBIES_1_007,7.88,1.0,0.38928576431376083
2016-04-23,CA_1,HOBBIES_1_007,7.88,1.0,0.38606877130333495
2016-03-26,CA_1,HOBBIES_1_008,0.48,0.0,6.175622289276905
2016-03-27,CA_1,HOBBIES_1_008,0.48,0.0,4.738584716073034
2016-03-28,CA_1,HOBBIES_1_008,0.48,11.0,4.906717703673019
2016-03-29,CA_1,HOBBIES_1_008,0.48,5.0,4.314635944947242
2016-03-30,CA_1,HOBBIES_1_008,0.48,2.0,5.589687667006247
2016-03-31,CA_1,HOBBIES_1_008,0.48,12.0,6.312486324617076
2016-04-01,CA_1,HOBBIES_1_008,0.48,38.0,7.405600795090911
2016-04-02,CA_1,HOBBIES_1_008,0.48,22.0,7.715146115685464
2016-04-03,CA_1,HOBBIES_1_008,0.48,2.0,8.111179815237566
2016-04-04,CA_1,HOBBIES_1_008,0.48,0.0,6.216901714862684
2016-04-05,CA_1,HOBBIES_1_008,0.48,10.0,6.979969453752728
2016-04-06,CA_1,HOBBIES_1_008,0.48,26.0,6.251518983413037
2016-04-07,CA_1,HOBBIES_1_008,0.48,8.0,8.244402629228043
2016-04-08,CA_1,HOBBIES_1_008,0.48,12.0,8.853595416846517
2016-04-09,CA_1,HOBBIES_1_008,0.48,4.0,5.986884317982757
2016-04-10,CA_1,HOBBIES_1_008,0.48,5.0,8.6512615422748
2016-04-11,CA_1,HOBBIES_1_008,0.48,2.0,7.074889825842465
2016-04-12,CA_1,HOBBIES_1_008,0.48,8.0,7.696341693652608
2016-04-13,CA_1,HOBBIES_1_008,0.48,4.0,7.435918747351656
2016-04-14,CA_1,HOBBIES_1_008,0.48,0.0,7.343322737414514
2016-04-15,CA_1,HOBBIES_1_008,0.48,0.0,8.982064999726912
2016-04-16,CA_1,HOBBIES_1_008,0.48,1.0,8.240775591510497
2016-04-17,CA_1,HOBBIES_1_008,0.48,37.0,6.391124986422343
2016-04-18,CA_1,HOBBIES_1_008,0.48,3.0,7.573646318787728
2016-04-19,CA_1,HOBBIES_1_008,0.48,4.0,8.473157508791262
2016-04-20,CA_1,HOBBIES_1_008,0.48,6.0,6.647556441189299
2016-04-21,CA_1,HOBBIES_1_008,0.48,3.0,8.334716882485091
2016-04-22,CA_1,HOBBIES_1_008,0.48,2.0,9.41063845473091
2016-04-23,CA_1,HOBBIES_1_008,0.48,1.0,9.52267684309721
2016-03-26,CA_1,HOBBIES_1_009,1.77,0.0,0.3535813984519409
2016-03-27,CA_1,HOBBIES_1_009,1.77,0.0,0.2739166575786515
2016-03-28,CA_1,HOBBIES_1_009,1.77,2.0,0.26293863352450175
2016-03-29,CA_1,HOBBIES_1_009,1.77,0.0,0.26293863352450175
2016-03-30,CA_1,HOBBIES_1_009,1.77,1.0,0.43536111409826533
2016-03-31,CA_1,HOBBIES_1_009,1.77,2.0,0.4401428548400381
2016-04-01,CA_1,HOBBIES_1_009,1.77,0.0,0.5809470645404798
2016-04-02,CA_1,HOBBIES_1_009,1.77,3.0,0.6767388080629784
2016-04-03,CA_1,HOBBIES_1_009,1.77,0.0,0.49828630745521607
2016-04-04,CA_1,HOBBIES_1_009,1.77,0.0,0.6372997248170406
2016-04-05,CA_1,HOBBIES_1_009,1.77,0.0,0.6223919094814095
2016-04-06,CA_1,HOBBIES_1_009,1.77,0.0,0.5474639638637689
2016-04-07,CA_1,HOBBIES_1_009,1.77,0.0,0.6239763230771609
2016-04-08,CA_1,HOBBIES_1_009,1.77,1.0,0.7413556430170801
2016-04-09,CA_1,HOBBIES_1_009,1.77,1.0,0.7137876756891489
2016-04-10,CA_1,HOBBIES_1_009,1.77,0.0,0.5622696361648576
2016-04-11,CA_1,HOBBIES_1_009,1.77,7.0,0.5196458350762351
2016-04-12,CA_1,HOBBIES_1_009,1.77,0.0,0.3812603009627939
2016-04-13,CA_1,HOBBIES_1_009,1.77,0.0,0.5332636315841848
2016-04-14,CA_1,HOBBIES_1_009,1.77,0.0,0.6509624771585399
2016-04-15,CA_1,HOBBIES_1_009,1.77,0.0,0.7899395587373604
2016-04-16,CA_1,HOBBIES_1_009,1.77,1.0,0.7733113393802602
2016-04-17,CA_1,HOBBIES_1_009,1.77,1.0,0.5859194915537166
2016-04-18,CA_1,HOBBIES_1_009,1.77,6.0,0.5899530741528467
2016-04-19,CA_1,HOBBIES_1_009,1.77,0.0,0.6163727629692155
2016-04-20,CA_1,HOBBIES_1_009,1.77,0.0,0.6780364786444413
2016-04-21,CA_1,HOBBIES_1_009,1.77,0.0,0.8264223386964143
2016-04-22,CA_1,HOBBIES_1_009,1.77,0.0,1.0386440917422766
2016-04-23,CA_1,HOBBIES_1_009,1.77,0.0,1.0220158723851762
2016-03-26,CA_1,HOBBIES_1_010,2.97,0.0,0.5646153293244396
2016-03-27,CA_1,HOBBIES_1_010,2.97,0.0,0.4105011990156977
2016-03-28,CA_1,HOBBIES_1_010,2.97,1.0,0.3011883830988667
2016-03-29,CA_1,HOBBIES_1_010,2.97,1.0,0.2735332773064392
2016-03-30,CA_1,HOBBIES_1_010,2.97,1.0,0.344156673414955
2016-03-31,CA_1,HOBBIES_1_010,2.97,1.0,0.44416966422910775
2016-04-01,CA_1,HOBBIES_1_010,2.97,0.0,0.6004949789750439
2016-04-02,CA_1,HOBBIES_1_010,2.97,3.0,0.5977180972055723
2016-04-03,CA_1,HOBBIES_1_010,2.97,2.0,0.4300289781727459
2016-04-04,CA_1,HOBBIES_1_010,2.97,2.0,0.5459642258756334
2016-04-05,CA_1,HOBBIES_1_010,2.97,1.0,0.6573691238655673
2016-04-06,CA_1,HOBBIES_1_010,2.97,0.0,0.6930030267972955
2016-04-07,CA_1,HOBBIES_1_010,2.97,1.0,0.8061645267062325
2016-04-08,CA_1,HOBBIES_1_010,2.97,0.0,0.9342100899136232
2016-04-09,CA_1,HOBBIES_1_010,2.97,0.0,0.946055791935808
2016-04-10,CA_1,HOBBIES_1_010,2.97,1.0,0.7097149766067186
2016-04-11,CA_1,HOBBIES_1_010,2.97,0.0,0.603777002072997
2016-04-12,CA_1,HOBBIES_1_010,2.97,0.0,0.588877989426526
2016-04-13,CA_1,HOBBIES_1_010,2.97,0.0,0.5627283356359355
2016-04-14,CA_1,HOBBIES_1_010,2.97,1.0,0.635682764715864
2016-04-15,CA_1,HOBBIES_1_010,2.97,0.0,0.7757639986603948
2016-04-16,CA_1,HOBBIES_1_010,2.97,0.0,0.7876097006825796
2016-04-17,CA_1,HOBBIES_1_010,2.97,0.0,0.546771882928696
2016-04-18,CA_1,HOBBIES_1_010,2.97,0.0,0.447146522358201
2016-04-19,CA_1,HOBBIES_1_010,2.97,0.0,0.4162022306247654
2016-04-20,CA_1,HOBBIES_1_010,2.97,0.0,0.4162022306247654
2016-04-21,CA_1,HOBBIES_1_010,2.97,2.0,0.5021412173104797
2016-04-22,CA_1,HOBBIES_1_010,2.97,0.0,0.6167215026690163
2016-04-23,CA_1,HOBBIES_1_010,2.97,2.0,0.7382063863058461
2016-03-26,CA_1,HOBBIES_1_011,3.48,0.0,0.3417106270507254
2016-03-27,CA_1,HOBBIES_1_011,3.48,0.0,0.24754315718555528
2016-03-28,CA_1,HOBBIES_1_011,3.48,0.0,0.1930424477485459
2016-03-29,CA_1,HOBBIES_1_011,3.48,0.0,0.16209815601511038
2016-03-30,CA_1,HOBBIES_1_011,3.48,0.0,0.16209815601511038
2016-03-31,CA_1,HOBBIES_1_011,3.48,0.0,0.19826231129728342
2016-04-01,CA_1,HOBBIES_1_011,3.48,0.0,0.24563703000230924
2016-04-02,CA_1,HOBBIES_1_011,3.48,0.0,0.2007130082818915
2016-04-03,CA_1,HOBBIES_1_011,3.48,0.0,0.14235751224868196
2016-04-04,CA_1,HOBBIES_1_011,3.48,0.0,0.1296569111319445
2016-04-05,CA_1,HOBBIES_1_011,3.48,0.0,0.1296569111319445
2016-04-06,CA_1,HOBBIES_1_011,3.48,0.0,0.1296569111319445
2016-04-07,CA_1,HOBBIES_1_011,3.48,0.0,0.16582106641411745
2016-04-08,CA_1,HOBBIES_1_011,3.48,0.0,0.2039300012923174
2016-04-09,CA_1,HOBBIES_1_011,3.48,0.0,0.2007130082818915
2016-04-10,CA_1,HOBBIES_1_011,3.48,0.0,0.14235751224868196
2016-04-11,CA_1,HOBBIES_1_011,3.48,0.0,0.1296569111319445
2016-04-12,CA_1,HOBBIES_1_011,3.48,0.0,0.1296569111319445
2016-04-13,CA_1,HOBBIES_1_011,3.48,0.0,0.1296569111319445
2016-04-14,CA_1,HOBBIES_1_011,3.48,0.0,0.16582106641411745
2016-04-15,CA_1,HOBBIES_1_011,3.48,0.0,0.2039300012923174
2016-04-16,CA_1,HOBBIES_1_011,3.48,1.0,0.2007130082818915
2016-04-17,CA_1,HOBBIES_1_011,3.48,0.0,0.12279971381981848
2016-04-18,CA_1,HOBBIES_1_011,3.48,0.0,0.1478059984201818
2016-04-19,CA_1,HOBBIES_1_011,3.48,0.0,0.12320895687626594
2016-04-20,CA_1,HOBBIES_1_011,3.48,0.0,0.12320895687626594
2016-04-21,CA_1,HOBBIES_1_011,3.48,0.0,0.15937311215843888
2016-04-22,CA_1,HOBBIES_1_011,3.48,0.0,0.2002214015203396
2016-04-23,CA_1,HOBBIES_1_011,3.48,0.0,0.1759476135340939
2016-03-26,CA_1,HOBBIES_1_012,6.52,0.0,0.24746298143751644
2016-03-27,CA_1,HOBBIES_1_012,6.52,1.0,0.2045084672746318
2016-03-28,CA_1,HOBBIES_1_012,6.52,0.0,0.16812455207453456
2016-03-29,CA_1,HOBBIES_1_012,6.52,0.0,0.22626114730278288
2016-03-30,CA_1,HOBBIES_1_012,6.52,0.0,0.22099550646884802
2016-03-31,CA_1,HOBBIES_1_012,6.52,0.0,0.26555419862822327
2016-04-01,CA_1,HOBBIES_1_012,6.52,0.0,0.30937561607382363
2016-04-02,CA_1,HOBBIES_1_012,6.52,0.0,0.30615862306339775
2016-04-03,CA_1,HOBBIES_1_012,6.52,0.0,0.17875990223315474
2016-04-04,CA_1,HOBBIES_1_012,6.52,0.0,0.16812455207453456
2016-04-05,CA_1,HOBBIES_1_012,6.52,1.0,0.13568330719136867
2016-04-06,CA_1,HOBBIES_1_012,6.52,0.0,0.13568330719136867
2016-04-07,CA_1,HOBBIES_1_012,6.52,0.0,0.2398755477287226
2016-04-08,CA_1,HOBBIES_1_012,6.52,0.0,0.27843132434038814
2016-04-09,CA_1,HOBBIES_1_012,6.52,0.0,0.24746298143751644
2016-04-10,CA_1,HOBBIES_1_012,6.52,1.0,0.17875990223315474
2016-04-11,CA_1,HOBBIES_1_012,6.52,0.0,0.16812455207453456
2016-04-12,CA_1,HOBBIES_1_012,6.52,0.0,0.22626114730278288
2016-04-13,CA_1,HOBBIES_1_012,6.52,0.0,0.22099550646884802
2016-04-14,CA_1,HOBBIES_1_012,6.52,0.0,0.23460990689478772
2016-04-15,CA_1,HOBBIES_1_012,6.52,0.0,0.27843132434038814
2016-04-16,CA_1,HOBBIES_1_012,6.52,1.0,0.27521433132996226
2016-04-17,CA_1,HOBBIES_1_012,6.52,0.0,0.17875990223315474
2016-04-18,CA_1,HOBBIES_1_012,6.52,0.0,0.22626114730278288
2016-04-19,CA_1,HOBBIES_1_012,6.52,0.0,0.19005121473541267
2016-04-20,CA_1,HOBBIES_1_012,6.52,1.0,0.19005121473541267
2016-04-21,CA_1,HOBBIES_1_012,6.52,0.0,0.23460990689478772
2016-04-22,CA_1,HOBBIES_1_012,6.52,0.0,0.32958326319624337
2016-04-23,CA_1,HOBBIES_1_012,6.52,0.0,0.3127615762820601
2016-03-26,CA_1,HOBBIES_1_013,1.97,0.0,0.5259085584637807
2016-03-27,CA_1,HOBBIES_1_013,1.97,0.0,0.3981804180876435
2016-03-28,CA_1,HOBBIES_1_013,1.97,0.0,0.34215682196117975
2016-03-29,CA_1,HOBBIES_1_013,1.97,0.0,0.34215682196117975
2016-03-30,CA_1,HOBBIES_1_013,1.97,1.0,0.3194100821430647
2016-03-31,CA_1,HOBBIES_1_013,1.97,0.0,0.3256285079432464
2016-04-01,CA_1,HOBBIES_1_013,1.97,1.0,0.40891223560633444
2016-04-02,CA_1,HOBBIES_1_013,1.97,2.0,0.3830257406230298
2016-04-03,CA_1,HOBBIES_1_013,1.97,0.0,0.31607138988531047
2016-04-04,CA_1,HOBBIES_1_013,1.97,0.0,0.37443611388516634
2016-04-05,CA_1,HOBBIES_1_013,1.97,0.0,0.3639090684522441
2016-04-06,CA_1,HOBBIES_1_013,1.97,0.0,0.3639090684522441
2016-04-07,CA_1,HOBBIES_1_013,1.97,0.0,0.43297776753296124
2016-04-08,CA_1,HOBBIES_1_013,1.97,1.0,0.5160372307268491
2016-04-09,CA_1,HOBBIES_1_013,1.97,0.0,0.509016834246289
2016-04-10,CA_1,HOBBIES_1_013,1.97,1.0,0.40704395649830083
2016-04-11,CA_1,HOBBIES_1_013,1.97,0.0,0.3336296279820327
2016-04-12,CA_1,HOBBIES_1_013,1.97,0.0,0.3966453744418052
2016-04-13,CA_1,HOBBIES_1_013,1.97,1.0,0.38611832900888293
2016-04-14,CA_1,HOBBIES_1_013,1.97,2.0,0.4059875130037579
2016-04-15,CA_1,HOBBIES_1_013,1.97,0.0,0.5517950534470856
2016-04-16,CA_1,HOBBIES_1_013,1.97,2.0,0.6198605724270885
2016-04-17,CA_1,HOBBIES_1_013,1.97,1.0,0.4300289781727459
2016-04-18,CA_1,HOBBIES_1_013,1.97,0.0,0.5170882041435907
2016-04-19,CA_1,HOBBIES_1_013,1.97,0.0,0.5214689740462994
2016-04-20,CA_1,HOBBIES_1_013,1.97,0.0,0.5065611587106685
2016-04-21,CA_1,HOBBIES_1_013,1.97,0.0,0.5646239747748817
2016-04-22,CA_1,HOBBIES_1_013,1.97,1.0,0.6237743332196105
2016-04-23,CA_1,HOBBIES_1_013,1.97,1.0,0.5853718655666753
2016-03-26,CA_1,HOBBIES_1_014,1.16,4.0,2.405292251027949
2016-03-27,CA_1,HOBBIES_1_014,1.16,3.0,1.871150482731809
2016-03-28,CA_1,HOBBIES_1_014,1.16,0.0,1.7650566825820568
2016-03-29,CA_1,HOBBIES_1_014,1.16,0.0,1.7378826785615618
2016-03-30,CA_1,HOBBIES_1_014,1.16,1.0,1.746146336509414
2016-03-31,CA_1,HOBBIES_1_014,1.16,2.0,2.1474826110883605
2016-04-01,CA_1,HOBBIES_1_014,1.16,1.0,2.5249801381438806
2016-04-02,CA_1,HOBBIES_1_014,1.16,2.0,2.347764790402162
2016-04-03,CA_1,HOBBIES_1_014,1.16,3.0,1.943162177182309
2016-04-04,CA_1,HOBBIES_1_014,1.16,1.0,1.6096280206672757
2016-04-05,CA_1,HOBBIES_1_014,1.16,2.0,1.3958914825946844
2016-04-06,CA_1,HOBBIES_1_014,1.16,5.0,1.459392387357533
2016-04-07,CA_1,HOBBIES_1_014,1.16,2.0,1.8468794051821975
2016-04-08,CA_1,HOBBIES_1_014,1.16,0.0,2.3355985385694726
2016-04-09,CA_1,HOBBIES_1_014,1.16,1.0,2.315332191173003
2016-04-10,CA_1,HOBBIES_1_014,1.16,0.0,1.6224415156653624
2016-04-11,CA_1,HOBBIES_1_014,1.16,0.0,1.4911031827076386
2016-04-12,CA_1,HOBBIES_1_014,1.16,4.0,1.5326017878946
2016-04-13,CA_1,HOBBIES_1_014,1.16,3.0,1.2221957873408313
2016-04-14,CA_1,HOBBIES_1_014,1.16,0.0,1.642240530625179
2016-04-15,CA_1,HOBBIES_1_014,1.16,2.0,1.9577748862660376
2016-04-16,CA_1,HOBBIES_1_014,1.16,2.0,1.861912513752428
2016-04-17,CA_1,HOBBIES_1_014,1.16,1.0,1.5121042373006344
2016-04-18,CA_1,HOBBIES_1_014,1.16,2.0,1.4519809467966358
2016-04-19,CA_1,HOBBIES_1_014,1.16,0.0,1.463749825509526
2016-04-20,CA_1,HOBBIES_1_014,1.16,0.0,1.507452176698133
2016-04-21,CA_1,HOBBIES_1_014,1.16,3.0,1.5334162833092657
2016-04-22,CA_1,HOBBIES_1_014,1.16,1.0,1.7909838984121145
2016-04-23,CA_1,HOBBIES_1_014,1.16,1.0,1.7488538988940265
2016-03-26,CA_1,HOBBIES_1_015,0.7,3.0,4.86854252401741
2016-03-27,CA_1,HOBBIES_1_015,0.7,4.0,3.7818524310832955
2016-03-28,CA_1,HOBBIES_1_015,0.7,0.0,3.6126085312281013
2016-03-29,CA_1,HOBBIES_1_015,0.7,4.0,3.70979176935657
2016-03-30,CA_1,HOBBIES_1_015,0.7,2.0,3.2412150189273707
2016-03-31,CA_1,HOBBIES_1_015,0.7,10.0,3.7599020660087485
2016-04-01,CA_1,HOBBIES_1_015,0.7,0.0,5.1719492512478755
2016-04-02,CA_1,HOBBIES_1_015,0.7,1.0,5.287520429508255
2016-04-03,CA_1,HOBBIES_1_015,0.7,1.0,3.751027985756718
2016-04-04,CA_1,HOBBIES_1_015,0.7,4.0,4.0539378422369845
2016-04-05,CA_1,HOBBIES_1_015,0.7,2.0,3.356791449548345
2016-04-06,CA_1,HOBBIES_1_015,0.7,2.0,3.4514899674684467
2016-04-07,CA_1,HOBBIES_1_015,0.7,3.0,4.153688177590883
2016-04-08,CA_1,HOBBIES_1_015,0.7,10.0,4.961518614596219
2016-04-09,CA_1,HOBBIES_1_015,0.7,2.0,4.1733444652362826
2016-04-10,CA_1,HOBBIES_1_015,0.7,1.0,3.1385803377250903
2016-04-11,CA_1,HOBBIES_1_015,0.7,1.0,3.485096230999618
2016-04-12,CA_1,HOBBIES_1_015,0.7,8.0,3.3614396969986964
2016-04-13,CA_1,HOBBIES_1_015,0.7,3.0,3.407547082658992
2016-04-14,CA_1,HOBBIES_1_015,0.7,1.0,3.7533466154936597
2016-04-15,CA_1,HOBBIES_1_015,0.7,4.0,5.493086581011748
2016-04-16,CA_1,HOBBIES_1_015,0.7,2.0,4.6350308764547306
2016-04-17,CA_1,HOBBIES_1_015,0.7,2.0,3.4137622509264345
2016-04-18,CA_1,HOBBIES_1_015,0.7,1.0,3.4245736553236714
2016-04-19,CA_1,HOBBIES_1_015,0.7,0.0,3.340563784812977
2016-04-20,CA_1,HOBBIES_1_015,0.7,0.0,3.3212361114272255
2016-04-21,CA_1,HOBBIES_1_015,0.7,2.0,3.275145206120867
2016-04-22,CA_1,HOBBIES_1_015,0.7,5.0,4.214737924654362
2016-04-23,CA_1,HOBBIES_1_015,0.7,4.0,4.406490677947899
2016-03-26,CA_1,HOBBIES_1_016,0.7,5.0,6.548928496379864
2016-03-27,CA_1,HOBBIES_1_016,0.7,2.0,4.810713852978266
2016-03-28,CA_1,HOBBIES_1_016,0.7,3.0,4.477037445457765
2016-03-29,CA_1,HOBBIES_1_016,0.7,6.0,5.058762707186666
2016-03-30,CA_1,HOBBIES_1_016,0.7,4.0,4.948498933851091
2016-03-31,CA_1,HOBBIES_1_016,0.7,32.0,5.719951195475288
2016-04-01,CA_1,HOBBIES_1_016,0.7,1.0,6.656815605776822
2016-04-02,CA_1,HOBBIES_1_016,0.7,6.0,4.826986741572499
2016-04-03,CA_1,HOBBIES_1_016,0.7,3.0,4.692614413297249
2016-04-04,CA_1,HOBBIES_1_016,0.7,9.0,4.362615343174885
2016-04-05,CA_1,HOBBIES_1_016,0.7,1.0,4.432164326202752
2016-04-06,CA_1,HOBBIES_1_016,0.7,6.0,5.084982333807133
2016-04-07,CA_1,HOBBIES_1_016,0.7,6.0,5.091412164177278
2016-04-08,CA_1,HOBBIES_1_016,0.7,5.0,7.625448317118816
2016-04-09,CA_1,HOBBIES_1_016,0.7,0.0,7.828713643434385
2016-04-10,CA_1,HOBBIES_1_016,0.7,3.0,6.268639265641099
2016-04-11,CA_1,HOBBIES_1_016,0.7,4.0,5.194769254843719
2016-04-12,CA_1,HOBBIES_1_016,0.7,4.0,6.572870016820655
2016-04-13,CA_1,HOBBIES_1_016,0.7,9.0,5.845037821140837
2016-04-14,CA_1,HOBBIES_1_016,0.7,5.0,6.6416282499398
2016-04-15,CA_1,HOBBIES_1_016,0.7,6.0,8.203287146499386
2016-04-16,CA_1,HOBBIES_1_016,0.7,15.0,7.684694802972137
2016-04-17,CA_1,HOBBIES_1_016,0.7,9.0,6.239142861218323
2016-04-18,CA_1,HOBBIES_1_016,0.7,4.0,5.74643351470793
2016-04-19,CA_1,HOBBIES_1_016,0.7,4.0,5.733314861451368
2016-04-20,CA_1,HOBBIES_1_016,0.7,0.0,6.096514006329627
2016-04-21,CA_1,HOBBIES_1_016,0.7,15.0,7.0500970031095145
2016-04-22,CA_1,HOBBIES_1_016,0.7,1.0,7.494567495895375
2016-04-23,CA_1,HOBBIES_1_016,0.7,6.0,8.017302331508528
2016-03-26,CA_1,HOBBIES_1_017,1.98,0.0,1.2804885006261737
2016-03-27,CA_1,HOBBIES_1_017,1.98,0.0,1.0243779272304745
2016-03-28,CA_1,HOBBIES_1_017,1.98,2.0,0.6687689977956356
2016-03-29,CA_1,HOBBIES_1_017,1.98,0.0,0.61504657445572
2016-03-30,CA_1,HOBBIES_1_017,1.98,1.0,0.7299199934292202
2016-03-31,CA_1,HOBBIES_1_017,1.98,1.0,0.8367351922632134
2016-04-01,CA_1,HOBBIES_1_017,1.98,0.0,1.0688202307709096
2016-04-02,CA_1,HOBBIES_1_017,1.98,2.0,0.9697823794098092
2016-04-03,CA_1,HOBBIES_1_017,1.98,0.0,0.6637959285544388
2016-04-04,CA_1,HOBBIES_1_017,1.98,3.0,0.7430914494837344
2016-04-05,CA_1,HOBBIES_1_017,1.98,2.0,0.6788419807108964
2016-04-06,CA_1,HOBBIES_1_017,1.98,0.0,0.7920252298089631
2016-04-07,CA_1,HOBBIES_1_017,1.98,0.0,1.023797396588786
2016-04-08,CA_1,HOBBIES_1_017,1.98,4.0,1.2228765689897338
2016-04-09,CA_1,HOBBIES_1_017,1.98,3.0,1.096909758435239
2016-04-10,CA_1,HOBBIES_1_017,1.98,0.0,0.9454624378113428
2016-04-11,CA_1,HOBBIES_1_017,1.98,3.0,0.9607538547299842
2016-04-12,CA_1,HOBBIES_1_017,1.98,6.0,0.9502268092970619
2016-04-13,CA_1,HOBBIES_1_017,1.98,2.0,1.0061474420898258
2016-04-14,CA_1,HOBBIES_1_017,1.98,1.0,1.2498512351209
2016-04-15,CA_1,HOBBIES_1_017,1.98,0.0,1.6497795702558833
2016-04-16,CA_1,HOBBIES_1_017,1.98,0.0,1.719306453696905
2016-04-17,CA_1,HOBBIES_1_017,1.98,0.0,1.2246046689288879
2016-04-18,CA_1,HOBBIES_1_017,1.98,0.0,1.01192240138977
2016-04-19,CA_1,HOBBIES_1_017,1.98,0.0,1.01192240138977
2016-04-20,CA_1,HOBBIES_1_017,1.98,0.0,0.9414138888071364
2016-04-21,CA_1,HOBBIES_1_017,1.98,2.0,1.0182872248895791
2016-04-22,CA_1,HOBBIES_1_017,1.98,1.0,1.2136255147985056
2016-04-23,CA_1,HOBBIES_1_017,1.98,6.0,1.2582176895819268
2016-03-26,CA_1,HOBBIES_1_018,11.88,0.0,0.046711686871905085
2016-03-27,CA_1,HOBBIES_1_018,11.88,0.0,0.03408026652079895
2016-03-28,CA_1,HOBBIES_1_018,11.88,0.0,0.027217640812001582
2016-03-29,CA_1,HOBBIES_1_018,11.88,0.0,0.027217640812001582
2016-03-30,CA_1,HOBBIES_1_018,11.88,0.0,0.027217640812001582
2016-03-31,CA_1,HOBBIES_1_018,11.88,0.0,0.03507234807431837
2016-04-01,CA_1,HOBBIES_1_018,11.88,0.0,0.04992867988233097
2016-04-02,CA_1,HOBBIES_1_018,11.88,0.0,0.046711686871905085
2016-04-03,CA_1,HOBBIES_1_018,11.88,0.0,0.03408026652079895
2016-04-04,CA_1,HOBBIES_1_018,11.88,0.0,0.027217640812001582
2016-04-05,CA_1,HOBBIES_1_018,11.88,0.0,0.027217640812001582
2016-04-06,CA_1,HOBBIES_1_018,11.88,0.0,0.027217640812001582
2016-04-07,CA_1,HOBBIES_1_018,11.88,0.0,0.03507234807431837
2016-04-08,CA_1,HOBBIES_1_018,11.88,0.0,0.04992867988233097
2016-04-09,CA_1,HOBBIES_1_018,11.88,0.0,0.046711686871905085
2016-04-10,CA_1,HOBBIES_1_018,11.88,0.0,0.03408026652079895
2016-04-11,CA_1,HOBBIES_1_018,11.88,0.0,0.027217640812001582
2016-04-12,CA_1,HOBBIES_1_018,11.88,0.0,0.027217640812001582
2016-04-13,CA_1,HOBBIES_1_018,11.88,0.0,0.027217640812001582
2016-04-14,CA_1,HOBBIES_1_018,11.88,0.0,0.03507234807431837
2016-04-15,CA_1,HOBBIES_1_018,11.88,0.0,0.04992867988233097
2016-04-16,CA_1,HOBBIES_1_018,11.88,0.0,0.046711686871905085
2016-04-17,CA_1,HOBBIES_1_018,11.88,0.0,0.03408026652079895
2016-04-18,CA_1,HOBBIES_1_018,11.88,0.0,0.027217640812001582
2016-04-19,CA_1,HOBBIES_1_018,11.88,0.0,0.027217640812001582
2016-04-20,CA_1,HOBBIES_1_018,11.88,0.0,0.027217640812001582
2016-04-21,CA_1,HOBBIES_1_018,11.88,0.0,0.03507234807431837
2016-04-22,CA_1,HOBBIES_1_018,11.88,0.0,0.04992867988233097
2016-04-23,CA_1,HOBBIES_1_018,11.88,0.0,0.046711686871905085
2016-03-26,CA_1,HOBBIES_1_019,0.48,0.0,7.630342387187085
2016-03-27,CA_1,HOBBIES_1_019,0.48,5.0,5.181169471287524
2016-03-28,CA_1,HOBBIES_1_019,0.48,8.0,6.097066968854085
2016-03-29,CA_1,HOBBIES_1_019,0.48,5.0,6.30765803009455
2016-03-30,CA_1,HOBBIES_1_019,0.48,21.0,6.683349864526317
2016-03-31,CA_1,HOBBIES_1_019,0.48,5.0,7.201482938791287
2016-04-01,CA_1,HOBBIES_1_019,0.48,3.0,8.02386413588078
2016-04-02,CA_1,HOBBIES_1_019,0.48,24.0,8.888839047794251
2016-04-03,CA_1,HOBBIES_1_019,0.48,6.0,8.344243453745724
2016-04-04,CA_1,HOBBIES_1_019,0.48,25.0,6.212986523542598
2016-04-05,CA_1,HOBBIES_1_019,0.48,4.0,8.108519778946523
2016-04-06,CA_1,HOBBIES_1_019,0.48,6.0,8.546052377305877
2016-04-07,CA_1,HOBBIES_1_019,0.48,16.0,9.632276643641543
2016-04-08,CA_1,HOBBIES_1_019,0.48,5.0,10.0929744412526
2016-04-09,CA_1,HOBBIES_1_019,0.48,10.0,9.17697794988544
2016-04-10,CA_1,HOBBIES_1_019,0.48,24.0,8.068805468509273
2016-04-11,CA_1,HOBBIES_1_019,0.48,6.0,7.763067369217405
2016-04-12,CA_1,HOBBIES_1_019,0.48,5.0,5.697059331437416
2016-04-13,CA_1,HOBBIES_1_019,0.48,6.0,8.932001588579288
2016-04-14,CA_1,HOBBIES_1_019,0.48,3.0,9.89164516551502
2016-04-15,CA_1,HOBBIES_1_019,0.48,31.0,9.856542445615844
2016-04-16,CA_1,HOBBIES_1_019,0.48,30.0,9.36156865958313
2016-04-17,CA_1,HOBBIES_1_019,0.48,0.0,8.981082873123562
2016-04-18,CA_1,HOBBIES_1_019,0.48,5.0,7.247080409047475
2016-04-19,CA_1,HOBBIES_1_019,0.48,0.0,7.173029395093845
2016-04-20,CA_1,HOBBIES_1_019,0.48,11.0,8.554447790322852
2016-04-21,CA_1,HOBBIES_1_019,0.48,4.0,9.353582637828262
2016-04-22,CA_1,HOBBIES_1_019,0.48,6.0,11.390595926243318
2016-04-23,CA_1,HOBBIES_1_019,0.48,12.0,12.91334495064408
2016-03-26,CA_1,HOBBIES_1_020,12.68,0.0,0.3722258860354818
2016-03-27,CA_1,HOBBIES_1_020,12.68,0.0,0.2739363206764266
2016-03-28,CA_1,HOBBIES_1_020,12.68,0.0,0.261566547849108
2016-03-29,CA_1,HOBBIES_1_020,12.68,0.0,0.2388198080309929
2016-03-30,CA_1,HOBBIES_1_020,12.68,1.0,0.2078755162975575
2016-03-31,CA_1,HOBBIES_1_020,12.68,0.0,0.25067090160286065
2016-04-01,CA_1,HOBBIES_1_020,12.68,1.0,0.3311130266870266
2016-04-02,CA_1,HOBBIES_1_020,12.68,1.0,0.3142913397728432
2016-04-03,CA_1,HOBBIES_1_020,12.68,1.0,0.3021812818850116
2016-04-04,CA_1,HOBBIES_1_020,12.68,0.0,0.31422175589807294
2016-04-05,CA_1,HOBBIES_1_020,12.68,0.0,0.31846527060916124
2016-04-06,CA_1,HOBBIES_1_020,12.68,0.0,0.31319962977522636
2016-04-07,CA_1,HOBBIES_1_020,12.68,0.0,0.33268510886704766
2016-04-08,CA_1,HOBBIES_1_020,12.68,0.0,0.37119936433481926
2016-04-09,CA_1,HOBBIES_1_020,12.68,0.0,0.3679823713243934
2016-04-10,CA_1,HOBBIES_1_020,12.68,0.0,0.27526924185986
2016-04-11,CA_1,HOBBIES_1_020,12.68,0.0,0.23195517729910572
2016-04-12,CA_1,HOBBIES_1_020,12.68,0.0,0.19951393241593987
2016-04-13,CA_1,HOBBIES_1_020,12.68,0.0,0.19951393241593987
2016-04-14,CA_1,HOBBIES_1_020,12.68,1.0,0.2423093177212429
2016-04-15,CA_1,HOBBIES_1_020,12.68,1.0,0.2758013040732772
2016-04-16,CA_1,HOBBIES_1_020,12.68,0.0,0.3512059398900823
2016-04-17,CA_1,HOBBIES_1_020,12.68,0.0,0.3021812818850116
2016-04-18,CA_1,HOBBIES_1_020,12.68,0.0,0.286209375246023
2016-04-19,CA_1,HOBBIES_1_020,12.68,0.0,0.2628994690325414
2016-04-20,CA_1,HOBBIES_1_020,12.68,0.0,0.2388198080309929
2016-04-21,CA_1,HOBBIES_1_020,12.68,0.0,0.2816151933362963
2016-04-22,CA_1,HOBBIES_1_020,12.68,0.0,0.2902189663611351
2016-04-23,CA_1,HOBBIES_1_020,12.68,0.0,0.2560576816172738
2016-03-26,CA_1,HOBBIES_1_021,11.88,1.0,0.8629726328356324
2016-03-27,CA_1,HOBBIES_1_021,11.88,0.0,0.5993824714604364
2016-03-28,CA_1,HOBBIES_1_021,11.88,0.0,0.6214833214470863
2016-03-29,CA_1,HOBBIES_1_021,11.88,0.0,0.6162176806131515
2016-03-30,CA_1,HOBBIES_1_021,11.88,1.0,0.5643884365738109
2016-03-31,CA_1,HOBBIES_1_021,11.88,0.0,0.5716797111525194
2016-04-01,CA_1,HOBBIES_1_021,11.88,0.0,0.6063634642312475
2016-04-02,CA_1,HOBBIES_1_021,11.88,0.0,0.5895417773170644
2016-04-03,CA_1,HOBBIES_1_021,11.88,0.0,0.4586684601063262
2016-04-04,CA_1,HOBBIES_1_021,11.88,0.0,0.3830015237277237
2016-04-05,CA_1,HOBBIES_1_021,11.88,0.0,0.378620753825015
2016-04-06,CA_1,HOBBIES_1_021,11.88,0.0,0.378620753825015
2016-04-07,CA_1,HOBBIES_1_021,11.88,0.0,0.4374558745966109
2016-04-08,CA_1,HOBBIES_1_021,11.88,2.0,0.48866927226367285
2016-04-09,CA_1,HOBBIES_1_021,11.88,1.0,0.48545227925324697
2016-04-10,CA_1,HOBBIES_1_021,11.88,0.0,0.47818925582811744
2016-04-11,CA_1,HOBBIES_1_021,11.88,1.0,0.4939710425093609
2016-04-12,CA_1,HOBBIES_1_021,11.88,0.0,0.4543233355246335
2016-04-13,CA_1,HOBBIES_1_021,11.88,1.0,0.49821455722044944
2016-04-14,CA_1,HOBBIES_1_021,11.88,0.0,0.5612106646304329
2016-04-15,CA_1,HOBBIES_1_021,11.88,2.0,0.6791148785578237
2016-04-16,CA_1,HOBBIES_1_021,11.88,3.0,0.6622931916436405
2016-04-17,CA_1,HOBBIES_1_021,11.88,0.0,0.5720651393010859
2016-04-18,CA_1,HOBBIES_1_021,11.88,0.0,0.6290065768647377
2016-04-19,CA_1,HOBBIES_1_021,11.88,0.0,0.6237409360308029
2016-04-20,CA_1,HOBBIES_1_021,11.88,0.0,0.6441280106908611
2016-04-21,CA_1,HOBBIES_1_021,11.88,0.0,0.7258993603597841
2016-04-22,CA_1,HOBBIES_1_021,11.88,1.0,0.5370344654377011
2016-04-23,CA_1,HOBBIES_1_021,11.88,0.0,0.5338174724272752
2016-03-26,CA_1,HOBBIES_1_022,7.18,0.0,0.496538454448703
2016-03-27,CA_1,HOBBIES_1_022,7.18,1.0,0.3523202505247399
2016-03-28,CA_1,HOBBIES_1_022,7.18,0.0,0.3325059234983208
2016-03-29,CA_1,HOBBIES_1_022,7.18,3.0,0.3654266701246833
2016-03-30,CA_1,HOBBIES_1_022,7.18,0.0,0.3601610292907484
2016-03-31,CA_1,HOBBIES_1_022,7.18,0.0,0.5569458260336626
2016-04-01,CA_1,HOBBIES_1_022,7.18,0.0,0.6508756018936273
2016-04-02,CA_1,HOBBIES_1_022,7.18,0.0,0.5630157572452789
2016-04-03,CA_1,HOBBIES_1_022,7.18,0.0,0.42054256351865427
2016-04-04,CA_1,HOBBIES_1_022,7.18,0.0,0.3767253249298908
2016-04-05,CA_1,HOBBIES_1_022,7.18,1.0,0.3724818102188026
2016-04-06,CA_1,HOBBIES_1_022,7.18,0.0,0.3724818102188026
2016-04-07,CA_1,HOBBIES_1_022,7.18,0.0,0.40555870459844157
2016-04-08,CA_1,HOBBIES_1_022,7.18,1.0,0.4324597220038207
2016-04-09,CA_1,HOBBIES_1_022,7.18,2.0,0.42924272899339483
2016-04-10,CA_1,HOBBIES_1_022,7.18,0.0,0.35722861649905246
2016-04-11,CA_1,HOBBIES_1_022,7.18,0.0,0.39121459412918586
2016-04-12,CA_1,HOBBIES_1_022,7.18,1.0,0.38594895329525086
2016-04-13,CA_1,HOBBIES_1_022,7.18,1.0,0.38594895329525086
2016-04-14,CA_1,HOBBIES_1_022,7.18,0.0,0.5016911311585113
2016-04-15,CA_1,HOBBIES_1_022,7.18,0.0,0.6390542377179912
2016-04-16,CA_1,HOBBIES_1_022,7.18,1.0,0.622232550803808
2016-04-17,CA_1,HOBBIES_1_022,7.18,0.0,0.44641966288803125
2016-04-18,CA_1,HOBBIES_1_022,7.18,0.0,0.4436185028647072
2016-04-19,CA_1,HOBBIES_1_022,7.18,1.0,0.41990331888159377
2016-04-20,CA_1,HOBBIES_1_022,7.18,1.0,0.41990331888159377
2016-04-21,CA_1,HOBBIES_1_022,7.18,0.0,0.5158971595966009
2016-04-22,CA_1,HOBBIES_1_022,7.18,0.0,0.6372390267353542
2016-04-23,CA_1,HOBBIES_1_022,7.18,0.0,0.6066099424461396
2016-03-26,CA_1,HOBBIES_1_023,2.97,3.0,0.8710656793586691
2016-03-27,CA_1,HOBBIES_1_023,2.97,1.0,0.7373824465606221
2016-03-28,CA_1,HOBBIES_1_023,2.97,3.0,0.7608582898748065
2016-03-29,CA_1,HOBBIES_1_023,2.97,0.0,0.7641480194264157
2016-03-30,CA_1,HOBBIES_1_023,2.97,0.0,0.9163997195920925
2016-03-31,CA_1,HOBBIES_1_023,2.97,2.0,1.038798528386696
2016-04-01,CA_1,HOBBIES_1_023,2.97,3.0,1.2553749328095198
2016-04-02,CA_1,HOBBIES_1_023,2.97,2.0,1.4268572036303715
2016-04-03,CA_1,HOBBIES_1_023,2.97,1.0,1.1101185099205
2016-04-04,CA_1,HOBBIES_1_023,2.97,0.0,1.0569458958167108
2016-04-05,CA_1,HOBBIES_1_023,2.97,0.0,1.0630103250928897
2016-04-06,CA_1,HOBBIES_1_023,2.97,1.0,0.9582749091418078
2016-04-07,CA_1,HOBBIES_1_023,2.97,0.0,1.1368895843338078
2016-04-08,CA_1,HOBBIES_1_023,2.97,5.0,1.397002133830658
2016-04-09,CA_1,HOBBIES_1_023,2.97,4.0,1.3082849053669185
2016-04-10,CA_1,HOBBIES_1_023,2.97,3.0,1.1833570525881016
2016-04-11,CA_1,HOBBIES_1_023,2.97,0.0,1.2163580023229372
2016-04-12,CA_1,HOBBIES_1_023,2.97,0.0,1.1722605494346285
2016-04-13,CA_1,HOBBIES_1_023,2.97,1.0,1.1700358445893104
2016-04-14,CA_1,HOBBIES_1_023,2.97,0.0,1.4004745038240958
2016-04-15,CA_1,HOBBIES_1_023,2.97,2.0,1.7054891968246295
2016-04-16,CA_1,HOBBIES_1_023,2.97,1.0,1.6267032194099735
2016-04-17,CA_1,HOBBIES_1_023,2.97,3.0,1.306408002290117
2016-04-18,CA_1,HOBBIES_1_023,2.97,0.0,1.0326989703374994
2016-04-19,CA_1,HOBBIES_1_023,2.97,1.0,1.0326989703374994
2016-04-20,CA_1,HOBBIES_1_023,2.97,1.0,1.022171924904577
2016-04-21,CA_1,HOBBIES_1_023,2.97,0.0,1.3170090052472438
2016-04-22,CA_1,HOBBIES_1_023,2.97,4.0,1.554196469619044
2016-04-23,CA_1,HOBBIES_1_023,2.97,1.0,1.5283099746357391
2016-03-26,CA_1,HOBBIES_1_024,8.56,0.0,0.15210395489777834
2016-03-27,CA_1,HOBBIES_1_024,8.56,0.0,0.11220698299770206
2016-03-28,CA_1,HOBBIES_1_024,8.56,0.0,0.0965281421919044
2016-03-29,CA_1,HOBBIES_1_024,8.56,0.0,0.0965281421919044
2016-03-30,CA_1,HOBBIES_1_024,8.56,0.0,0.0965281421919044
2016-03-31,CA_1,HOBBIES_1_024,8.56,0.0,0.13356673394940122
2016-04-01,CA_1,HOBBIES_1_024,8.56,0.0,0.15532094790820422
2016-04-02,CA_1,HOBBIES_1_024,8.56,0.0,0.15210395489777834
2016-04-03,CA_1,HOBBIES_1_024,8.56,0.0,0.11220698299770206
2016-04-04,CA_1,HOBBIES_1_024,8.56,0.0,0.0965281421919044
2016-04-05,CA_1,HOBBIES_1_024,8.56,0.0,0.0965281421919044
2016-04-06,CA_1,HOBBIES_1_024,8.56,0.0,0.0965281421919044
2016-04-07,CA_1,HOBBIES_1_024,8.56,0.0,0.1125099389735813
2016-04-08,CA_1,HOBBIES_1_024,8.56,0.0,0.1342641529323845
2016-04-09,CA_1,HOBBIES_1_024,8.56,0.0,0.13104715992195862
2016-04-10,CA_1,HOBBIES_1_024,8.56,0.0,0.09115018802188223
2016-04-11,CA_1,HOBBIES_1_024,8.56,0.0,0.07547134721608462
2016-04-12,CA_1,HOBBIES_1_024,8.56,0.0,0.07547134721608462
2016-04-13,CA_1,HOBBIES_1_024,8.56,1.0,0.07547134721608462
2016-04-14,CA_1,HOBBIES_1_024,8.56,0.0,0.05259558165789289
2016-04-15,CA_1,HOBBIES_1_024,8.56,0.0,0.2205201672795693
2016-04-16,CA_1,HOBBIES_1_024,8.56,0.0,0.203698480365386
2016-04-17,CA_1,HOBBIES_1_024,8.56,0.0,0.15144266191083386
2016-04-18,CA_1,HOBBIES_1_024,8.56,0.0,0.1388568838326863
2016-04-19,CA_1,HOBBIES_1_024,8.56,0.0,0.1388568838326863
2016-04-20,CA_1,HOBBIES_1_024,8.56,0.0,0.1388568838326863
2016-04-21,CA_1,HOBBIES_1_024,8.56,2.0,0.17589547559018287
2016-04-22,CA_1,HOBBIES_1_024,8.56,0.0,0.1342641529323845
2016-04-23,CA_1,HOBBIES_1_024,8.56,0.0,0.280136461208191
2016-03-26,CA_1,HOBBIES_1_025,3.98,1.0,0.6543167405167699
2016-03-27,CA_1,HOBBIES_1_025,3.98,0.0,0.4745504532064271
2016-03-28,CA_1,HOBBIES_1_025,3.98,0.0,0.4497337820138075
2016-03-29,CA_1,HOBBIES_1_025,3.98,0.0,0.4444681411798726
2016-03-30,CA_1,HOBBIES_1_025,3.98,0.0,0.4216378281279854
2016-03-31,CA_1,HOBBIES_1_025,3.98,0.0,0.4199024572283664
2016-04-01,CA_1,HOBBIES_1_025,3.98,1.0,0.4569553803607677
2016-04-02,CA_1,HOBBIES_1_025,3.98,2.0,0.43781972544022024
2016-04-03,CA_1,HOBBIES_1_025,3.98,1.0,0.3461267921114448
2016-04-04,CA_1,HOBBIES_1_025,3.98,0.0,0.367161179371075
2016-04-05,CA_1,HOBBIES_1_025,3.98,1.0,0.3929491033755775
2016-04-06,CA_1,HOBBIES_1_025,3.98,0.0,0.3876834625416426
2016-04-07,CA_1,HOBBIES_1_025,3.98,1.0,0.5148047340514824
2016-04-08,CA_1,HOBBIES_1_025,3.98,1.0,0.5665244795217512
2016-04-09,CA_1,HOBBIES_1_025,3.98,1.0,0.5865787756797689
2016-04-10,CA_1,HOBBIES_1_025,3.98,0.0,0.471702105105666
2016-04-11,CA_1,HOBBIES_1_025,3.98,2.0,0.43367786491206567
2016-04-12,CA_1,HOBBIES_1_025,3.98,0.0,0.44433088598825216
2016-04-13,CA_1,HOBBIES_1_025,3.98,0.0,0.49265376588152116
2016-04-14,CA_1,HOBBIES_1_025,3.98,0.0,0.5594268139871167
2016-04-15,CA_1,HOBBIES_1_025,3.98,0.0,0.6553081332700186
2016-04-16,CA_1,HOBBIES_1_025,3.98,0.0,0.6407120466130126
2016-04-17,CA_1,HOBBIES_1_025,3.98,1.0,0.4607430558313961
2016-04-18,CA_1,HOBBIES_1_025,3.98,0.0,0.41480975021999184
2016-04-19,CA_1,HOBBIES_1_025,3.98,0.0,0.44535301211109873
2016-04-20,CA_1,HOBBIES_1_025,3.98,2.0,0.4173406314590488
2016-04-21,CA_1,HOBBIES_1_025,3.98,2.0,0.47116974504176456
2016-04-22,CA_1,HOBBIES_1_025,3.98,2.0,0.6532902188161075
2016-04-23,CA_1,HOBBIES_1_025,3.98,1.0,0.6990860772234163
2016-03-26,CA_1,HOBBIES_1_026,17.97,1.0,0.24945472839861121
2016-03-27,CA_1,HOBBIES_1_026,17.97,0.0,0.19077491943031483
2016-03-28,CA_1,HOBBIES_1_026,17.97,0.0,0.2207984898859883
2016-03-29,CA_1,HOBBIES_1_026,17.97,0.0,0.1845885573186181
2016-03-30,CA_1,HOBBIES_1_026,17.97,0.0,0.1845885573186181
2016-03-31,CA_1,HOBBIES_1_026,17.97,1.0,0.22172824749894532
2016-04-01,CA_1,HOBBIES_1_026,17.97,0.0,0.2592746746276996
2016-04-02,CA_1,HOBBIES_1_026,17.97,0.0,0.3006066672544666
2016-04-03,CA_1,HOBBIES_1_026,17.97,0.0,0.22832216438241254
2016-04-04,CA_1,HOBBIES_1_026,17.97,0.0,0.1845885573186181
2016-04-05,CA_1,HOBBIES_1_026,17.97,0.0,0.1840101380812059
2016-04-06,CA_1,HOBBIES_1_026,17.97,1.0,0.1840101380812059
2016-04-07,CA_1,HOBBIES_1_026,17.97,1.0,0.21512529428028296
2016-04-08,CA_1,HOBBIES_1_026,17.97,0.0,0.3038236602648925
2016-04-09,CA_1,HOBBIES_1_026,17.97,0.0,0.33476066440848795
2016-04-10,CA_1,HOBBIES_1_026,17.97,1.0,0.25118958085831156
2016-04-11,CA_1,HOBBIES_1_026,17.97,1.0,0.2388198080309929
2016-04-12,CA_1,HOBBIES_1_026,17.97,0.0,0.2909118496845911
2016-04-13,CA_1,HOBBIES_1_026,17.97,0.0,0.2951553643956794
2016-04-14,CA_1,HOBBIES_1_026,17.97,0.0,0.33268510886704766
2016-04-15,CA_1,HOBBIES_1_026,17.97,1.0,0.34711970333327113
2016-04-16,CA_1,HOBBIES_1_026,17.97,0.0,0.32115597050473044
2016-04-17,CA_1,HOBBIES_1_026,17.97,0.0,0.3016181154896448
2016-04-18,CA_1,HOBBIES_1_026,17.97,0.0,0.2856462088506561
2016-04-19,CA_1,HOBBIES_1_026,17.97,0.0,0.2388198080309929
2016-04-20,CA_1,HOBBIES_1_026,17.97,0.0,0.2078755162975575
2016-04-21,CA_1,HOBBIES_1_026,17.97,0.0,0.25067090160286065
2016-04-22,CA_1,HOBBIES_1_026,17.97,1.0,0.29342867178172083
2016-04-23,CA_1,HOBBIES_1_026,17.97,0.0,0.29021167877129495
2016-03-26,CA_1,HOBBIES_1_027,19.98,0.0,0.6100776417762144
2016-03-27,CA_1,HOBBIES_1_027,19.98,1.0,0.4692017644733889
2016-03-28,CA_1,HOBBIES_1_027,19.98,0.0,0.4138622422273868
2016-03-29,CA_1,HOBBIES_1_027,19.98,0.0,0.4233713977724101
2016-03-30,CA_1,HOBBIES_1_027,19.98,0.0,0.4138622422273868
2016-03-31,CA_1,HOBBIES_1_027,19.98,0.0,0.47269736299898296
2016-04-01,CA_1,HOBBIES_1_027,19.98,0.0,0.5472889564494097
2016-04-02,CA_1,HOBBIES_1_027,19.98,0.0,0.5213252236208686
2016-04-03,CA_1,HOBBIES_1_027,19.98,1.0,0.34015582229531427
2016-04-04,CA_1,HOBBIES_1_027,19.98,1.0,0.32197333037840553
2016-04-05,CA_1,HOBBIES_1_027,19.98,1.0,0.3654368515097716
2016-04-06,CA_1,HOBBIES_1_027,19.98,2.0,0.41483068639238535
2016-04-07,CA_1,HOBBIES_1_027,19.98,1.0,0.47796300383291795
2016-04-08,CA_1,HOBBIES_1_027,19.98,0.0,0.6132946347866403
2016-04-09,CA_1,HOBBIES_1_027,19.98,0.0,0.6197442370409006
2016-04-10,CA_1,HOBBIES_1_027,19.98,0.0,0.45733393776665054
2016-04-11,CA_1,HOBBIES_1_027,19.98,0.0,0.4391514458497415
2016-04-12,CA_1,HOBBIES_1_027,19.98,0.0,0.4294848505850553
2016-04-13,CA_1,HOBBIES_1_027,19.98,0.0,0.4181057569384751
2016-04-14,CA_1,HOBBIES_1_027,19.98,0.0,0.47269736299898296
2016-04-15,CA_1,HOBBIES_1_027,19.98,0.0,0.49359792489785936
2016-04-16,CA_1,HOBBIES_1_027,19.98,0.0,0.4486739031774415
2016-04-17,CA_1,HOBBIES_1_027,19.98,0.0,0.31080764013979834
2016-04-18,CA_1,HOBBIES_1_027,19.98,1.0,0.24033257040939723
2016-04-19,CA_1,HOBBIES_1_027,19.98,0.0,0.24033257040939723
2016-04-20,CA_1,HOBBIES_1_027,19.98,0.0,0.27803945612649844
2016-04-21,CA_1,HOBBIES_1_027,19.98,0.0,0.3241652759314851
2016-04-22,CA_1,HOBBIES_1_027,19.98,2.0,0.37904501328004225
2016-04-23,CA_1,HOBBIES_1_027,19.98,0.0,0.3376012459863248
2016-03-26,CA_1,HOBBIES_1_028,7.98,2.0,0.6684373315806351
2016-03-27,CA_1,HOBBIES_1_028,7.98,1.0,0.5562376242842879
2016-03-28,CA_1,HOBBIES_1_028,7.98,1.0,0.5561909887240841
2016-03-29,CA_1,HOBBIES_1_028,7.98,1.0,0.5970595552241446
2016-03-30,CA_1,HOBBIES_1_028,7.98,2.0,0.5970595552241446
2016-03-31,CA_1,HOBBIES_1_028,7.98,0.0,0.6868316084703797
2016-04-01,CA_1,HOBBIES_1_028,7.98,0.0,0.9836989861956545
2016-04-02,CA_1,HOBBIES_1_028,7.98,1.0,0.8992703621547753
2016-04-03,CA_1,HOBBIES_1_028,7.98,1.0,0.6537392755966578
2016-04-04,CA_1,HOBBIES_1_028,7.98,0.0,0.6046246285673086
2016-04-05,CA_1,HOBBIES_1_028,7.98,0.0,0.6409225626266698
2016-04-06,CA_1,HOBBIES_1_028,7.98,1.0,0.5896923924686875
2016-04-07,CA_1,HOBBIES_1_028,7.98,1.0,0.6605202787251786
2016-04-08,CA_1,HOBBIES_1_028,7.98,1.0,0.7883028328808951
2016-04-09,CA_1,HOBBIES_1_028,7.98,0.0,0.8235603951959976
2016-04-10,CA_1,HOBBIES_1_028,7.98,0.0,0.5867813176092709
2016-04-11,CA_1,HOBBIES_1_028,7.98,0.0,0.5707482254789434
2016-04-12,CA_1,HOBBIES_1_028,7.98,0.0,0.5665047107678551
2016-04-13,CA_1,HOBBIES_1_028,7.98,1.0,0.5665047107678551
2016-04-14,CA_1,HOBBIES_1_028,7.98,2.0,0.6250747927787161
2016-04-15,CA_1,HOBBIES_1_028,7.98,0.0,0.7571008616455209
2016-04-16,CA_1,HOBBIES_1_028,7.98,0.0,0.7581273833461833
2016-04-17,CA_1,HOBBIES_1_028,7.98,1.0,0.5636523597612598
2016-04-18,CA_1,HOBBIES_1_028,7.98,0.0,0.5178424085215875
2016-04-19,CA_1,HOBBIES_1_028,7.98,1.0,0.544811895077504
2016-04-20,CA_1,HOBBIES_1_028,7.98,1.0,0.5220859232326758
2016-04-21,CA_1,HOBBIES_1_028,7.98,1.0,0.6187405287470967
2016-04-22,CA_1,HOBBIES_1_028,7.98,1.0,0.7727234700031893
2016-04-23,CA_1,HOBBIES_1_028,7.98,1.0,0.7581273833461833
2016-03-26,CA_1,HOBBIES_1_029,8.98,4.0,2.092558051468321
2016-03-27,CA_1,HOBBIES_1_029,8.98,2.0,1.6178820395542326
2016-03-28,CA_1,HOBBIES_1_029,8.98,2.0,1.4156437771080213
2016-03-29,CA_1,HOBBIES_1_029,8.98,0.0,1.440835515374589
2016-03-30,CA_1,HOBBIES_1_029,8.98,3.0,1.4630849355264628
2016-03-31,CA_1,HOBBIES_1_029,8.98,3.0,1.6695423125401883
2016-04-01,CA_1,HOBBIES_1_029,8.98,3.0,1.9701773363902668
2016-04-02,CA_1,HOBBIES_1_029,8.98,0.0,2.0895493649797467
2016-04-03,CA_1,HOBBIES_1_029,8.98,1.0,1.6983415573455525
2016-04-04,CA_1,HOBBIES_1_029,8.98,0.0,1.4233274385748718
2016-04-05,CA_1,HOBBIES_1_029,8.98,1.0,1.399176115624125
2016-04-06,CA_1,HOBBIES_1_029,8.98,0.0,1.2936896673149438
2016-04-07,CA_1,HOBBIES_1_029,8.98,5.0,1.6619721043017401
2016-04-08,CA_1,HOBBIES_1_029,8.98,4.0,1.6808696579145788
2016-04-09,CA_1,HOBBIES_1_029,8.98,0.0,1.8468079788909562
2016-04-10,CA_1,HOBBIES_1_029,8.98,4.0,1.4741178011853422
2016-04-11,CA_1,HOBBIES_1_029,8.98,1.0,1.3868216293641964
2016-04-12,CA_1,HOBBIES_1_029,8.98,1.0,1.394074125789892
2016-04-13,CA_1,HOBBIES_1_029,8.98,0.0,1.4498176247959378
2016-04-14,CA_1,HOBBIES_1_029,8.98,0.0,1.7753825367473357
2016-04-15,CA_1,HOBBIES_1_029,8.98,0.0,1.9769621534928987
2016-04-16,CA_1,HOBBIES_1_029,8.98,5.0,1.8721440113974381
2016-04-17,CA_1,HOBBIES_1_029,8.98,1.0,1.3818045439997533
2016-04-18,CA_1,HOBBIES_1_029,8.98,2.0,1.3084292935778647
2016-04-19,CA_1,HOBBIES_1_029,8.98,1.0,1.3236483406141948
2016-04-20,CA_1,HOBBIES_1_029,8.98,4.0,1.3326076984196702
2016-04-21,CA_1,HOBBIES_1_029,8.98,0.0,1.6620414687453624
2016-04-22,CA_1,HOBBIES_1_029,8.98,0.0,1.9421632103557829
2016-04-23,CA_1,HOBBIES_1_029,8.98,3.0,1.9680998214732033
2016-03-26,CA_1,HOBBIES_1_030,0.7,21.0,5.769942124680401
2016-03-27,CA_1,HOBBIES_1_030,0.7,10.0,4.706357197783956
2016-03-28,CA_1,HOBBIES_1_030,0.7,16.0,4.168166993149079
2016-03-29,CA_1,HOBBIES_1_030,0.7,2.0,4.908346162066794
2016-03-30,CA_1,HOBBIES_1_030,0.7,11.0,4.582071982659618
2016-03-31,CA_1,HOBBIES_1_030,0.7,18.0,5.6574475611857356
2016-04-01,CA_1,HOBBIES_1_030,0.7,0.0,8.826016838114706
2016-04-02,CA_1,HOBBIES_1_030,0.7,0.0,7.933306903072747
2016-04-03,CA_1,HOBBIES_1_030,0.7,0.0,5.347261708063049
2016-04-04,CA_1,HOBBIES_1_030,0.7,0.0,4.311412091273708
2016-04-05,CA_1,HOBBIES_1_030,0.7,0.0,4.321841342200756
2016-04-06,CA_1,HOBBIES_1_030,0.7,0.0,4.46551323032997
2016-04-07,CA_1,HOBBIES_1_030,0.7,0.0,5.270357650108584
2016-04-08,CA_1,HOBBIES_1_030,0.7,19.0,4.903139074354489
2016-04-09,CA_1,HOBBIES_1_030,0.7,4.0,3.40504566735935
2016-04-10,CA_1,HOBBIES_1_030,0.7,25.0,3.9584448834303108
2016-04-11,CA_1,HOBBIES_1_030,0.7,0.0,4.459244786469642
2016-04-12,CA_1,HOBBIES_1_030,0.7,0.0,2.9959504772286567
2016-04-13,CA_1,HOBBIES_1_030,0.7,0.0,3.6390213718947813
2016-04-14,CA_1,HOBBIES_1_030,0.7,0.0,4.543702017427924
2016-04-15,CA_1,HOBBIES_1_030,0.7,0.0,6.506759626337286
2016-04-16,CA_1,HOBBIES_1_030,0.7,12.0,5.162115269670823
2016-04-17,CA_1,HOBBIES_1_030,0.7,0.0,4.292127179141983
2016-04-18,CA_1,HOBBIES_1_030,0.7,8.0,3.7124464811286875
2016-04-19,CA_1,HOBBIES_1_030,0.7,7.0,4.455079998454603
2016-04-20,CA_1,HOBBIES_1_030,0.7,7.0,4.552325608262662
2016-04-21,CA_1,HOBBIES_1_030,0.7,19.0,5.753664517128203
2016-04-22,CA_1,HOBBIES_1_030,0.7,3.0,8.337709753769943
2016-04-23,CA_1,HOBBIES_1_030,0.7,11.0,6.7210474612758855
2016-03-26,CA_2,HOBBIES_1_001,8.26,0.0,0.9076965065559733
2016-03-27,CA_2,HOBBIES_1_001,8.26,0.0,0.838328945641559
2016-03-28,CA_2,HOBBIES_1_001,8.26,3.0,0.6612974662057647
2016-03-29,CA_2,HOBBIES_1_001,8.26,1.0,0.637233274664769
2016-03-30,CA_2,HOBBIES_1_001,8.26,0.0,0.7942572301822327
2016-03-31,CA_2,HOBBIES_1_001,8.26,1.0,0.9189679209710516
2016-04-01,CA_2,HOBBIES_1_001,8.26,1.0,1.0014375645562763
2016-04-02,CA_2,HOBBIES_1_001,8.26,0.0,1.0655476887895239
2016-04-03,CA_2,HOBBIES_1_001,8.26,2.0,0.7700599736902903
2016-04-04,CA_2,HOBBIES_1_001,8.26,0.0,0.7006222932693711
2016-04-05,CA_2,HOBBIES_1_001,8.26,0.0,0.8020341164371219
2016-04-06,CA_2,HOBBIES_1_001,8.26,0.0,0.7030734455725253
2016-04-07,CA_2,HOBBIES_1_001,8.26,0.0,0.7638204422471959
2016-04-08,CA_2,HOBBIES_1_001,8.26,0.0,0.8762631167513756
2016-04-09,CA_2,HOBBIES_1_001,8.38,1.0,0.8688026090298614
2016-04-10,CA_2,HOBBIES_1_001,8.38,0.0,0.6270811742720892
2016-04-11,CA_2,HOBBIES_1_001,8.38,0.0,0.5748189102669673
2016-04-12,CA_2,HOBBIES_1_001,8.38,1.0,0.5082971645383183
2016-04-13,CA_2,HOBBIES_1_001,8.38,0.0,0.4770951933029446
2016-04-14,CA_2,HOBBIES_1_001,8.38,0.0,0.6342791503519237
2016-04-15,CA_2,HOBBIES_1_001,8.38,0.0,0.7162329132456621
2016-04-16,CA_2,HOBBIES_1_001,8.38,1.0,0.7130159202352362
2016-04-17,CA_2,HOBBIES_1_001,8.38,2.0,0.5211287212654282
2016-04-18,CA_2,HOBBIES_1_001,8.38,0.0,0.49584479485942135
2016-04-19,CA_2,HOBBIES_1_001,8.38,4.0,0.5228350493886239
2016-04-20,CA_2,HOBBIES_1_001,8.38,0.0,0.5175694085546891
2016-04-21,CA_2,HOBBIES_1_001,8.38,0.0,0.7213915210876932
2016-04-22,CA_2,HOBBIES_1_001,8.38,2.0,0.8326500170233206
2016-04-23,CA_2,HOBBIES_1_001,8.38,2.0,0.8157976125425566
2016-03-26,CA_2,HOBBIES_1_002,3.97,0.0,0.16111162007338545
2016-03-27,CA_2,HOBBIES_1_002,3.97,0.0,0.10764453921754871
2016-03-28,CA_2,HOBBIES_1_002,3.97,0.0,0.09401210262092895
2016-03-29,CA_2,HOBBIES_1_002,3.97,0.0,0.09401210262092895
2016-03-30,CA_2,HOBBIES_1_002,3.97,0.0,0.07295530764510914
2016-03-31,CA_2,HOBBIES_1_002,3.97,0.0,0.11168931257291666
2016-04-01,CA_2,HOBBIES_1_002,3.97,1.0,0.14327181810799156
2016-04-02,CA_2,HOBBIES_1_002,3.97,0.0,0.14005482509756567
2016-04-03,CA_2,HOBBIES_1_002,3.97,0.0,0.14059485518473486
2016-04-04,CA_2,HOBBIES_1_002,3.97,0.0,0.12645334750409518
2016-04-05,CA_2,HOBBIES_1_002,3.97,0.0,0.12645334750409518
2016-04-06,CA_2,HOBBIES_1_002,3.97,0.0,0.12645334750409518
2016-04-07,CA_2,HOBBIES_1_002,3.97,0.0,0.1651873524319026
2016-04-08,CA_2,HOBBIES_1_002,3.97,0.0,0.20603564179380332
2016-04-09,CA_2,HOBBIES_1_002,3.97,0.0,0.18176185380755763
2016-04-10,CA_2,HOBBIES_1_002,3.97,0.0,0.0865877442417289
2016-04-11,CA_2,HOBBIES_1_002,3.97,0.0,0.07295530764510914
2016-04-12,CA_2,HOBBIES_1_002,3.97,0.0,0.07295530764510914
2016-04-13,CA_2,HOBBIES_1_002,3.97,0.0,0.07295530764510914
2016-04-14,CA_2,HOBBIES_1_002,3.97,0.0,0.11168931257291666
2016-04-15,CA_2,HOBBIES_1_002,3.97,0.0,0.14327181810799156
2016-04-16,CA_2,HOBBIES_1_002,3.97,0.0,0.14005482509756567
2016-04-17,CA_2,HOBBIES_1_002,3.97,0.0,0.0865877442417289
2016-04-18,CA_2,HOBBIES_1_002,3.97,0.0,0.07295530764510914
2016-04-19,CA_2,HOBBIES_1_002,3.97,0.0,0.07295530764510914
2016-04-20,CA_2,HOBBIES_1_002,3.97,0.0,0.07295530764510914
2016-04-21,CA_2,HOBBIES_1_002,3.97,2.0,0.11168931257291666
2016-04-22,CA_2,HOBBIES_1_002,3.97,0.0,0.14327181810799156
2016-04-23,CA_2,HOBBIES_1_002,3.97,0.0,0.299907507958734
2016-03-26,CA_2,HOBBIES_1_003,2.97,0.0,0.4267080458153951
2016-03-27,CA_2,HOBBIES_1_003,2.97,0.0,0.40464283683443353
2016-03-28,CA_2,HOBBIES_1_003,2.97,0.0,0.36741080808974014
2016-03-29,CA_2,HOBBIES_1_003,2.97,0.0,0.36741080808974014
2016-03-30,CA_2,HOBBIES_1_003,2.97,0.0,0.36741080808974014
2016-03-31,CA_2,HOBBIES_1_003,2.97,3.0,0.4278834318368388
2016-04-01,CA_2,HOBBIES_1_003,2.97,1.0,0.48824666703888553
2016-04-02,CA_2,HOBBIES_1_003,2.97,0.0,0.6050434666630805
2016-04-03,CA_2,HOBBIES_1_003,2.97,0.0,0.4450852124676426
2016-04-04,CA_2,HOBBIES_1_003,2.97,3.0,0.3977568701289108
2016-04-05,CA_2,HOBBIES_1_003,2.97,0.0,0.3977568701289108
2016-04-06,CA_2,HOBBIES_1_003,2.97,0.0,0.5555556950567675
2016-04-07,CA_2,HOBBIES_1_003,2.97,0.0,0.6215410088372372
2016-04-08,CA_2,HOBBIES_1_003,2.97,0.0,0.7468846757707098
2016-04-09,CA_2,HOBBIES_1_003,2.97,0.0,0.6707843325352391
2016-04-10,CA_2,HOBBIES_1_003,2.97,0.0,0.4701760396433284
2016-04-11,CA_2,HOBBIES_1_003,2.97,0.0,0.453255645008668
2016-04-12,CA_2,HOBBIES_1_003,2.97,0.0,0.453255645008668
2016-04-13,CA_2,HOBBIES_1_003,2.97,1.0,0.35480258764589734
2016-04-14,CA_2,HOBBIES_1_003,2.97,1.0,0.431314946859289
2016-04-15,CA_2,HOBBIES_1_003,2.97,0.0,0.5788737426771096
2016-04-16,CA_2,HOBBIES_1_003,2.97,3.0,0.6395760140057901
2016-04-17,CA_2,HOBBIES_1_003,2.97,0.0,0.4530408070569136
2016-04-18,CA_2,HOBBIES_1_003,2.97,0.0,0.5576871401339499
2016-04-19,CA_2,HOBBIES_1_003,2.97,0.0,0.5471600947010278
2016-04-20,CA_2,HOBBIES_1_003,2.97,0.0,0.5471600947010278
2016-04-21,CA_2,HOBBIES_1_003,2.97,2.0,0.6330990813867422
2016-04-22,CA_2,HOBBIES_1_003,2.97,1.0,0.7092429066361895
2016-04-23,CA_2,HOBBIES_1_003,2.97,0.0,0.8126381946219313
2016-03-26,CA_2,HOBBIES_1_004,4.64,11.0,2.996715726564979
2016-03-27,CA_2,HOBBIES_1_004,4.64,3.0,2.2311973203482673
2016-03-28,CA_2,HOBBIES_1_004,4.64,2.0,2.257994642771072
2016-03-29,CA_2,HOBBIES_1_004,4.64,5.0,2.6771405599130054
2016-03-30,CA_2,HOBBIES_1_004,4.64,2.0,2.558815301618208
2016-03-31,CA_2,HOBBIES_1_004,4.64,1.0,3.163411854972916
2016-04-01,CA_2,HOBBIES_1_004,4.64,3.0,3.5711645352001162
2016-04-02,CA_2,HOBBIES_1_004,4.64,3.0,3.3002643431649203
2016-04-03,CA_2,HOBBIES_1_004,4.64,2.0,2.7328305600604885
2016-04-04,CA_2,HOBBIES_1_004,4.64,0.0,2.4993951652273223
2016-04-05,CA_2,HOBBIES_1_004,4.64,1.0,2.5203237570165835
2016-04-06,CA_2,HOBBIES_1_004,4.64,4.0,2.244374076848869
2016-04-07,CA_2,HOBBIES_1_004,4.64,10.0,2.745106638427371
2016-04-08,CA_2,HOBBIES_1_004,4.64,3.0,3.228306250479531
2016-04-09,CA_2,HOBBIES_1_004,4.64,3.0,3.549056544720788
2016-04-10,CA_2,HOBBIES_1_004,4.64,2.0,2.8387058614270617
2016-04-11,CA_2,HOBBIES_1_004,4.64,4.0,2.813308651620626
2016-04-12,CA_2,HOBBIES_1_004,4.64,2.0,3.042665153492017
2016-04-13,CA_2,HOBBIES_1_004,4.64,4.0,3.2021891082105123
2016-04-14,CA_2,HOBBIES_1_004,4.64,1.0,3.389378067298092
2016-04-15,CA_2,HOBBIES_1_004,4.64,2.0,3.9964347968338316
2016-04-16,CA_2,HOBBIES_1_004,4.64,1.0,3.5892721104306387
2016-04-17,CA_2,HOBBIES_1_004,4.64,2.0,2.793879590705623
2016-04-18,CA_2,HOBBIES_1_004,4.64,4.0,2.6357424834405214
2016-04-19,CA_2,HOBBIES_1_004,4.64,3.0,2.7305416622731173
2016-04-20,CA_2,HOBBIES_1_004,4.64,0.0,2.634616872313571
2016-04-21,CA_2,HOBBIES_1_004,4.64,3.0,2.9290883875456277
2016-04-22,CA_2,HOBBIES_1_004,4.64,3.0,3.279660118745738
2016-04-23,CA_2,HOBBIES_1_004,4.64,1.0,3.340978866802129
2016-03-26,CA_2,HOBBIES_1_005,2.88,0.0,2.0376490897181982
2016-03-27,CA_2,HOBBIES_1_005,2.88,2.0,1.6334275511487186
2016-03-28,CA_2,HOBBIES_1_005,2.88,2.0,1.3810765671191803
2016-03-29,CA_2,HOBBIES_1_005,2.88,2.0,1.3745027660802385
2016-03-30,CA_2,HOBBIES_1_005,2.88,1.0,1.413989003687737
2016-03-31,CA_2,HOBBIES_1_005,2.88,3.0,1.7750203444398904
2016-04-01,CA_2,HOBBIES_1_005,2.88,2.0,1.9342475870219045
2016-04-02,CA_2,HOBBIES_1_005,2.88,6.0,2.0413779514643533
2016-04-03,CA_2,HOBBIES_1_005,2.88,1.0,1.5466453349393192
2016-04-04,CA_2,HOBBIES_1_005,2.88,2.0,1.545639394057056
2016-04-05,CA_2,HOBBIES_1_005,2.88,0.0,1.4873945188890838
2016-04-06,CA_2,HOBBIES_1_005,2.88,1.0,1.4938531037435834
2016-04-07,CA_2,HOBBIES_1_005,2.88,2.0,1.8080976233847534
2016-04-08,CA_2,HOBBIES_1_005,2.88,3.0,2.105708315213275
2016-04-09,CA_2,HOBBIES_1_005,2.88,1.0,2.100463643200377
2016-04-10,CA_2,HOBBIES_1_005,2.88,2.0,1.6773683616602368
2016-04-11,CA_2,HOBBIES_1_005,2.88,0.0,1.3825070480433355
2016-04-12,CA_2,HOBBIES_1_005,2.88,1.0,1.5817249263193116
2016-04-13,CA_2,HOBBIES_1_005,2.88,0.0,1.3532494108767599
2016-04-14,CA_2,HOBBIES_1_005,2.88,0.0,1.753330916958226
2016-04-15,CA_2,HOBBIES_1_005,2.88,2.0,1.901204108359591
2016-04-16,CA_2,HOBBIES_1_005,2.88,0.0,1.8313529783985967
2016-04-17,CA_2,HOBBIES_1_005,2.88,0.0,1.4297356045121503
2016-04-18,CA_2,HOBBIES_1_005,2.88,0.0,1.234399917299667
2016-04-19,CA_2,HOBBIES_1_005,2.88,0.0,1.0325513523642795
2016-04-20,CA_2,HOBBIES_1_005,2.88,0.0,1.0325513523642795
2016-04-21,CA_2,HOBBIES_1_005,2.88,3.0,1.2343971323419611
2016-04-22,CA_2,HOBBIES_1_005,2.88,1.0,1.4063975961097885
2016-04-23,CA_2,HOBBIES_1_005,2.88,2.0,1.6080584944994625
2016-03-26,CA_2,HOBBIES_1_006,0.96,0.0,1.2437618901971474
2016-03-27,CA_2,HOBBIES_1_006,0.96,0.0,1.0134968481049111
2016-03-28,CA_2,HOBBIES_1_006,0.96,2.0,0.9491156425417185
2016-03-29,CA_2,HOBBIES_1_006,0.96,0.0,0.9436001651424331
2016-03-30,CA_2,HOBBIES_1_006,0.96,0.0,0.9371260328134536
2016-03-31,CA_2,HOBBIES_1_006,0.96,0.0,1.016550193444962
2016-04-01,CA_2,HOBBIES_1_006,0.96,0.0,1.1110738096739052
2016-04-02,CA_2,HOBBIES_1_006,0.96,4.0,1.0739655082006676
2016-04-03,CA_2,HOBBIES_1_006,0.96,0.0,0.7814462753673489
2016-04-04,CA_2,HOBBIES_1_006,0.96,0.0,0.972969146214159
2016-04-05,CA_2,HOBBIES_1_006,0.96,1.0,0.9530965049577946
2016-04-06,CA_2,HOBBIES_1_006,0.96,1.0,1.0005637184919145
2016-04-07,CA_2,HOBBIES_1_006,0.96,0.0,0.9518282938189971
2016-04-08,CA_2,HOBBIES_1_006,0.96,1.0,1.1824607209744078
2016-04-09,CA_2,HOBBIES_1_006,0.96,1.0,1.1095960438403067
2016-04-10,CA_2,HOBBIES_1_006,0.96,0.0,0.909341730976688
2016-04-11,CA_2,HOBBIES_1_006,0.96,0.0,0.837154862326811
2016-04-12,CA_2,HOBBIES_1_006,0.96,0.0,0.7681913358822319
2016-04-13,CA_2,HOBBIES_1_006,0.96,0.0,0.7681913358822319
2016-04-14,CA_2,HOBBIES_1_006,0.96,4.0,0.8572568903125394
2016-04-15,CA_2,HOBBIES_1_006,0.96,1.0,0.9219980366079696
2016-04-16,CA_2,HOBBIES_1_006,0.96,0.0,1.1453524195011702
2016-04-17,CA_2,HOBBIES_1_006,0.96,0.0,0.8793310017480683
2016-04-18,CA_2,HOBBIES_1_006,0.96,0.0,0.8326588506747621
2016-04-19,CA_2,HOBBIES_1_006,0.96,0.0,0.8326588506747621
2016-04-20,CA_2,HOBBIES_1_006,0.96,0.0,0.7835679654865473
2016-04-21,CA_2,HOBBIES_1_006,0.96,0.0,0.9222022553724974
2016-04-22,CA_2,HOBBIES_1_006,0.96,1.0,0.9201289399431428
2016-04-23,CA_2,HOBBIES_1_006,0.96,0.0,0.761941423629384
2016-03-26,CA_2,HOBBIES_1_007,7.88,0.0,0.34776738331407603
2016-03-27,CA_2,HOBBIES_1_007,7.88,0.0,0.2838339024396221
2016-03-28,CA_2,HOBBIES_1_007,7.88,0.0,0.21679144516765414
2016-03-29,CA_2,HOBBIES_1_007,7.88,0.0,0.21679144516765414
2016-03-30,CA_2,HOBBIES_1_007,7.88,0.0,0.21679144516765414
2016-03-31,CA_2,HOBBIES_1_007,7.88,0.0,0.2656792581379689
2016-04-01,CA_2,HOBBIES_1_007,7.88,0.0,0.30322568526672306
2016-04-02,CA_2,HOBBIES_1_007,7.88,0.0,0.2690644005228617
2016-04-03,CA_2,HOBBIES_1_007,7.88,0.0,0.17432513844498657
2016-04-04,CA_2,HOBBIES_1_007,7.88,1.0,0.15340590855105282
2016-04-05,CA_2,HOBBIES_1_007,7.88,0.0,0.15282748931364062
2016-04-06,CA_2,HOBBIES_1_007,7.88,0.0,0.1911127942681537
2016-04-07,CA_2,HOBBIES_1_007,7.88,1.0,0.22813201318587084
2016-04-08,CA_2,HOBBIES_1_007,7.88,1.0,0.26567844031462534
2016-04-09,CA_2,HOBBIES_1_007,7.88,1.0,0.3136133861600547
2016-04-10,CA_2,HOBBIES_1_007,7.88,0.0,0.2838339024396221
2016-04-11,CA_2,HOBBIES_1_007,7.88,0.0,0.2964139605112802
2016-04-12,CA_2,HOBBIES_1_007,7.88,0.0,0.2911483196773452
2016-04-13,CA_2,HOBBIES_1_007,7.88,0.0,0.2628251439647088
2016-04-14,CA_2,HOBBIES_1_007,7.88,0.0,0.3173686520599992
2016-04-15,CA_2,HOBBIES_1_007,7.88,0.0,0.3601264222388593
2016-04-16,CA_2,HOBBIES_1_007,7.88,0.0,0.3341626894103186
2016-04-17,CA_2,HOBBIES_1_007,7.88,0.0,0.22654073707640152
2016-04-18,CA_2,HOBBIES_1_007,7.88,0.0,0.15340590855105282
2016-04-19,CA_2,HOBBIES_1_007,7.88,2.0,0.15340590855105282
2016-04-20,CA_2,HOBBIES_1_007,7.88,0.0,0.15340590855105282
2016-04-21,CA_2,HOBBIES_1_007,7.88,0.0,0.33988587598748876
2016-04-22,CA_2,HOBBIES_1_007,7.88,2.0,0.377378005332414
2016-04-23,CA_2,HOBBIES_1_007,7.88,0.0,0.35008135132044
2016-03-26,CA_2,HOBBIES_1_008,0.48,0.0,4.898156563655864
2016-03-27,CA_2,HOBBIES_1_008,0.48,0.0,3.703056799059092
2016-03-28,CA_2,HOBBIES_1_008,0.48,0.0,3.522747900523022
2016-03-29,CA_2,HOBBIES_1_008,0.48,4.0,3.4832546325782676
2016-03-30,CA_2,HOBBIES_1_008,0.48,8.0,3.158638119512084
2016-03-31,CA_2,HOBBIES_1_008,0.48,4.0,4.664653810340651
2016-04-01,CA_2,HOBBIES_1_008,0.48,9.0,3.8660686960239583
2016-04-02,CA_2,HOBBIES_1_008,0.48,0.0,3.4454688717484996
2016-04-03,CA_2,HOBBIES_1_008,0.48,0.0,3.118371186739696
2016-04-04,CA_2,HOBBIES_1_008,0.48,0.0,2.60744333144166
2016-04-05,CA_2,HOBBIES_1_008,0.48,4.0,2.769030418359957
2016-04-06,CA_2,HOBBIES_1_008,0.48,3.0,2.4992691870971386
2016-04-07,CA_2,HOBBIES_1_008,0.48,0.0,3.6006089942063078
2016-04-08,CA_2,HOBBIES_1_008,0.48,6.0,3.556723740177912
2016-04-09,CA_2,HOBBIES_1_008,0.48,9.0,2.9565429823942835
2016-04-10,CA_2,HOBBIES_1_008,0.48,0.0,2.6838769222324514
2016-04-11,CA_2,HOBBIES_1_008,0.48,5.0,2.914109891291378
2016-04-12,CA_2,HOBBIES_1_008,0.48,4.0,2.671601768707998
2016-04-13,CA_2,HOBBIES_1_008,0.48,2.0,3.16447325205072
2016-04-14,CA_2,HOBBIES_1_008,0.48,0.0,3.740778178063972
2016-04-15,CA_2,HOBBIES_1_008,0.48,1.0,4.09513808270841
2016-04-16,CA_2,HOBBIES_1_008,0.48,0.0,3.320083661016925
2016-04-17,CA_2,HOBBIES_1_008,0.48,0.0,2.97363942308517
2016-04-18,CA_2,HOBBIES_1_008,0.48,2.0,2.5898937776047193
2016-04-19,CA_2,HOBBIES_1_008,0.48,8.0,2.3524991780819615
2016-04-20,CA_2,HOBBIES_1_008,0.48,5.0,2.7200521365423627
2016-04-21,CA_2,HOBBIES_1_008,0.48,5.0,3.2978488245522004
2016-04-22,CA_2,HOBBIES_1_008,0.48,9.0,3.7612718610482414
2016-04-23,CA_2,HOBBIES_1_008,0.48,7.0,3.655146067301253
2016-03-26,CA_2,HOBBIES_1_009,1.77,0.0,0.32414340719464424
2016-03-27,CA_2,HOBBIES_1_009,1.77,0.0,0.19753158884390745
2016-03-28,CA_2,HOBBIES_1_009,1.77,0.0,0.1861340222867172
2016-03-29,CA_2,HOBBIES_1_009,1.77,0.0,0.1861340222867172
2016-03-30,CA_2,HOBBIES_1_009,1.77,0.0,0.1861340222867172
2016-03-31,CA_2,HOBBIES_1_009,1.77,1.0,0.23434799769017764
2016-04-01,CA_2,HOBBIES_1_009,1.77,3.0,0.27125215479067505
2016-04-02,CA_2,HOBBIES_1_009,1.77,6.0,0.344294565636465
2016-04-03,CA_2,HOBBIES_1_009,1.77,0.0,0.34342603564248847
2016-04-04,CA_2,HOBBIES_1_009,1.77,0.0,0.39086844176996516
2016-04-05,CA_2,HOBBIES_1_009,1.77,1.0,0.4226283006586059
2016-04-06,CA_2,HOBBIES_1_009,1.77,2.0,0.4226283006586059
2016-04-07,CA_2,HOBBIES_1_009,1.77,0.0,0.5408112205057753
2016-04-08,CA_2,HOBBIES_1_009,1.77,2.0,0.7835022822078581
2016-04-09,CA_2,HOBBIES_1_009,1.77,0.0,0.7185910005633309
2016-04-10,CA_2,HOBBIES_1_009,1.77,0.0,0.5825069759318925
2016-04-11,CA_2,HOBBIES_1_009,1.77,3.0,0.5394887353446289
2016-04-12,CA_2,HOBBIES_1_009,1.77,1.0,0.5394887353446289
2016-04-13,CA_2,HOBBIES_1_009,1.77,1.0,0.7065463822219517
2016-04-14,CA_2,HOBBIES_1_009,1.77,4.0,0.8197078821308885
2016-04-15,CA_2,HOBBIES_1_009,1.77,0.0,0.930161105203004
2016-04-16,CA_2,HOBBIES_1_009,1.77,2.0,1.1296151240949588
2016-04-17,CA_2,HOBBIES_1_009,1.77,6.0,0.792918407916331
2016-04-18,CA_2,HOBBIES_1_009,1.77,0.0,0.9076130859277646
2016-04-19,CA_2,HOBBIES_1_009,1.77,0.0,0.9303003180328294
2016-04-20,CA_2,HOBBIES_1_009,1.77,0.0,0.9593054519128776
2016-04-21,CA_2,HOBBIES_1_009,1.77,0.0,1.1431039664727036
2016-04-22,CA_2,HOBBIES_1_009,1.77,0.0,1.3561688286353473
2016-04-23,CA_2,HOBBIES_1_009,1.77,0.0,1.266207206663246
2016-03-26,CA_2,HOBBIES_1_010,2.97,0.0,0.09457940922422951
2016-03-27,CA_2,HOBBIES_1_010,2.97,0.0,0.059890791091776814
2016-03-28,CA_2,HOBBIES_1_010,2.97,0.0,0.05429026266522834
2016-03-29,CA_2,HOBBIES_1_010,2.97,0.0,0.05429026266522834
2016-03-30,CA_2,HOBBIES_1_010,2.97,0.0,0.05429026266522834
2016-03-31,CA_2,HOBBIES_1_010,2.97,0.0,0.07982220836934047
2016-04-01,CA_2,HOBBIES_1_010,2.97,0.0,0.10159980570478938
2016-04-02,CA_2,HOBBIES_1_010,2.97,0.0,0.09457940922422951
2016-04-03,CA_2,HOBBIES_1_010,2.97,0.0,0.059890791091776814
2016-04-04,CA_2,HOBBIES_1_010,2.97,0.0,0.05429026266522834
2016-04-05,CA_2,HOBBIES_1_010,2.97,0.0,0.05429026266522834
2016-04-06,CA_2,HOBBIES_1_010,2.97,1.0,0.05429026266522834
2016-04-07,CA_2,HOBBIES_1_010,2.97,0.0,0.07982220836934047
2016-04-08,CA_2,HOBBIES_1_010,2.97,0.0,0.2437237658380521
2016-04-09,CA_2,HOBBIES_1_010,2.97,0.0,0.2178372708547475
2016-04-10,CA_2,HOBBIES_1_010,2.97,0.0,0.1354969321188644
2016-04-11,CA_2,HOBBIES_1_010,2.97,1.0,0.12921010315889025
2016-04-12,CA_2,HOBBIES_1_010,2.97,2.0,0.12921010315889025
2016-04-13,CA_2,HOBBIES_1_010,2.97,0.0,0.1917382353010677
2016-04-14,CA_2,HOBBIES_1_010,2.97,0.0,0.30058539637842036
2016-04-15,CA_2,HOBBIES_1_010,2.97,1.0,0.3557845039195834
2016-04-16,CA_2,HOBBIES_1_010,2.97,1.0,0.34876410743902353
2016-04-17,CA_2,HOBBIES_1_010,2.97,0.0,0.2833835286745889
2016-04-18,CA_2,HOBBIES_1_010,2.97,0.0,0.29150186451398574
2016-04-19,CA_2,HOBBIES_1_010,2.97,0.0,0.2809748190810635
2016-04-20,CA_2,HOBBIES_1_010,2.97,0.0,0.2695957254344835
2016-04-21,CA_2,HOBBIES_1_010,2.97,1.0,0.29742239952740307
2016-04-22,CA_2,HOBBIES_1_010,2.97,3.0,0.3566286856376407
2016-04-23,CA_2,HOBBIES_1_010,2.97,1.0,0.4253751246319617
2016-03-26,CA_2,HOBBIES_1_011,3.48,0.0,0.31680681106219805
2016-03-27,CA_2,HOBBIES_1_011,3.48,0.0,0.22688285590811616
2016-03-28,CA_2,HOBBIES_1_011,3.48,0.0,0.21103101496884943
2016-03-29,CA_2,HOBBIES_1_011,3.48,0.0,0.18008672323541408
2016-03-30,CA_2,HOBBIES_1_011,3.48,0.0,0.18008672323541408
2016-03-31,CA_2,HOBBIES_1_011,3.48,0.0,0.22810009973040482
2016-04-01,CA_2,HOBBIES_1_011,3.48,0.0,0.27547481843543103
2016-04-02,CA_2,HOBBIES_1_011,3.48,0.0,0.23055079671501302
2016-04-03,CA_2,HOBBIES_1_011,3.48,0.0,0.16659038201916485
2016-04-04,CA_2,HOBBIES_1_011,3.48,0.0,0.14764547835224812
2016-04-05,CA_2,HOBBIES_1_011,3.48,0.0,0.14764547835224812
2016-04-06,CA_2,HOBBIES_1_011,3.48,0.0,0.14764547835224812
2016-04-07,CA_2,HOBBIES_1_011,3.48,1.0,0.19565885484723894
2016-04-08,CA_2,HOBBIES_1_011,3.48,0.0,0.2271648365067765
2016-04-09,CA_2,HOBBIES_1_011,3.48,0.0,0.28586251932876255
2016-04-10,CA_2,HOBBIES_1_011,3.48,0.0,0.1959385641746808
2016-04-11,CA_2,HOBBIES_1_011,3.48,0.0,0.18008672323541408
2016-04-12,CA_2,HOBBIES_1_011,3.48,0.0,0.17950830399800188
2016-04-13,CA_2,HOBBIES_1_011,3.48,0.0,0.13802384290826034
2016-04-14,CA_2,HOBBIES_1_011,3.48,0.0,0.17418799819043332
2016-04-15,CA_2,HOBBIES_1_011,3.48,0.0,0.22156271689545926
2016-04-16,CA_2,HOBBIES_1_011,3.48,0.0,0.17663869517504144
2016-04-17,CA_2,HOBBIES_1_011,3.48,0.0,0.11828319914183176
2016-04-18,CA_2,HOBBIES_1_011,3.48,0.0,0.1055825980250942
2016-04-19,CA_2,HOBBIES_1_011,3.48,0.0,0.08625119731511308
2016-04-20,CA_2,HOBBIES_1_011,3.48,0.0,0.08625119731511308
2016-04-21,CA_2,HOBBIES_1_011,3.48,0.0,0.12241535259728632
2016-04-22,CA_2,HOBBIES_1_011,3.48,0.0,0.15399785813236103
2016-04-23,CA_2,HOBBIES_1_011,3.48,0.0,0.12972407014611537
2016-03-26,CA_2,HOBBIES_1_012,6.52,0.0,0.38301918560541626
2016-03-27,CA_2,HOBBIES_1_012,6.52,0.0,0.2888174941204444
2016-03-28,CA_2,HOBBIES_1_012,6.52,0.0,0.26951223817804515
2016-03-29,CA_2,HOBBIES_1_012,6.52,0.0,0.26951223817804515
2016-03-30,CA_2,HOBBIES_1_012,6.52,1.0,0.24185713238561743
2016-03-31,CA_2,HOBBIES_1_012,6.52,0.0,0.2805873218712431
2016-04-01,CA_2,HOBBIES_1_012,6.52,2.0,0.4138927954371642
2016-04-02,CA_2,HOBBIES_1_012,6.52,1.0,0.3588443342396891
2016-04-03,CA_2,HOBBIES_1_012,6.52,0.0,0.34780373584675334
2016-04-04,CA_2,HOBBIES_1_012,6.52,0.0,0.3199898325853815
2016-04-05,CA_2,HOBBIES_1_012,6.52,0.0,0.29141428553796467
2016-04-06,CA_2,HOBBIES_1_012,6.52,0.0,0.29141428553796467
2016-04-07,CA_2,HOBBIES_1_012,6.52,0.0,0.32357354580201764
2016-04-08,CA_2,HOBBIES_1_012,6.52,1.0,0.36836279158663554
2016-04-09,CA_2,HOBBIES_1_012,6.52,0.0,0.36514579857620966
2016-04-10,CA_2,HOBBIES_1_012,6.52,0.0,0.23753919754874286
2016-04-11,CA_2,HOBBIES_1_012,6.52,0.0,0.1861131192948383
2016-04-12,CA_2,HOBBIES_1_012,6.52,0.0,0.1861131192948383
2016-04-13,CA_2,HOBBIES_1_012,6.52,0.0,0.1861131192948383
2016-04-14,CA_2,HOBBIES_1_012,6.52,1.0,0.23009339221680114
2016-04-15,CA_2,HOBBIES_1_012,6.52,1.0,0.27391480966240156
2016-04-16,CA_2,HOBBIES_1_012,6.52,1.0,0.3218497555078309
2016-04-17,CA_2,HOBBIES_1_012,6.52,1.0,0.2604066140246423
2016-04-18,CA_2,HOBBIES_1_012,6.52,0.0,0.29243641166081125
2016-04-19,CA_2,HOBBIES_1_012,6.52,0.0,0.3199898325853815
2016-04-20,CA_2,HOBBIES_1_012,6.52,1.0,0.3147241917514465
2016-04-21,CA_2,HOBBIES_1_012,6.52,0.0,0.3709631130170477
2016-04-22,CA_2,HOBBIES_1_012,6.52,1.0,0.4559086797896814
2016-04-23,CA_2,HOBBIES_1_012,6.52,0.0,0.4550056547856196
2016-03-26,CA_2,HOBBIES_1_013,1.97,1.0,0.5494099534976467
2016-03-27,CA_2,HOBBIES_1_013,1.97,0.0,0.3920523330438284
2016-03-28,CA_2,HOBBIES_1_013,1.97,1.0,0.364064514130263
2016-03-29,CA_2,HOBBIES_1_013,1.97,0.0,0.3535374686973407
2016-03-30,CA_2,HOBBIES_1_013,1.97,1.0,0.39171961992269055
2016-03-31,CA_2,HOBBIES_1_013,1.97,0.0,0.45026127357048545
2016-04-01,CA_2,HOBBIES_1_013,1.97,0.0,0.5986104086423171
2016-04-02,CA_2,HOBBIES_1_013,1.97,0.0,0.5792437805228602
2016-04-03,CA_2,HOBBIES_1_013,1.97,0.0,0.4196573784178426
2016-04-04,CA_2,HOBBIES_1_013,1.97,0.0,0.379990243965068
2016-04-05,CA_2,HOBBIES_1_013,1.97,0.0,0.35844583467165336
2016-04-06,CA_2,HOBBIES_1_013,1.97,0.0,0.32750154293821765
2016-04-07,CA_2,HOBBIES_1_013,1.97,1.0,0.36891513622650735
2016-04-08,CA_2,HOBBIES_1_013,1.97,0.0,0.38900911039250907
2016-04-09,CA_2,HOBBIES_1_013,1.97,1.0,0.4849555403711603
2016-04-10,CA_2,HOBBIES_1_013,1.97,0.0,0.3107061956998503
2016-04-11,CA_2,HOBBIES_1_013,1.97,1.0,0.36897288010457563
2016-04-12,CA_2,HOBBIES_1_013,1.97,1.0,0.3307907288792258
2016-04-13,CA_2,HOBBIES_1_013,1.97,0.0,0.39171961992269055
2016-04-14,CA_2,HOBBIES_1_013,1.97,1.0,0.4940199031405847
2016-04-15,CA_2,HOBBIES_1_013,1.97,0.0,0.5797443101395724
2016-04-16,CA_2,HOBBIES_1_013,1.97,1.0,0.5428900866337989
2016-04-17,CA_2,HOBBIES_1_013,1.97,2.0,0.3962958477549167
2016-04-18,CA_2,HOBBIES_1_013,1.97,0.0,0.39596313463377886
2016-04-19,CA_2,HOBBIES_1_013,1.97,2.0,0.4767511131358907
2016-04-20,CA_2,HOBBIES_1_013,1.97,0.0,0.41835959214085094
2016-04-21,CA_2,HOBBIES_1_013,1.97,0.0,0.5874724783131674
2016-04-22,CA_2,HOBBIES_1_013,1.97,0.0,0.7022890998137179
2016-04-23,CA_2,HOBBIES_1_013,1.97,1.0,0.6488237319926666
2016-03-26,CA_2,HOBBIES_1_014,1.16,1.0,1.6981994315609437
2016-03-27,CA_2,HOBBIES_1_014,1.16,1.0,1.3712940498401716
2016-03-28,CA_2,HOBBIES_1_014,1.16,0.0,1.3901355176364598
2016-03-29,CA_2,HOBBIES_1_014,1.16,1.0,1.1916954256334855
2016-03-30,CA_2,HOBBIES_1_014,1.16,1.0,1.156673128371229
2016-03-31,CA_2,HOBBIES_1_014,1.16,1.0,1.5458570280311228
2016-04-01,CA_2,HOBBIES_1_014,1.16,0.0,1.733585104210355
2016-04-02,CA_2,HOBBIES_1_014,1.16,0.0,1.3865614462214728
2016-04-03,CA_2,HOBBIES_1_014,1.16,0.0,1.0096965205350594
2016-04-04,CA_2,HOBBIES_1_014,1.16,2.0,0.9269255182109202
2016-04-05,CA_2,HOBBIES_1_014,1.16,0.0,0.9226820034998318
2016-04-06,CA_2,HOBBIES_1_014,1.16,1.0,0.9488316572904223
2016-04-07,CA_2,HOBBIES_1_014,1.16,0.0,1.1046893708718226
2016-04-08,CA_2,HOBBIES_1_014,1.16,0.0,1.424392289247623
2016-04-09,CA_2,HOBBIES_1_014,1.16,0.0,1.00702489582926
2016-04-10,CA_2,HOBBIES_1_014,1.16,2.0,0.6922783088046902
2016-04-11,CA_2,HOBBIES_1_014,1.16,0.0,0.6784404047405467
2016-04-12,CA_2,HOBBIES_1_014,1.16,0.0,0.7566474554052053
2016-04-13,CA_2,HOBBIES_1_014,1.16,2.0,0.6708753313973826
2016-04-14,CA_2,HOBBIES_1_014,1.16,0.0,0.740588135805134
2016-04-15,CA_2,HOBBIES_1_014,1.16,0.0,1.0153953362043415
2016-04-16,CA_2,HOBBIES_1_014,1.16,0.0,0.9594209362283591
2016-04-17,CA_2,HOBBIES_1_014,1.16,0.0,0.7122812863304855
2016-04-18,CA_2,HOBBIES_1_014,1.16,1.0,0.7904952907260393
2016-04-19,CA_2,HOBBIES_1_014,1.16,1.0,0.5920230551905473
2016-04-20,CA_2,HOBBIES_1_014,1.16,0.0,0.6093781785314628
2016-04-21,CA_2,HOBBIES_1_014,1.16,0.0,0.7281361827259218
2016-04-22,CA_2,HOBBIES_1_014,1.16,0.0,0.8551963728692925
2016-04-23,CA_2,HOBBIES_1_014,1.16,0.0,0.7459260633572363
2016-03-26,CA_2,HOBBIES_1_015,0.7,22.0,9.320099882349178
2016-03-27,CA_2,HOBBIES_1_015,0.7,1.0,4.006352770896761
2016-03-28,CA_2,HOBBIES_1_015,0.7,0.0,3.5773892403645204
2016-03-29,CA_2,HOBBIES_1_015,0.7,0.0,4.625452420796125
2016-03-30,CA_2,HOBBIES_1_015,0.7,0.0,3.5286883109670852
2016-03-31,CA_2,HOBBIES_1_015,0.7,4.0,4.356549980105467
2016-04-01,CA_2,HOBBIES_1_015,0.7,32.0,7.58178296862325
2016-04-02,CA_2,HOBBIES_1_015,0.7,12.0,7.970464131940992
2016-04-03,CA_2,HOBBIES_1_015,0.7,0.0,1.673846361741591
2016-04-04,CA_2,HOBBIES_1_015,0.7,0.0,3.610280958981618
2016-04-05,CA_2,HOBBIES_1_015,0.7,0.0,3.473742408498621
2016-04-06,CA_2,HOBBIES_1_015,0.7,6.0,3.608289036210806
2016-04-07,CA_2,HOBBIES_1_015,0.7,11.0,4.6517252135475315
2016-04-08,CA_2,HOBBIES_1_015,0.7,9.0,12.479301451431189
2016-04-09,CA_2,HOBBIES_1_015,0.7,27.0,7.081898803779336
2016-04-10,CA_2,HOBBIES_1_015,0.7,0.0,4.213373977026749
2016-04-11,CA_2,HOBBIES_1_015,0.7,0.0,2.6611894750688054
2016-04-12,CA_2,HOBBIES_1_015,0.7,0.0,4.018385937638641
2016-04-13,CA_2,HOBBIES_1_015,0.7,26.0,4.026688278226245
2016-04-14,CA_2,HOBBIES_1_015,0.7,4.0,5.102843258722115
2016-04-15,CA_2,HOBBIES_1_015,0.7,3.0,5.959003275576034
2016-04-16,CA_2,HOBBIES_1_015,0.7,3.0,8.437223631685633
2016-04-17,CA_2,HOBBIES_1_015,0.7,2.0,5.625737745353549
2016-04-18,CA_2,HOBBIES_1_015,0.7,0.0,4.097936722001972
2016-04-19,CA_2,HOBBIES_1_015,0.7,13.0,4.441124193882705
2016-04-20,CA_2,HOBBIES_1_015,0.7,0.0,3.7711535668048612
2016-04-21,CA_2,HOBBIES_1_015,0.7,13.0,5.088867869220914
2016-04-22,CA_2,HOBBIES_1_015,0.7,26.0,10.88715961250609
2016-04-23,CA_2,HOBBIES_1_015,0.7,0.0,9.626832488936522
2016-03-26,CA_2,HOBBIES_1_016,0.7,3.0,3.227724730653185
2016-03-27,CA_2,HOBBIES_1_016,0.7,2.0,2.813229886309407
2016-03-28,CA_2,HOBBIES_1_016,0.7,1.0,2.428007281179385
2016-03-29,CA_2,HOBBIES_1_016,0.7,1.0,2.436859755142818
2016-03-30,CA_2,HOBBIES_1_016,0.7,0.0,2.3648803144946715
2016-03-31,CA_2,HOBBIES_1_016,0.7,23.0,2.796729913041038
2016-04-01,CA_2,HOBBIES_1_016,0.7,8.0,2.864870952506149
2016-04-02,CA_2,HOBBIES_1_016,0.7,1.0,2.383445579985927
2016-04-03,CA_2,HOBBIES_1_016,0.7,0.0,2.9732031058549984
2016-04-04,CA_2,HOBBIES_1_016,0.7,2.0,2.253688421989805
2016-04-05,CA_2,HOBBIES_1_016,0.7,4.0,2.1800548681177454
2016-04-06,CA_2,HOBBIES_1_016,0.7,3.0,2.606538663115298
2016-04-07,CA_2,HOBBIES_1_016,0.7,3.0,3.010502006618341
2016-04-08,CA_2,HOBBIES_1_016,0.7,13.0,4.631370126624024
2016-04-09,CA_2,HOBBIES_1_016,0.7,3.0,3.9404952776326
2016-04-10,CA_2,HOBBIES_1_016,0.7,0.0,3.2402118784343035
2016-04-11,CA_2,HOBBIES_1_016,0.7,0.0,3.3194709843068364
2016-04-12,CA_2,HOBBIES_1_016,0.7,4.0,3.1165716330036384
2016-04-13,CA_2,HOBBIES_1_016,0.7,2.0,3.0636810210629046
2016-04-14,CA_2,HOBBIES_1_016,0.7,2.0,3.753339484317943
2016-04-15,CA_2,HOBBIES_1_016,0.7,4.0,4.3874348987615726
2016-04-16,CA_2,HOBBIES_1_016,0.7,2.0,4.160812370217959
2016-04-17,CA_2,HOBBIES_1_016,0.7,2.0,3.3874215308577647
2016-04-18,CA_2,HOBBIES_1_016,0.7,6.0,3.1105463455118634
2016-04-19,CA_2,HOBBIES_1_016,0.7,1.0,3.0694632575171936
2016-04-20,CA_2,HOBBIES_1_016,0.7,1.0,3.1851775576515036
2016-04-21,CA_2,HOBBIES_1_016,0.7,1.0,3.441000479187811
2016-04-22,CA_2,HOBBIES_1_016,0.7,4.0,4.113014955563709
2016-04-23,CA_2,HOBBIES_1_016,0.7,2.0,3.921246264524461
2016-03-26,CA_2,HOBBIES_1_017,1.98,2.0,1.128598731874006
2016-03-27,CA_2,HOBBIES_1_017,1.98,1.0,0.6848063999719106
2016-03-28,CA_2,HOBBIES_1_017,1.98,0.0,0.7042975110426848
2016-03-29,CA_2,HOBBIES_1_017,1.98,2.0,0.758168886717644
2016-03-30,CA_2,HOBBIES_1_017,1.98,1.0,0.7476418412847219
2016-03-31,CA_2,HOBBIES_1_017,1.98,0.0,0.813668609284944
2016-04-01,CA_2,HOBBIES_1_017,1.98,0.0,1.0205960007552815
2016-04-02,CA_2,HOBBIES_1_017,1.98,2.0,0.9702142539426425
2016-04-03,CA_2,HOBBIES_1_017,1.98,0.0,0.655467666918073
2016-04-04,CA_2,HOBBIES_1_017,1.98,2.0,0.6832409411000034
2016-04-05,CA_2,HOBBIES_1_017,1.98,0.0,0.663047300402395
2016-04-06,CA_2,HOBBIES_1_017,1.98,0.0,0.7077361929293374
2016-04-07,CA_2,HOBBIES_1_017,1.98,1.0,0.7224505352410775
2016-04-08,CA_2,HOBBIES_1_017,1.98,3.0,0.9343704505514244
2016-04-09,CA_2,HOBBIES_1_017,1.98,4.0,0.8463738082041906
2016-04-10,CA_2,HOBBIES_1_017,1.98,0.0,0.7748257973782421
2016-04-11,CA_2,HOBBIES_1_017,1.98,0.0,0.8310382877166563
2016-04-12,CA_2,HOBBIES_1_017,1.98,0.0,0.8205112422837342
2016-04-13,CA_2,HOBBIES_1_017,1.98,0.0,0.7455574542591891
2016-04-14,CA_2,HOBBIES_1_017,1.98,0.0,0.8514898706147956
2016-04-15,CA_2,HOBBIES_1_017,1.98,0.0,1.0557460441649904
2016-04-16,CA_2,HOBBIES_1_017,1.98,0.0,0.9936100935092856
2016-04-17,CA_2,HOBBIES_1_017,1.98,0.0,0.6723278940626387
2016-04-18,CA_2,HOBBIES_1_017,1.98,1.0,0.5455329527953036
2016-04-19,CA_2,HOBBIES_1_017,1.98,2.0,0.5455329527953036
2016-04-20,CA_2,HOBBIES_1_017,1.98,0.0,0.5885012431113915
2016-04-21,CA_2,HOBBIES_1_017,1.98,1.0,0.7481246910185485
2016-04-22,CA_2,HOBBIES_1_017,1.98,2.0,0.8685790468594448
2016-04-23,CA_2,HOBBIES_1_017,1.98,0.0,0.8846682635927179
2016-03-26,CA_2,HOBBIES_1_018,11.88,0.0,0.2098341382292951
2016-03-27,CA_2,HOBBIES_1_018,11.88,0.0,0.21933090825855947
2016-03-28,CA_2,HOBBIES_1_018,11.88,0.0,0.2033590016195709
2016-03-29,CA_2,HOBBIES_1_018,11.88,0.0,0.2033590016195709
2016-03-30,CA_2,HOBBIES_1_018,11.88,0.0,0.1794936234032193
2016-03-31,CA_2,HOBBIES_1_018,11.88,0.0,0.21060877960229638
2016-04-01,CA_2,HOBBIES_1_018,11.88,0.0,0.2204038568386049
2016-04-02,CA_2,HOBBIES_1_018,11.88,1.0,0.217186863828179
2016-04-03,CA_2,HOBBIES_1_018,11.88,0.0,0.1347637913670052
2016-04-04,CA_2,HOBBIES_1_018,11.88,0.0,0.16283260157627613
2016-04-05,CA_2,HOBBIES_1_018,11.88,0.0,0.15756696074234125
2016-04-06,CA_2,HOBBIES_1_018,11.88,0.0,0.15756696074234125
2016-04-07,CA_2,HOBBIES_1_018,11.88,0.0,0.18285742970985067
2016-04-08,CA_2,HOBBIES_1_018,11.88,0.0,0.2204038568386049
2016-04-09,CA_2,HOBBIES_1_018,11.88,1.0,0.217186863828179
2016-04-10,CA_2,HOBBIES_1_018,11.88,1.0,0.14455417509365764
2016-04-11,CA_2,HOBBIES_1_018,11.88,0.0,0.16283260157627613
2016-04-12,CA_2,HOBBIES_1_018,11.88,1.0,0.21570355597058952
2016-04-13,CA_2,HOBBIES_1_018,11.88,1.0,0.1885112524757767
2016-04-14,CA_2,HOBBIES_1_018,11.88,2.0,0.2695654519877816
2016-04-15,CA_2,HOBBIES_1_018,11.88,0.0,0.326297400116109
2016-04-16,CA_2,HOBBIES_1_018,11.88,0.0,0.40235975417251907
2016-04-17,CA_2,HOBBIES_1_018,11.88,0.0,0.3187886706223429
2016-04-18,CA_2,HOBBIES_1_018,11.88,0.0,0.296752302530338
2016-04-19,CA_2,HOBBIES_1_018,11.88,0.0,0.28537320888375795
2016-04-20,CA_2,HOBBIES_1_018,11.88,0.0,0.28537320888375795
2016-04-21,CA_2,HOBBIES_1_018,11.88,1.0,0.32392507947797267
2016-04-22,CA_2,HOBBIES_1_018,11.88,1.0,0.35985477174883923
2016-04-23,CA_2,HOBBIES_1_018,11.88,0.0,0.3466894252120957
2016-03-26,CA_2,HOBBIES_1_019,0.48,7.0,3.2415436658656227
2016-03-27,CA_2,HOBBIES_1_019,0.48,1.0,2.475372972180477
2016-03-28,CA_2,HOBBIES_1_019,0.48,7.0,3.0876199439815992
2016-03-29,CA_2,HOBBIES_1_019,0.48,0.0,2.9609998667828568
2016-03-30,CA_2,HOBBIES_1_019,0.48,0.0,2.907233284187954
2016-03-31,CA_2,HOBBIES_1_019,0.48,0.0,3.0245746024106284
2016-04-01,CA_2,HOBBIES_1_019,0.48,0.0,3.129263987478471
2016-04-02,CA_2,HOBBIES_1_019,0.48,2.0,2.967056900878198
2016-04-03,CA_2,HOBBIES_1_019,0.48,5.0,2.495404542342576
2016-04-04,CA_2,HOBBIES_1_019,0.48,0.0,2.7673101979844343
2016-04-05,CA_2,HOBBIES_1_019,0.48,5.0,2.9767868706300633
2016-04-06,CA_2,HOBBIES_1_019,0.48,7.0,2.327217732084589
2016-04-07,CA_2,HOBBIES_1_019,0.48,0.0,3.257318107287808
2016-04-08,CA_2,HOBBIES_1_019,0.48,3.0,3.817183702092532
2016-04-09,CA_2,HOBBIES_1_019,0.48,6.0,3.048383542426236
2016-04-10,CA_2,HOBBIES_1_019,0.48,10.0,2.9857733850757824
2016-04-11,CA_2,HOBBIES_1_019,0.48,0.0,3.0972054375488254
2016-04-12,CA_2,HOBBIES_1_019,0.48,6.0,2.8779004139325712
2016-04-13,CA_2,HOBBIES_1_019,0.48,4.0,2.3647441988614086
2016-04-14,CA_2,HOBBIES_1_019,0.48,5.0,3.4640454356786488
2016-04-15,CA_2,HOBBIES_1_019,0.48,3.0,3.732362025636289
2016-04-16,CA_2,HOBBIES_1_019,0.48,3.0,3.850981971636559
2016-04-17,CA_2,HOBBIES_1_019,0.48,0.0,3.332973888571079
2016-04-18,CA_2,HOBBIES_1_019,0.48,12.0,3.215925567879839
2016-04-19,CA_2,HOBBIES_1_019,0.48,0.0,2.7185247629917613
2016-04-20,CA_2,HOBBIES_1_019,0.48,2.0,3.1501871001970905
2016-04-21,CA_2,HOBBIES_1_019,0.48,4.0,3.193268743044458
2016-04-22,CA_2,HOBBIES_1_019,0.48,4.0,4.128194470356177
2016-04-23,CA_2,HOBBIES_1_019,0.48,0.0,3.867893194057881
2016-03-26,CA_2,HOBBIES_1_020,12.68,0.0,0.3713115055916298
2016-03-27,CA_2,HOBBIES_1_020,12.68,0.0,0.26311834166191955
2016-03-28,CA_2,HOBBIES_1_020,12.68,0.0,0.17091775673640497
2016-03-29,CA_2,HOBBIES_1_020,12.68,0.0,0.17091775673640497
2016-03-30,CA_2,HOBBIES_1_020,12.68,0.0,0.17091775673640497
2016-03-31,CA_2,HOBBIES_1_020,12.68,0.0,0.21371314204170816
2016-04-01,CA_2,HOBBIES_1_020,12.68,1.0,0.21305113123972097
2016-04-02,CA_2,HOBBIES_1_020,12.68,0.0,0.2098341382292951
2016-04-03,CA_2,HOBBIES_1_020,12.68,1.0,0.19646349178266057
2016-04-04,CA_2,HOBBIES_1_020,12.68,0.0,0.1800720426406315
2016-04-05,CA_2,HOBBIES_1_020,12.68,1.0,0.2395689341869412
2016-04-06,CA_2,HOBBIES_1_020,12.68,0.0,0.23430329335300631
2016-04-07,CA_2,HOBBIES_1_020,12.68,0.0,0.32919072031190766
2016-04-08,CA_2,HOBBIES_1_020,12.68,1.0,0.3666828496568327
2016-04-09,CA_2,HOBBIES_1_020,12.68,1.0,0.3634658566464068
2016-04-10,CA_2,HOBBIES_1_020,12.68,0.0,0.32041150702514004
2016-04-11,CA_2,HOBBIES_1_020,12.68,0.0,0.3314574877111507
2016-04-12,CA_2,HOBBIES_1_020,12.68,0.0,0.3219483321661274
2016-04-13,CA_2,HOBBIES_1_020,12.68,0.0,0.28112969417266953
2016-04-14,CA_2,HOBBIES_1_020,12.68,0.0,0.2770986786583097
2016-04-15,CA_2,HOBBIES_1_020,12.68,0.0,0.2857024516831485
2016-04-16,CA_2,HOBBIES_1_020,12.68,0.0,0.2824854586727226
2016-04-17,CA_2,HOBBIES_1_020,12.68,0.0,0.1928613579709906
2016-04-18,CA_2,HOBBIES_1_020,12.68,1.0,0.14705237852005326
2016-04-19,CA_2,HOBBIES_1_020,12.68,0.0,0.14705237852005326
2016-04-20,CA_2,HOBBIES_1_020,12.68,0.0,0.1853376834745664
2016-04-21,CA_2,HOBBIES_1_020,12.68,0.0,0.21721173282095874
2016-04-22,CA_2,HOBBIES_1_020,12.68,0.0,0.254758159949713
2016-04-23,CA_2,HOBBIES_1_020,12.68,0.0,0.2515411669392869
2016-03-26,CA_2,HOBBIES_1_021,11.88,1.0,0.7536849124162389
2016-03-27,CA_2,HOBBIES_1_021,11.88,1.0,0.6033167034013847
2016-03-28,CA_2,HOBBIES_1_021,11.88,0.0,0.6095852482438294
2016-03-29,CA_2,HOBBIES_1_021,11.88,0.0,0.6095852482438294
2016-03-30,CA_2,HOBBIES_1_021,11.88,0.0,0.6043196074098947
2016-03-31,CA_2,HOBBIES_1_021,11.88,0.0,0.6883312706126173
2016-04-01,CA_2,HOBBIES_1_021,11.88,2.0,0.7868894313300165
2016-04-02,CA_2,HOBBIES_1_021,11.88,2.0,0.7836724383195907
2016-04-03,CA_2,HOBBIES_1_021,11.88,1.0,0.6309429380733287
2016-04-04,CA_2,HOBBIES_1_021,11.88,0.0,0.6367238047051164
2016-04-05,CA_2,HOBBIES_1_021,11.88,2.0,0.6367238047051164
2016-04-06,CA_2,HOBBIES_1_021,11.88,1.0,0.6314581638711816
2016-04-07,CA_2,HOBBIES_1_021,11.88,0.0,0.7524818560465757
2016-04-08,CA_2,HOBBIES_1_021,11.88,1.0,1.0311411240887174
2016-04-09,CA_2,HOBBIES_1_021,11.88,1.0,0.9605970138346169
2016-04-10,CA_2,HOBBIES_1_021,11.88,0.0,0.7313727941284485
2016-04-11,CA_2,HOBBIES_1_021,11.88,0.0,0.5867679297525705
2016-04-12,CA_2,HOBBIES_1_021,11.88,0.0,0.5718356936539495
2016-04-13,CA_2,HOBBIES_1_021,11.88,1.0,0.5406337224185753
2016-04-14,CA_2,HOBBIES_1_021,11.88,2.0,0.6030350445171548
2016-04-15,CA_2,HOBBIES_1_021,11.88,2.0,0.7350611133839596
2016-04-16,CA_2,HOBBIES_1_021,11.88,1.0,0.7474667287312021
2016-04-17,CA_2,HOBBIES_1_021,11.88,1.0,0.628742761480778
2016-04-18,CA_2,HOBBIES_1_021,11.88,0.0,0.6025273925672776
2016-04-19,CA_2,HOBBIES_1_021,11.88,0.0,0.6203636707302397
2016-04-20,CA_2,HOBBIES_1_021,11.88,0.0,0.6150980298963049
2016-04-21,CA_2,HOBBIES_1_021,11.88,2.0,0.6619199891171784
2016-04-22,CA_2,HOBBIES_1_021,11.88,0.0,0.7625050859172638
2016-04-23,CA_2,HOBBIES_1_021,11.88,1.0,0.8383257986604097
2016-03-26,CA_2,HOBBIES_1_022,7.18,0.0,0.5043704315768023
2016-03-27,CA_2,HOBBIES_1_022,7.18,0.0,0.32145486221696834
2016-03-28,CA_2,HOBBIES_1_022,7.18,0.0,0.2742983772687837
2016-03-29,CA_2,HOBBIES_1_022,7.18,1.0,0.22434840060564162
2016-03-30,CA_2,HOBBIES_1_022,7.18,0.0,0.22434840060564162
2016-03-31,CA_2,HOBBIES_1_022,7.18,1.0,0.31829420758834387
2016-04-01,CA_2,HOBBIES_1_022,7.18,0.0,0.33875142103663347
2016-04-02,CA_2,HOBBIES_1_022,7.18,2.0,0.4033933198768821
2016-04-03,CA_2,HOBBIES_1_022,7.18,0.0,0.2808841412145206
2016-04-04,CA_2,HOBBIES_1_022,7.18,0.0,0.3199898325853815
2016-04-05,CA_2,HOBBIES_1_022,7.18,0.0,0.3147241917514465
2016-04-06,CA_2,HOBBIES_1_022,7.18,0.0,0.3147241917514465
2016-04-07,CA_2,HOBBIES_1_022,7.18,0.0,0.3667195983059594
2016-04-08,CA_2,HOBBIES_1_022,7.18,1.0,0.4157523588016655
2016-04-09,CA_2,HOBBIES_1_022,7.18,0.0,0.38239738166976434
2016-04-10,CA_2,HOBBIES_1_022,7.18,0.0,0.3305429210577871
2016-04-11,CA_2,HOBBIES_1_022,7.18,1.0,0.25678964548880767
2016-04-12,CA_2,HOBBIES_1_022,7.18,2.0,0.25678964548880767
2016-04-13,CA_2,HOBBIES_1_022,7.18,0.0,0.3105083098361542
2016-04-14,CA_2,HOBBIES_1_022,7.18,0.0,0.4299886667570047
2016-04-15,CA_2,HOBBIES_1_022,7.18,1.0,0.4582226477960455
2016-04-16,CA_2,HOBBIES_1_022,7.18,0.0,0.4550056547856196
2016-04-17,CA_2,HOBBIES_1_022,7.18,0.0,0.3797023563502692
2016-04-18,CA_2,HOBBIES_1_022,7.18,0.0,0.33223292353142253
2016-04-19,CA_2,HOBBIES_1_022,7.18,0.0,0.3147241917514465
2016-04-20,CA_2,HOBBIES_1_022,7.18,0.0,0.3104806770403582
2016-04-21,CA_2,HOBBIES_1_022,7.18,0.0,0.3130285667544089
2016-04-22,CA_2,HOBBIES_1_022,7.18,0.0,0.362061327250115
2016-04-23,CA_2,HOBBIES_1_022,7.18,0.0,0.3588443342396891
2016-03-26,CA_2,HOBBIES_1_023,2.97,3.0,0.8047414622592268
2016-03-27,CA_2,HOBBIES_1_023,2.97,2.0,0.598675631900712
2016-03-28,CA_2,HOBBIES_1_023,2.97,0.0,0.6451787363092667
2016-03-29,CA_2,HOBBIES_1_023,2.97,0.0,0.7142924291772826
2016-03-30,CA_2,HOBBIES_1_023,2.97,0.0,0.7024240000872033
2016-03-31,CA_2,HOBBIES_1_023,2.97,1.0,0.7266529800745445
2016-04-01,CA_2,HOBBIES_1_023,2.97,2.0,0.8395986073158891
2016-04-02,CA_2,HOBBIES_1_023,2.97,0.0,0.8387915574377928
2016-04-03,CA_2,HOBBIES_1_023,2.97,0.0,0.7000523902814326
2016-04-04,CA_2,HOBBIES_1_023,2.97,0.0,0.5879823217644956
2016-04-05,CA_2,HOBBIES_1_023,2.97,0.0,0.5566002505921204
2016-04-06,CA_2,HOBBIES_1_023,2.97,2.0,0.5566002505921204
2016-04-07,CA_2,HOBBIES_1_023,2.97,3.0,0.6523014194901638
2016-04-08,CA_2,HOBBIES_1_023,2.97,3.0,0.9188272165345649
2016-04-09,CA_2,HOBBIES_1_023,2.97,1.0,1.087398351742296
2016-04-10,CA_2,HOBBIES_1_023,2.97,0.0,0.9196223281773725
2016-04-11,CA_2,HOBBIES_1_023,2.97,0.0,0.9502373688049434
2016-04-12,CA_2,HOBBIES_1_023,2.97,1.0,0.9397103233720212
2016-04-13,CA_2,HOBBIES_1_023,2.97,1.0,0.8943167360121812
2016-04-14,CA_2,HOBBIES_1_023,2.97,0.0,1.0500416425517833
2016-04-15,CA_2,HOBBIES_1_023,2.97,1.0,1.3425005023544334
2016-04-16,CA_2,HOBBIES_1_023,2.97,2.0,1.1450829775103502
2016-04-17,CA_2,HOBBIES_1_023,2.97,3.0,0.7933043841053858
2016-04-18,CA_2,HOBBIES_1_023,2.97,1.0,0.8208236831747765
2016-04-19,CA_2,HOBBIES_1_023,2.97,2.0,0.9661125514175675
2016-04-20,CA_2,HOBBIES_1_023,2.97,0.0,0.9750719092230429
2016-04-21,CA_2,HOBBIES_1_023,2.97,1.0,1.165958591294197
2016-04-22,CA_2,HOBBIES_1_023,2.97,3.0,1.3659435210079196
2016-04-23,CA_2,HOBBIES_1_023,2.97,1.0,1.3511907946396795
2016-03-26,CA_2,HOBBIES_1_024,8.56,0.0,0.17344527027289805
2016-03-27,CA_2,HOBBIES_1_024,8.56,0.0,0.12601795556765366
2016-03-28,CA_2,HOBBIES_1_024,8.56,1.0,0.11134302822389895
2016-03-29,CA_2,HOBBIES_1_024,8.56,0.0,0.11134302822389895
2016-03-30,CA_2,HOBBIES_1_024,8.56,0.0,0.16860771236986338
2016-03-31,CA_2,HOBBIES_1_024,8.56,1.0,0.20038066329342516
2016-04-01,CA_2,HOBBIES_1_024,8.56,1.0,0.2379270904221794
2016-04-02,CA_2,HOBBIES_1_024,8.56,1.0,0.30701043294139235
2016-04-03,CA_2,HOBBIES_1_024,8.56,0.0,0.260966485963723
2016-04-04,CA_2,HOBBIES_1_024,8.56,1.0,0.2490473405307922
2016-04-05,CA_2,HOBBIES_1_024,8.56,0.0,0.24378169969685712
2016-04-06,CA_2,HOBBIES_1_024,8.56,0.0,0.272334299509732
2016-04-07,CA_2,HOBBIES_1_024,8.56,0.0,0.3216121667710874
2016-04-08,CA_2,HOBBIES_1_024,8.56,0.0,0.3643699369499475
2016-04-09,CA_2,HOBBIES_1_024,8.56,0.0,0.35690942922843344
2016-04-10,CA_2,HOBBIES_1_024,8.56,1.0,0.22801465911527558
2016-04-11,CA_2,HOBBIES_1_024,8.56,1.0,0.18526873419680662
2016-04-12,CA_2,HOBBIES_1_024,8.56,1.0,0.22205708600158902
2016-04-13,CA_2,HOBBIES_1_024,8.56,0.0,0.2453440449805285
2016-04-14,CA_2,HOBBIES_1_024,8.56,1.0,0.3467139538954822
2016-04-15,CA_2,HOBBIES_1_024,8.56,0.0,0.38420608324040745
2016-04-16,CA_2,HOBBIES_1_024,8.56,0.0,0.4221472050583091
2016-04-17,CA_2,HOBBIES_1_024,8.56,0.0,0.3318648505540704
2016-04-18,CA_2,HOBBIES_1_024,8.56,0.0,0.31445822589082706
2016-04-19,CA_2,HOBBIES_1_024,8.56,0.0,0.31021471117973876
2016-04-20,CA_2,HOBBIES_1_024,8.56,0.0,0.2874679713616237
2016-04-21,CA_2,HOBBIES_1_024,8.56,0.0,0.31106718772347863
2016-04-22,CA_2,HOBBIES_1_024,8.56,1.0,0.35382495790233875
2016-04-23,CA_2,HOBBIES_1_024,8.56,1.0,0.308900936181921
2016-03-26,CA_2,HOBBIES_1_025,3.98,0.0,0.7976602060322896
2016-03-27,CA_2,HOBBIES_1_025,3.98,1.0,0.6493402837415216
2016-03-28,CA_2,HOBBIES_1_025,3.98,0.0,0.5370302146725937
2016-03-29,CA_2,HOBBIES_1_025,3.98,1.0,0.5536749491531086
2016-03-30,CA_2,HOBBIES_1_025,3.98,1.0,0.5327866999615054
2016-03-31,CA_2,HOBBIES_1_025,3.98,0.0,0.6337633219230745
2016-04-01,CA_2,HOBBIES_1_025,3.98,0.0,0.8015540127675904
2016-04-02,CA_2,HOBBIES_1_025,3.98,1.0,0.7535303546180331
2016-04-03,CA_2,HOBBIES_1_025,3.98,1.0,0.5590899159811065
2016-04-04,CA_2,HOBBIES_1_025,3.98,0.0,0.5422958555065285
2016-04-05,CA_2,HOBBIES_1_025,3.98,0.0,0.5422958555065285
2016-04-06,CA_2,HOBBIES_1_025,3.98,4.0,0.5195698836617002
2016-04-07,CA_2,HOBBIES_1_025,3.98,0.0,0.5970316531548289
2016-04-08,CA_2,HOBBIES_1_025,3.98,0.0,0.8979384334113121
2016-04-09,CA_2,HOBBIES_1_025,3.98,2.0,0.8811167464971289
2016-04-10,CA_2,HOBBIES_1_025,3.98,1.0,0.6504915079248258
2016-04-11,CA_2,HOBBIES_1_025,3.98,3.0,0.692167297159704
2016-04-12,CA_2,HOBBIES_1_025,3.98,0.0,0.6260548696053051
2016-04-13,CA_2,HOBBIES_1_025,3.98,3.0,0.7415819354807662
2016-04-14,CA_2,HOBBIES_1_025,3.98,2.0,0.8380150085209406
2016-04-15,CA_2,HOBBIES_1_025,3.98,0.0,1.1516857262211597
2016-04-16,CA_2,HOBBIES_1_025,3.98,2.0,1.2748067611737142
2016-04-17,CA_2,HOBBIES_1_025,3.98,0.0,0.9761289186577515
2016-04-18,CA_2,HOBBIES_1_025,3.98,0.0,0.894804280175639
2016-04-19,CA_2,HOBBIES_1_025,3.98,0.0,0.8401006395224857
2016-04-20,CA_2,HOBBIES_1_025,3.98,1.0,0.6868369473270866
2016-04-21,CA_2,HOBBIES_1_025,3.98,0.0,0.7885356612011957
2016-04-22,CA_2,HOBBIES_1_025,3.98,1.0,0.9412939285449494
2016-04-23,CA_2,HOBBIES_1_025,3.98,1.0,0.893090170458391
2016-03-26,CA_2,HOBBIES_1_026,17.97,1.0,0.4158604912288229
2016-03-27,CA_2,HOBBIES_1_026,17.97,1.0,0.3376723218141063
2016-03-28,CA_2,HOBBIES_1_026,17.97,0.0,0.3314574877111507
2016-03-29,CA_2,HOBBIES_1_026,17.97,0.0,0.3431939315934568
2016-03-30,CA_2,HOBBIES_1_026,17.97,2.0,0.3102731849670942
2016-03-31,CA_2,HOBBIES_1_026,17.97,0.0,0.36166464560601586
2016-04-01,CA_2,HOBBIES_1_026,17.97,2.0,0.5434684590001038
2016-04-02,CA_2,HOBBIES_1_026,17.97,0.0,0.5169801768212342
2016-04-03,CA_2,HOBBIES_1_026,17.97,1.0,0.49011130787479557
2016-04-04,CA_2,HOBBIES_1_026,17.97,2.0,0.4591773418709544
2016-04-05,CA_2,HOBBIES_1_026,17.97,0.0,0.468823752607598
2016-04-06,CA_2,HOBBIES_1_026,17.97,0.0,0.5483394724313975
2016-04-07,CA_2,HOBBIES_1_026,17.97,1.0,0.6113355798413815
2016-04-08,CA_2,HOBBIES_1_026,17.97,0.0,0.7225415589569709
2016-04-09,CA_2,HOBBIES_1_026,17.97,1.0,0.6447945825526524
2016-04-10,CA_2,HOBBIES_1_026,17.97,1.0,0.4497040223371523
2016-04-11,CA_2,HOBBIES_1_026,17.97,0.0,0.4530642897928908
2016-04-12,CA_2,HOBBIES_1_026,17.97,0.0,0.47069507003825006
2016-04-13,CA_2,HOBBIES_1_026,17.97,0.0,0.4498068208466469
2016-04-14,CA_2,HOBBIES_1_026,17.97,0.0,0.5004377888452062
2016-04-15,CA_2,HOBBIES_1_026,17.97,0.0,0.5933582152222593
2016-04-16,CA_2,HOBBIES_1_026,17.97,1.0,0.5673944823937185
2016-04-17,CA_2,HOBBIES_1_026,17.97,0.0,0.4365211651829803
2016-04-18,CA_2,HOBBIES_1_026,17.97,0.0,0.43232572186246676
2016-04-19,CA_2,HOBBIES_1_026,17.97,0.0,0.3961157892950963
2016-04-20,CA_2,HOBBIES_1_026,17.97,0.0,0.3961157892950963
2016-04-21,CA_2,HOBBIES_1_026,17.97,1.0,0.464377537539015
2016-04-22,CA_2,HOBBIES_1_026,17.97,0.0,0.5396671836707088
2016-04-23,CA_2,HOBBIES_1_026,17.97,0.0,0.5809991762974758
2016-03-26,CA_2,HOBBIES_1_027,19.98,0.0,0.24398813538331635
2016-03-27,CA_2,HOBBIES_1_027,19.98,0.0,0.21933090825855947
2016-03-28,CA_2,HOBBIES_1_027,19.98,0.0,0.1800720426406315
2016-03-29,CA_2,HOBBIES_1_027,19.98,0.0,0.1800720426406315
2016-03-30,CA_2,HOBBIES_1_027,19.98,0.0,0.1800720426406315
2016-03-31,CA_2,HOBBIES_1_027,19.98,0.0,0.21721173282095874
2016-04-01,CA_2,HOBBIES_1_027,19.98,0.0,0.254758159949713
2016-04-02,CA_2,HOBBIES_1_027,19.98,0.0,0.2515411669392869
2016-04-03,CA_2,HOBBIES_1_027,19.98,1.0,0.11520599293814153
2016-04-04,CA_2,HOBBIES_1_027,19.98,1.0,0.1055679174303116
2016-04-05,CA_2,HOBBIES_1_027,19.98,0.0,0.16283260157627613
2016-04-06,CA_2,HOBBIES_1_027,19.98,0.0,0.21570355597058952
2016-04-07,CA_2,HOBBIES_1_027,19.98,0.0,0.2415530713357316
2016-04-08,CA_2,HOBBIES_1_027,19.98,4.0,0.27909949846448606
2016-04-09,CA_2,HOBBIES_1_027,19.98,0.0,0.2758825054540602
2016-04-10,CA_2,HOBBIES_1_027,19.98,0.0,0.3286554529755444
2016-04-11,CA_2,HOBBIES_1_027,19.98,0.0,0.3126835463365558
2016-04-12,CA_2,HOBBIES_1_027,19.98,1.0,0.28634771731796393
2016-04-13,CA_2,HOBBIES_1_027,19.98,0.0,0.27496862367138386
2016-04-14,CA_2,HOBBIES_1_027,19.98,0.0,0.3584884044587503
2016-04-15,CA_2,HOBBIES_1_027,19.98,0.0,0.40164836895335426
2016-04-16,CA_2,HOBBIES_1_027,19.98,0.0,0.3937485155560908
2016-04-17,CA_2,HOBBIES_1_027,19.98,0.0,0.23980843544843763
2016-04-18,CA_2,HOBBIES_1_027,19.98,0.0,0.22743866262111914
2016-04-19,CA_2,HOBBIES_1_027,19.98,0.0,0.22743866262111914
2016-04-20,CA_2,HOBBIES_1_027,19.98,0.0,0.22743866262111914
2016-04-21,CA_2,HOBBIES_1_027,19.98,1.0,0.2377928030432563
2016-04-22,CA_2,HOBBIES_1_027,19.98,3.0,0.2712847893952906
2016-04-23,CA_2,HOBBIES_1_027,19.98,0.0,0.3466894252120957
2016-03-26,CA_2,HOBBIES_1_028,7.98,0.0,0.303218397676883
2016-03-27,CA_2,HOBBIES_1_028,7.98,0.0,0.22654073707640152
2016-03-28,CA_2,HOBBIES_1_028,7.98,0.0,0.20913411241315816
2016-03-29,CA_2,HOBBIES_1_028,7.98,0.0,0.17669286752999233
2016-03-30,CA_2,HOBBIES_1_028,7.98,0.0,0.17669286752999233
2016-03-31,CA_2,HOBBIES_1_028,7.98,1.0,0.23123637562528263
2016-04-01,CA_2,HOBBIES_1_028,7.98,2.0,0.2647283619773168
2016-04-02,CA_2,HOBBIES_1_028,7.98,0.0,0.2826690944266192
2016-04-03,CA_2,HOBBIES_1_028,7.98,0.0,0.3079135634411702
2016-04-04,CA_2,HOBBIES_1_028,7.98,0.0,0.2628251439647088
2016-04-05,CA_2,HOBBIES_1_028,7.98,0.0,0.23953818498576887
2016-04-06,CA_2,HOBBIES_1_028,7.98,0.0,0.23953818498576887
2016-04-07,CA_2,HOBBIES_1_028,7.98,0.0,0.28182304473742126
2016-04-08,CA_2,HOBBIES_1_028,7.98,0.0,0.31936947186617554
2016-04-09,CA_2,HOBBIES_1_028,7.98,1.0,0.3093244009477562
2016-04-10,CA_2,HOBBIES_1_028,7.98,0.0,0.1677221852263242
2016-04-11,CA_2,HOBBIES_1_028,7.98,0.0,0.1911127942681537
2016-04-12,CA_2,HOBBIES_1_028,7.98,0.0,0.18584715343421881
2016-04-13,CA_2,HOBBIES_1_028,7.98,0.0,0.18584715343421881
2016-04-14,CA_2,HOBBIES_1_028,7.98,0.0,0.23473496640453315
2016-04-15,CA_2,HOBBIES_1_028,7.98,1.0,0.27228139353328756
2016-04-16,CA_2,HOBBIES_1_028,7.98,0.0,0.26246144730419946
2016-04-17,CA_2,HOBBIES_1_028,7.98,1.0,0.2382197461456078
2016-04-18,CA_2,HOBBIES_1_028,7.98,0.0,0.18584715343421881
2016-04-19,CA_2,HOBBIES_1_028,7.98,0.0,0.22205708600158902
2016-04-20,CA_2,HOBBIES_1_028,7.98,1.0,0.21679144516765414
2016-04-21,CA_2,HOBBIES_1_028,7.98,0.0,0.2656792581379689
2016-04-22,CA_2,HOBBIES_1_028,7.98,0.0,0.3737311161426167
2016-04-23,CA_2,HOBBIES_1_028,7.98,0.0,0.35690942922843344
2016-03-26,CA_2,HOBBIES_1_029,8.98,1.0,0.7129871078842832
2016-03-27,CA_2,HOBBIES_1_029,8.98,1.0,0.519283360194588
2016-03-28,CA_2,HOBBIES_1_029,8.98,0.0,0.5212667067597122
2016-03-29,CA_2,HOBBIES_1_029,8.98,1.0,0.5653153681751913
2016-03-30,CA_2,HOBBIES_1_029,8.98,2.0,0.5080368809451049
2016-03-31,CA_2,HOBBIES_1_029,8.98,2.0,0.6354384248876388
2016-04-01,CA_2,HOBBIES_1_029,8.98,3.0,0.7960899559282968
2016-04-02,CA_2,HOBBIES_1_029,8.98,0.0,0.8403161503365068
2016-04-03,CA_2,HOBBIES_1_029,8.98,0.0,0.6815418603290017
2016-04-04,CA_2,HOBBIES_1_029,8.98,1.0,0.6847592578278404
2016-04-05,CA_2,HOBBIES_1_029,8.98,1.0,0.6723612181357124
2016-04-06,CA_2,HOBBIES_1_029,8.98,1.0,0.6900248986617752
2016-04-07,CA_2,HOBBIES_1_029,8.98,0.0,0.8109989231433847
2016-04-08,CA_2,HOBBIES_1_029,8.98,2.0,0.9630310339852194
2016-04-09,CA_2,HOBBIES_1_029,8.98,0.0,0.8712814014533956
2016-04-10,CA_2,HOBBIES_1_029,8.98,0.0,0.6821710574625894
2016-04-11,CA_2,HOBBIES_1_029,8.98,0.0,0.6066478675607054
2016-04-12,CA_2,HOBBIES_1_029,8.98,6.0,0.6066478675607054
2016-04-13,CA_2,HOBBIES_1_029,8.98,0.0,0.5952687739141254
2016-04-14,CA_2,HOBBIES_1_029,8.98,2.0,0.901371243627847
2016-04-15,CA_2,HOBBIES_1_029,8.98,0.0,1.1980753580401229
2016-04-16,CA_2,HOBBIES_1_029,8.98,1.0,1.2147887658486098
2016-04-17,CA_2,HOBBIES_1_029,8.98,0.0,0.8969636290268409
2016-04-18,CA_2,HOBBIES_1_029,8.98,0.0,0.8577682785143607
2016-04-19,CA_2,HOBBIES_1_029,8.98,0.0,0.8525026376804259
2016-04-20,CA_2,HOBBIES_1_029,8.98,0.0,0.8608049782680302
2016-04-21,CA_2,HOBBIES_1_029,8.98,0.0,0.8795002179756051
2016-04-22,CA_2,HOBBIES_1_029,8.98,1.0,1.0759253887211642
2016-04-23,CA_2,HOBBIES_1_029,8.98,1.0,0.9288153556648306
2016-03-26,CA_2,HOBBIES_1_030,0.7,6.0,3.6326556203790843
2016-03-27,CA_2,HOBBIES_1_030,0.7,1.0,2.9120556861189217
2016-03-28,CA_2,HOBBIES_1_030,0.7,13.0,2.425036046638127
2016-03-29,CA_2,HOBBIES_1_030,0.7,0.0,2.488745971166493
2016-03-30,CA_2,HOBBIES_1_030,0.7,3.0,2.383991500852658
2016-03-31,CA_2,HOBBIES_1_030,0.7,2.0,2.4814435668868553
2016-04-01,CA_2,HOBBIES_1_030,0.7,11.0,3.913480471933084
2016-04-02,CA_2,HOBBIES_1_030,0.7,1.0,3.4947439417742054
2016-04-03,CA_2,HOBBIES_1_030,0.7,2.0,2.924563800593857
2016-04-04,CA_2,HOBBIES_1_030,0.7,3.0,2.167669151533531
2016-04-05,CA_2,HOBBIES_1_030,0.7,8.0,2.2848159263469876
2016-04-06,CA_2,HOBBIES_1_030,0.7,1.0,2.715201447007024
2016-04-07,CA_2,HOBBIES_1_030,0.7,0.0,2.904268445352595
2016-04-08,CA_2,HOBBIES_1_030,0.7,0.0,3.852115633978167
2016-04-09,CA_2,HOBBIES_1_030,0.7,0.0,3.146749277512591
2016-04-10,CA_2,HOBBIES_1_030,0.7,0.0,2.5047537813537755
2016-04-11,CA_2,HOBBIES_1_030,0.7,0.0,2.2666419977258396
2016-04-12,CA_2,HOBBIES_1_030,0.7,0.0,2.2372250339411583
2016-04-13,CA_2,HOBBIES_1_030,0.7,5.0,2.232128986736075
2016-04-14,CA_2,HOBBIES_1_030,0.7,4.0,2.4985740642487855
2016-04-15,CA_2,HOBBIES_1_030,0.7,5.0,3.5766221422631377
2016-04-16,CA_2,HOBBIES_1_030,0.7,3.0,3.1488026410491976
2016-04-17,CA_2,HOBBIES_1_030,0.7,2.0,2.663560401889193
2016-04-18,CA_2,HOBBIES_1_030,0.7,0.0,2.4838415355640273
2016-04-19,CA_2,HOBBIES_1_030,0.7,3.0,2.3641791190070345
2016-04-20,CA_2,HOBBIES_1_030,0.7,0.0,2.254225655505163
2016-04-21,CA_2,HOBBIES_1_030,0.7,1.0,2.881306366324252
2016-04-22,CA_2,HOBBIES_1_030,0.7,1.0,3.5309333781534447
2016-04-23,CA_2,HOBBIES_1_030,0.7,4.0,3.1915829855029267
2016-03-26,CA_3,HOBBIES_1_001,8.26,1.0,1.3823247200665263
2016-03-27,CA_3,HOBBIES_1_001,8.26,2.0,1.102937775644815
2016-03-28,CA_3,HOBBIES_1_001,8.26,1.0,1.0501286126469782
2016-03-29,CA_3,HOBBIES_1_001,8.26,0.0,1.1007558075523427
2016-03-30,CA_3,HOBBIES_1_001,8.26,0.0,1.1007558075523427
2016-03-31,CA_3,HOBBIES_1_001,8.26,0.0,1.1599170922997166
2016-04-01,CA_3,HOBBIES_1_001,8.26,4.0,1.2374460961886418
2016-04-02,CA_3,HOBBIES_1_001,8.26,2.0,1.2342291031782158
2016-04-03,CA_3,HOBBIES_1_001,8.26,1.0,1.0883231723415105
2016-04-04,CA_3,HOBBIES_1_001,8.26,0.0,0.9925279905974242
2016-04-05,CA_3,HOBBIES_1_001,8.26,2.0,1.0070820203218331
2016-04-06,CA_3,HOBBIES_1_001,8.26,0.0,0.877243103264342
2016-04-07,CA_3,HOBBIES_1_001,8.26,0.0,1.165213550137615
2016-04-08,CA_3,HOBBIES_1_001,8.26,2.0,1.3620409151989172
2016-04-09,CA_3,HOBBIES_1_001,8.38,1.0,1.3541410618016538
2016-04-10,CA_3,HOBBIES_1_001,8.38,0.0,1.023305631824831
2016-04-11,CA_3,HOBBIES_1_001,8.38,0.0,0.9242282016421914
2016-04-12,CA_3,HOBBIES_1_001,8.38,0.0,0.8586687706382065
2016-04-13,CA_3,HOBBIES_1_001,8.38,0.0,0.8586687706382065
2016-04-14,CA_3,HOBBIES_1_001,8.38,0.0,0.9550373944602644
2016-04-15,CA_3,HOBBIES_1_001,8.38,2.0,1.1514625652058228
2016-04-16,CA_3,HOBBIES_1_001,8.38,4.0,1.1482455721953968
2016-04-17,CA_3,HOBBIES_1_001,8.38,0.0,0.8688586277736853
2016-04-18,CA_3,HOBBIES_1_001,8.38,1.0,0.9152996608406788
2016-04-19,CA_3,HOBBIES_1_001,8.38,1.0,0.8594068251013801
2016-04-20,CA_3,HOBBIES_1_001,8.38,1.0,0.9669300679214214
2016-04-21,CA_3,HOBBIES_1_001,8.38,0.0,0.9931231120865873
2016-04-22,CA_3,HOBBIES_1_001,8.38,3.0,1.2055180173307505
2016-04-23,CA_3,HOBBIES_1_001,8.38,3.0,1.1886963304165667
2016-03-26,CA_3,HOBBIES_1_002,3.97,0.0,0.15354665637107878
2016-03-27,CA_3,HOBBIES_1_002,3.97,0.0,0.10007957551524208
2016-03-28,CA_3,HOBBIES_1_002,3.97,0.0,0.08644713891862231
2016-03-29,CA_3,HOBBIES_1_002,3.97,0.0,0.08644713891862231
2016-03-30,CA_3,HOBBIES_1_002,3.97,0.0,0.08644713891862231
2016-03-31,CA_3,HOBBIES_1_002,3.97,0.0,0.1251811438464298
2016-04-01,CA_3,HOBBIES_1_002,3.97,0.0,0.08995140991502558
2016-04-02,CA_3,HOBBIES_1_002,3.97,0.0,0.0867344169045997
2016-04-03,CA_3,HOBBIES_1_002,3.97,0.0,0.05382161664367082
2016-04-04,CA_3,HOBBIES_1_002,3.97,0.0,0.04396854330812664
2016-04-05,CA_3,HOBBIES_1_002,3.97,0.0,0.04396854330812664
2016-04-06,CA_3,HOBBIES_1_002,3.97,0.0,0.04396854330812664
2016-04-07,CA_3,HOBBIES_1_002,3.97,0.0,0.06526678653074135
2016-04-08,CA_3,HOBBIES_1_002,3.97,0.0,0.08995140991502558
2016-04-09,CA_3,HOBBIES_1_002,3.97,0.0,0.0867344169045997
2016-04-10,CA_3,HOBBIES_1_002,3.97,0.0,0.05382161664367082
2016-04-11,CA_3,HOBBIES_1_002,3.97,0.0,0.04396854330812664
2016-04-12,CA_3,HOBBIES_1_002,3.97,0.0,0.04396854330812664
2016-04-13,CA_3,HOBBIES_1_002,3.97,0.0,0.04396854330812664
2016-04-14,CA_3,HOBBIES_1_002,3.97,0.0,0.06526678653074135
2016-04-15,CA_3,HOBBIES_1_002,3.97,0.0,0.08995140991502558
2016-04-16,CA_3,HOBBIES_1_002,3.97,0.0,0.0867344169045997
2016-04-17,CA_3,HOBBIES_1_002,3.97,2.0,0.05382161664367082
2016-04-18,CA_3,HOBBIES_1_002,3.97,0.0,0.04396854330812664
2016-04-19,CA_3,HOBBIES_1_002,3.97,0.0,0.19207377325509992
2016-04-20,CA_3,HOBBIES_1_002,3.97,0.0,0.18680813242116504
2016-04-21,CA_3,HOBBIES_1_002,3.97,0.0,0.22554213734897252
2016-04-22,CA_3,HOBBIES_1_002,3.97,1.0,0.27715380828580943
2016-04-23,CA_3,HOBBIES_1_002,3.97,0.0,0.27393681527538355
2016-03-26,CA_3,HOBBIES_1_003,2.97,0.0,0.6858767836751324
2016-03-27,CA_3,HOBBIES_1_003,2.97,0.0,0.5381821270211691
2016-03-28,CA_3,HOBBIES_1_003,2.97,0.0,0.45448701681568154
2016-03-29,CA_3,HOBBIES_1_003,2.97,0.0,0.45448701681568154
2016-03-30,CA_3,HOBBIES_1_003,2.97,0.0,0.45448701681568154
2016-03-31,CA_3,HOBBIES_1_003,2.97,0.0,0.5309993760290735
2016-04-01,CA_3,HOBBIES_1_003,2.97,1.0,0.6146353696541745
2016-04-02,CA_3,HOBBIES_1_003,2.97,1.0,0.5708365970978099
2016-04-03,CA_3,HOBBIES_1_003,2.97,0.0,0.4308771149783851
2016-04-04,CA_3,HOBBIES_1_003,2.97,0.0,0.4083666388019945
2016-04-05,CA_3,HOBBIES_1_003,2.97,0.0,0.3762951840756576
2016-04-06,CA_3,HOBBIES_1_003,2.97,0.0,0.34864007828323
2016-04-07,CA_3,HOBBIES_1_003,2.97,0.0,0.4177087773639472
2016-04-08,CA_3,HOBBIES_1_003,2.97,0.0,0.49424837369398783
2016-04-09,CA_3,HOBBIES_1_003,2.97,0.0,0.487227977213428
2016-04-10,CA_3,HOBBIES_1_003,2.97,1.0,0.32855554510385465
2016-04-11,CA_3,HOBBIES_1_003,2.97,0.0,0.2677458098866526
2016-04-12,CA_3,HOBBIES_1_003,2.97,0.0,0.3282228319827168
2016-04-13,CA_3,HOBBIES_1_003,2.97,1.0,0.3001870547698185
2016-04-14,CA_3,HOBBIES_1_003,2.97,0.0,0.33734977230343566
2016-04-15,CA_3,HOBBIES_1_003,2.97,0.0,0.47488769791344093
2016-04-16,CA_3,HOBBIES_1_003,2.97,0.0,0.4256912967166547
2016-04-17,CA_3,HOBBIES_1_003,2.97,0.0,0.3189291158348424
2016-04-18,CA_3,HOBBIES_1_003,2.97,0.0,0.26045482030928463
2016-04-19,CA_3,HOBBIES_1_003,2.97,0.0,0.22951052857584905
2016-04-20,CA_3,HOBBIES_1_003,2.97,0.0,0.22951052857584905
2016-04-21,CA_3,HOBBIES_1_003,2.97,0.0,0.2843274571979719
2016-04-22,CA_3,HOBBIES_1_003,2.97,1.0,0.2804851679255082
2016-04-23,CA_3,HOBBIES_1_003,2.97,1.0,0.27346477144494846
2016-03-26,CA_3,HOBBIES_1_004,4.64,3.0,5.574642127000711
2016-03-27,CA_3,HOBBIES_1_004,4.64,6.0,5.780217455266267
2016-03-28,CA_3,HOBBIES_1_004,4.64,10.0,5.151616891735771
2016-03-29,CA_3,HOBBIES_1_004,4.64,4.0,5.229304909846446
2016-03-30,CA_3,HOBBIES_1_004,4.64,3.0,5.580302873233917
2016-03-31,CA_3,HOBBIES_1_004,4.64,8.0,5.966377983243732
2016-04-01,CA_3,HOBBIES_1_004,4.64,13.0,7.041783697856755
2016-04-02,CA_3,HOBBIES_1_004,4.64,6.0,6.7022709603198205
2016-04-03,CA_3,HOBBIES_1_004,4.64,9.0,5.525061294915512
2016-04-04,CA_3,HOBBIES_1_004,4.64,1.0,5.383471257855234
2016-04-05,CA_3,HOBBIES_1_004,4.64,6.0,5.579497397268431
2016-04-06,CA_3,HOBBIES_1_004,4.64,10.0,5.345234373378053
2016-04-07,CA_3,HOBBIES_1_004,4.64,5.0,5.78496779754237
2016-04-08,CA_3,HOBBIES_1_004,4.64,9.0,6.59103950013171
2016-04-09,CA_3,HOBBIES_1_004,4.64,7.0,6.378741215925953
2016-04-10,CA_3,HOBBIES_1_004,4.64,5.0,5.49258398839843
2016-04-11,CA_3,HOBBIES_1_004,4.64,10.0,5.465024136062332
2016-04-12,CA_3,HOBBIES_1_004,4.64,4.0,5.464243342137928
2016-04-13,CA_3,HOBBIES_1_004,4.64,5.0,5.203529547604605
2016-04-14,CA_3,HOBBIES_1_004,4.64,2.0,5.953585357084759
2016-04-15,CA_3,HOBBIES_1_004,4.64,7.0,6.300812147677801
2016-04-16,CA_3,HOBBIES_1_004,4.64,10.0,6.76699382635097
2016-04-17,CA_3,HOBBIES_1_004,4.64,15.0,5.5046925521612495
2016-04-18,CA_3,HOBBIES_1_004,4.64,3.0,5.663956307183156
2016-04-19,CA_3,HOBBIES_1_004,4.64,0.0,6.427844043019793
2016-04-20,CA_3,HOBBIES_1_004,4.64,3.0,5.613551394402551
2016-04-21,CA_3,HOBBIES_1_004,4.64,4.0,5.629928896505708
2016-04-22,CA_3,HOBBIES_1_004,4.64,12.0,7.129066735534192
2016-04-23,CA_3,HOBBIES_1_004,4.64,3.0,7.215341028009176
2016-03-26,CA_3,HOBBIES_1_005,2.88,5.0,3.6110797832828103
2016-03-27,CA_3,HOBBIES_1_005,2.88,1.0,2.926193379127694
2016-03-28,CA_3,HOBBIES_1_005,2.88,2.0,2.8111108801592164
2016-03-29,CA_3,HOBBIES_1_005,2.88,2.0,2.813754486087742
2016-03-30,CA_3,HOBBIES_1_005,2.88,2.0,2.813754486087742
2016-03-31,CA_3,HOBBIES_1_005,2.88,1.0,3.1194293766134895
2016-04-01,CA_3,HOBBIES_1_005,2.88,2.0,3.606077301440669
2016-04-02,CA_3,HOBBIES_1_005,2.88,1.0,3.4473656724932558
2016-04-03,CA_3,HOBBIES_1_005,2.88,1.0,2.8811126362801356
2016-04-04,CA_3,HOBBIES_1_005,2.88,4.0,2.6325801502103303
2016-04-05,CA_3,HOBBIES_1_005,2.88,4.0,2.4410609519611084
2016-04-06,CA_3,HOBBIES_1_005,2.88,0.0,2.4757017351125215
2016-04-07,CA_3,HOBBIES_1_005,2.88,1.0,3.024951897337861
2016-04-08,CA_3,HOBBIES_1_005,2.88,1.0,3.1761345098144664
2016-04-09,CA_3,HOBBIES_1_005,2.88,2.0,3.015501857393597
2016-04-10,CA_3,HOBBIES_1_005,2.88,2.0,2.471584741493018
2016-04-11,CA_3,HOBBIES_1_005,2.88,1.0,2.225332945636785
2016-04-12,CA_3,HOBBIES_1_005,2.88,0.0,1.9748746687890035
2016-04-13,CA_3,HOBBIES_1_005,2.88,1.0,1.9620388197166203
2016-04-14,CA_3,HOBBIES_1_005,2.88,0.0,2.3462685245577584
2016-04-15,CA_3,HOBBIES_1_005,2.88,3.0,2.610886593149994
2016-04-16,CA_3,HOBBIES_1_005,2.88,5.0,2.6441608481692596
2016-04-17,CA_3,HOBBIES_1_005,2.88,1.0,1.9629572613352269
2016-04-18,CA_3,HOBBIES_1_005,2.88,2.0,1.7700290052977738
2016-04-19,CA_3,HOBBIES_1_005,2.88,0.0,1.7903820158158612
2016-04-20,CA_3,HOBBIES_1_005,2.88,0.0,1.7403373205898778
2016-04-21,CA_3,HOBBIES_1_005,2.88,0.0,1.9602027749831308
2016-04-22,CA_3,HOBBIES_1_005,2.88,5.0,2.313013621274839
2016-04-23,CA_3,HOBBIES_1_005,2.88,1.0,1.9833958258396185
2016-03-26,CA_3,HOBBIES_1_006,0.96,4.0,1.5120743366442748
2016-03-27,CA_3,HOBBIES_1_006,0.96,1.0,1.3246921547792998
2016-03-28,CA_3,HOBBIES_1_006,0.96,1.0,1.2681203750891683
2016-03-29,CA_3,HOBBIES_1_006,0.96,0.0,1.3836987643745182
2016-03-30,CA_3,HOBBIES_1_006,0.96,0.0,1.1608320266103482
2016-03-31,CA_3,HOBBIES_1_006,0.96,0.0,1.2926594397076918
2016-04-01,CA_3,HOBBIES_1_006,0.96,1.0,1.3747460383351298
2016-04-02,CA_3,HOBBIES_1_006,0.96,2.0,1.3657028176357373
2016-04-03,CA_3,HOBBIES_1_006,0.96,0.0,1.080109288684571
2016-04-04,CA_3,HOBBIES_1_006,0.96,2.0,1.0094012261422607
2016-04-05,CA_3,HOBBIES_1_006,0.96,0.0,0.9299932744862135
2016-04-06,CA_3,HOBBIES_1_006,0.96,1.0,1.1350049290659665
2016-04-07,CA_3,HOBBIES_1_006,0.96,2.0,1.0027062094954553
2016-04-08,CA_3,HOBBIES_1_006,0.96,0.0,1.2413278500704688
2016-04-09,CA_3,HOBBIES_1_006,0.96,3.0,1.3386855781767588
2016-04-10,CA_3,HOBBIES_1_006,0.96,1.0,0.984970712038205
2016-04-11,CA_3,HOBBIES_1_006,0.96,0.0,1.135487973248524
2016-04-12,CA_3,HOBBIES_1_006,0.96,1.0,1.1097552298392945
2016-04-13,CA_3,HOBBIES_1_006,0.96,0.0,1.0157322065374164
2016-04-14,CA_3,HOBBIES_1_006,0.96,2.0,1.265216894894966
2016-04-15,CA_3,HOBBIES_1_006,0.96,2.0,1.260071461321647
2016-04-16,CA_3,HOBBIES_1_006,0.96,3.0,1.3991163489536123
2016-04-17,CA_3,HOBBIES_1_006,0.96,0.0,1.2367971475921617
2016-04-18,CA_3,HOBBIES_1_006,0.96,0.0,1.1911643962709968
2016-04-19,CA_3,HOBBIES_1_006,0.96,2.0,1.1933624929236089
2016-04-20,CA_3,HOBBIES_1_006,0.96,1.0,1.095336325621604
2016-04-21,CA_3,HOBBIES_1_006,0.96,1.0,1.359704775108608
2016-04-22,CA_3,HOBBIES_1_006,0.96,0.0,1.5905844977196466
2016-04-23,CA_3,HOBBIES_1_006,0.96,6.0,1.550914286728865
2016-03-26,CA_3,HOBBIES_1_007,7.88,1.0,0.31671022895039613
2016-03-27,CA_3,HOBBIES_1_007,7.88,0.0,0.24003256834991463
2016-03-28,CA_3,HOBBIES_1_007,7.88,0.0,0.22789158452060615
2016-03-29,CA_3,HOBBIES_1_007,7.88,0.0,0.19933898470773193
2016-03-30,CA_3,HOBBIES_1_007,7.88,0.0,0.19933898470773193
2016-03-31,CA_3,HOBBIES_1_007,7.88,1.0,0.24822679767804626
2016-04-01,CA_3,HOBBIES_1_007,7.88,0.0,0.2857732248068008
2016-04-02,CA_3,HOBBIES_1_007,7.88,1.0,0.36125921458758925
2016-04-03,CA_3,HOBBIES_1_007,7.88,0.0,0.248109443607451
2016-04-04,CA_3,HOBBIES_1_007,7.88,1.0,0.2588358762540421
2016-04-05,CA_3,HOBBIES_1_007,7.88,0.0,0.23028327644116725
2016-04-06,CA_3,HOBBIES_1_007,7.88,1.0,0.2815826160721569
2016-04-07,CA_3,HOBBIES_1_007,7.88,0.0,0.3308604833335123
2016-04-08,CA_3,HOBBIES_1_007,7.88,0.0,0.4155461231287664
2016-04-09,CA_3,HOBBIES_1_007,7.88,0.0,0.3944809215034947
2016-04-10,CA_3,HOBBIES_1_007,7.88,0.0,0.29372359990146524
2016-04-11,CA_3,HOBBIES_1_007,7.88,0.0,0.2535702354201071
2016-04-12,CA_3,HOBBIES_1_007,7.88,2.0,0.23028327644116725
2016-04-13,CA_3,HOBBIES_1_007,7.88,1.0,0.19933898470773193
2016-04-14,CA_3,HOBBIES_1_007,7.88,0.0,0.36020578516899543
2016-04-15,CA_3,HOBBIES_1_007,7.88,2.0,0.4346125146311599
2016-04-16,CA_3,HOBBIES_1_007,7.88,0.0,0.4177908277169765
2016-04-17,CA_3,HOBBIES_1_007,7.88,0.0,0.421013292681934
2016-04-18,CA_3,HOBBIES_1_007,7.88,1.0,0.37259734540560324
2016-04-19,CA_3,HOBBIES_1_007,7.88,0.0,0.37259734540560324
2016-04-20,CA_3,HOBBIES_1_007,7.88,2.0,0.41518468729665176
2016-04-21,CA_3,HOBBIES_1_007,7.88,0.0,0.4362534781656527
2016-04-22,CA_3,HOBBIES_1_007,7.88,0.0,0.6187742717046438
2016-04-23,CA_3,HOBBIES_1_007,7.88,0.0,0.6019525847904607
2016-03-26,CA_3,HOBBIES_1_008,0.48,0.0,4.592710208222384
2016-03-27,CA_3,HOBBIES_1_008,0.48,11.0,3.6177473489323453
2016-03-28,CA_3,HOBBIES_1_008,0.48,4.0,3.7377541233845695
2016-03-29,CA_3,HOBBIES_1_008,0.48,4.0,5.5032214701278495
2016-03-30,CA_3,HOBBIES_1_008,0.48,27.0,5.54073821685743
2016-03-31,CA_3,HOBBIES_1_008,0.48,13.0,6.465491455779536
2016-04-01,CA_3,HOBBIES_1_008,0.48,12.0,6.694171596917043
2016-04-02,CA_3,HOBBIES_1_008,0.48,2.0,8.362263182440032
2016-04-03,CA_3,HOBBIES_1_008,0.48,6.0,7.7745770197789295
2016-04-04,CA_3,HOBBIES_1_008,0.48,2.0,7.035718081367819
2016-04-05,CA_3,HOBBIES_1_008,0.48,10.0,7.746132745720716
2016-04-06,CA_3,HOBBIES_1_008,0.48,4.0,7.730008028300055
2016-04-07,CA_3,HOBBIES_1_008,0.48,4.0,8.493744497215133
2016-04-08,CA_3,HOBBIES_1_008,0.48,11.0,9.70779678646957
2016-04-09,CA_3,HOBBIES_1_008,0.48,0.0,8.495856479508197
2016-04-10,CA_3,HOBBIES_1_008,0.48,12.0,6.941385490537132
2016-04-11,CA_3,HOBBIES_1_008,0.48,10.0,5.336917576395894
2016-04-12,CA_3,HOBBIES_1_008,0.48,16.0,6.965445047202658
2016-04-13,CA_3,HOBBIES_1_008,0.48,2.0,7.439482233560791
2016-04-14,CA_3,HOBBIES_1_008,0.48,2.0,7.519426248351063
2016-04-15,CA_3,HOBBIES_1_008,0.48,12.0,8.854112514572687
2016-04-16,CA_3,HOBBIES_1_008,0.48,13.0,8.307532549062852
2016-04-17,CA_3,HOBBIES_1_008,0.48,2.0,6.916441976482107
2016-04-18,CA_3,HOBBIES_1_008,0.48,4.0,7.860013003555776
2016-04-19,CA_3,HOBBIES_1_008,0.48,10.0,7.172202978827723
2016-04-20,CA_3,HOBBIES_1_008,0.48,15.0,7.06581020551999
2016-04-21,CA_3,HOBBIES_1_008,0.48,6.0,7.4393878299230085
2016-04-22,CA_3,HOBBIES_1_008,0.48,15.0,9.055076833843318
2016-04-23,CA_3,HOBBIES_1_008,0.48,8.0,8.930241978220659
2016-03-26,CA_3,HOBBIES_1_009,1.77,0.0,0.3653026628121302
2016-03-27,CA_3,HOBBIES_1_009,1.77,0.0,0.23824835472381062
2016-03-28,CA_3,HOBBIES_1_009,1.77,0.0,0.22727033066966099
2016-03-29,CA_3,HOBBIES_1_009,1.77,0.0,0.20398337169072142
2016-03-30,CA_3,HOBBIES_1_009,1.77,1.0,0.20398337169072142
2016-03-31,CA_3,HOBBIES_1_009,1.77,0.0,0.25880030031284423
2016-04-01,CA_3,HOBBIES_1_009,1.77,3.0,0.4735418660092972
2016-04-02,CA_3,HOBBIES_1_009,1.77,10.0,0.4427304085362895
2016-04-03,CA_3,HOBBIES_1_009,1.77,0.0,0.4945816096925725
2016-04-04,CA_3,HOBBIES_1_009,1.77,2.0,0.4893671229655531
2016-04-05,CA_3,HOBBIES_1_009,1.77,0.0,0.5232824724626328
2016-04-06,CA_3,HOBBIES_1_009,1.77,1.0,0.5702987914270379
2016-04-07,CA_3,HOBBIES_1_009,1.77,1.0,0.6113286665290375
2016-04-08,CA_3,HOBBIES_1_009,1.77,3.0,0.8035539127613953
2016-04-09,CA_3,HOBBIES_1_009,1.77,0.0,0.8845225074120702
2016-04-10,CA_3,HOBBIES_1_009,1.77,1.0,0.6788804349477503
2016-04-11,CA_3,HOBBIES_1_009,1.77,0.0,0.7120982946509955
2016-04-12,CA_3,HOBBIES_1_009,1.77,1.0,0.7840617891020408
2016-04-13,CA_3,HOBBIES_1_009,1.77,0.0,0.6986067980514782
2016-04-14,CA_3,HOBBIES_1_009,1.77,3.0,0.8758594457287019
2016-04-15,CA_3,HOBBIES_1_009,1.77,3.0,1.0411277351380934
2016-04-16,CA_3,HOBBIES_1_009,1.77,0.0,1.2464732929429942
2016-04-17,CA_3,HOBBIES_1_009,1.77,0.0,1.07518833612616
2016-04-18,CA_3,HOBBIES_1_009,1.77,3.0,0.9929418020103035
2016-04-19,CA_3,HOBBIES_1_009,1.77,1.0,0.9425091082219975
2016-04-20,CA_3,HOBBIES_1_009,1.77,0.0,0.9955243127140321
2016-04-21,CA_3,HOBBIES_1_009,1.77,0.0,1.1741389879060316
2016-04-22,CA_3,HOBBIES_1_009,1.77,0.0,1.3998304371958985
2016-04-23,CA_3,HOBBIES_1_009,1.77,5.0,1.3846639485626016
2016-03-26,CA_3,HOBBIES_1_010,2.97,0.0,0.6159592284296096
2016-03-27,CA_3,HOBBIES_1_010,2.97,1.0,0.4888116612410238
2016-03-28,CA_3,HOBBIES_1_010,2.97,0.0,0.4630277281957063
2016-03-29,CA_3,HOBBIES_1_010,2.97,2.0,0.49200431677780704
2016-03-30,CA_3,HOBBIES_1_010,2.97,2.0,0.48147727134488477
2016-03-31,CA_3,HOBBIES_1_010,2.97,0.0,0.6367600053375627
2016-04-01,CA_3,HOBBIES_1_010,2.97,1.0,0.8797527371092911
2016-04-02,CA_3,HOBBIES_1_010,2.97,2.0,0.778938296508346
2016-04-03,CA_3,HOBBIES_1_010,2.97,2.0,0.6311520919547193
2016-04-04,CA_3,HOBBIES_1_010,2.97,0.0,0.7009532574837494
2016-04-05,CA_3,HOBBIES_1_010,2.97,1.0,0.7411145865245992
2016-04-06,CA_3,HOBBIES_1_010,2.97,0.0,0.6993855698563026
2016-04-07,CA_3,HOBBIES_1_010,2.97,1.0,0.7966544263817928
2016-04-08,CA_3,HOBBIES_1_010,2.97,2.0,0.8620440508506968
2016-04-09,CA_3,HOBBIES_1_010,2.97,1.0,0.8983850047022156
2016-04-10,CA_3,HOBBIES_1_010,2.97,0.0,0.7525423928074644
2016-04-11,CA_3,HOBBIES_1_010,2.97,2.0,0.6892876082739812
2016-04-12,CA_3,HOBBIES_1_010,2.97,0.0,0.5900722083537935
2016-04-13,CA_3,HOBBIES_1_010,2.97,0.0,0.6892876082739812
2016-04-14,CA_3,HOBBIES_1_010,2.97,2.0,0.7499664799097685
2016-04-15,CA_3,HOBBIES_1_010,2.97,0.0,0.8932460220860712
2016-04-16,CA_3,HOBBIES_1_010,2.97,0.0,1.031424953678726
2016-04-17,CA_3,HOBBIES_1_010,2.97,0.0,0.7026557493759154
2016-04-18,CA_3,HOBBIES_1_010,2.97,2.0,0.6695175561598197
2016-04-19,CA_3,HOBBIES_1_010,2.97,0.0,0.6332196221004587
2016-04-20,CA_3,HOBBIES_1_010,2.97,1.0,0.6800446015927418
2016-04-21,CA_3,HOBBIES_1_010,2.97,2.0,0.7754499725154262
2016-04-22,CA_3,HOBBIES_1_010,2.97,2.0,1.0580059264051815
2016-04-23,CA_3,HOBBIES_1_010,2.97,1.0,1.0509855299246216
2016-03-26,CA_3,HOBBIES_1_011,3.48,0.0,0.24272559758329565
2016-03-27,CA_3,HOBBIES_1_011,3.48,0.0,0.17876518288744747
2016-03-28,CA_3,HOBBIES_1_011,3.48,0.0,0.15982027922053074
2016-03-29,CA_3,HOBBIES_1_011,3.48,0.0,0.15982027922053074
2016-03-30,CA_3,HOBBIES_1_011,3.48,0.0,0.15924185998311854
2016-03-31,CA_3,HOBBIES_1_011,3.48,0.0,0.20123070249685918
2016-04-01,CA_3,HOBBIES_1_011,3.48,0.0,0.23933963737505912
2016-04-02,CA_3,HOBBIES_1_011,3.48,0.0,0.23612264436463323
2016-04-03,CA_3,HOBBIES_1_011,3.48,0.0,0.1721622296687851
2016-04-04,CA_3,HOBBIES_1_011,3.48,0.0,0.13731519732224054
2016-04-05,CA_3,HOBBIES_1_011,3.48,0.0,0.13731519732224054
2016-04-06,CA_3,HOBBIES_1_011,3.48,0.0,0.13731519732224054
2016-04-07,CA_3,HOBBIES_1_011,3.48,0.0,0.15392155417555
2016-04-08,CA_3,HOBBIES_1_011,3.48,0.0,0.19203048905374995
2016-04-09,CA_3,HOBBIES_1_011,3.48,0.0,0.18881349604332406
2016-04-10,CA_3,HOBBIES_1_011,3.48,0.0,0.11213051276217634
2016-04-11,CA_3,HOBBIES_1_011,3.48,0.0,0.09842599818339576
2016-04-12,CA_3,HOBBIES_1_011,3.48,0.0,0.09842599818339576
2016-04-13,CA_3,HOBBIES_1_011,3.48,1.0,0.09842599818339576
2016-04-14,CA_3,HOBBIES_1_011,3.48,1.0,0.11353335848974905
2016-04-15,CA_3,HOBBIES_1_011,3.48,0.0,0.20042758663857327
2016-04-16,CA_3,HOBBIES_1_011,3.48,0.0,0.24921168033740282
2016-04-17,CA_3,HOBBIES_1_011,3.48,0.0,0.17242298665112799
2016-04-18,CA_3,HOBBIES_1_011,3.48,0.0,0.16181153479999738
2016-04-19,CA_3,HOBBIES_1_011,3.48,0.0,0.16181153479999738
2016-04-20,CA_3,HOBBIES_1_011,3.48,0.0,0.16181153479999738
2016-04-21,CA_3,HOBBIES_1_011,3.48,0.0,0.1979756900821704
2016-04-22,CA_3,HOBBIES_1_011,3.48,0.0,0.20787968771063564
2016-04-23,CA_3,HOBBIES_1_011,3.48,0.0,0.16295566599021777
2016-03-26,CA_3,HOBBIES_1_012,6.52,1.0,0.6470234366620572
2016-03-27,CA_3,HOBBIES_1_012,6.52,0.0,0.4828911503072556
2016-03-28,CA_3,HOBBIES_1_012,6.52,2.0,0.45259381946023375
2016-03-29,CA_3,HOBBIES_1_012,6.52,1.0,0.3679340153615746
2016-03-30,CA_3,HOBBIES_1_012,6.52,1.0,0.45683733417132205
2016-03-31,CA_3,HOBBIES_1_012,6.52,0.0,0.5543024819248276
2016-04-01,CA_3,HOBBIES_1_012,6.52,2.0,0.6794677319339087
2016-04-02,CA_3,HOBBIES_1_012,6.52,0.0,0.6626460450197256
2016-04-03,CA_3,HOBBIES_1_012,6.52,0.0,0.6191738221718852
2016-04-04,CA_3,HOBBIES_1_012,6.52,0.0,0.5103883952114284
2016-04-05,CA_3,HOBBIES_1_012,6.52,1.0,0.4883768450633606
2016-04-06,CA_3,HOBBIES_1_012,6.52,0.0,0.45157169333738706
2016-04-07,CA_3,HOBBIES_1_012,6.52,1.0,0.5429233882782475
2016-04-08,CA_3,HOBBIES_1_012,6.52,1.0,0.6188022520520925
2016-04-09,CA_3,HOBBIES_1_012,6.52,1.0,0.6472408650315435
2016-04-10,CA_3,HOBBIES_1_012,6.52,0.0,0.5041240643642846
2016-04-11,CA_3,HOBBIES_1_012,6.52,0.0,0.47884888431939016
2016-04-12,CA_3,HOBBIES_1_012,6.52,0.0,0.4559524632400958
2016-04-13,CA_3,HOBBIES_1_012,6.52,0.0,0.4559524632400958
2016-04-14,CA_3,HOBBIES_1_012,6.52,0.0,0.5334142327332244
2016-04-15,CA_3,HOBBIES_1_012,6.52,0.0,0.6326096494271238
2016-04-16,CA_3,HOBBIES_1_012,6.52,1.0,0.5928385192235517
2016-04-17,CA_3,HOBBIES_1_012,6.52,1.0,0.4153927213806735
2016-04-18,CA_3,HOBBIES_1_012,6.52,0.0,0.39890278790868333
2016-04-19,CA_3,HOBBIES_1_012,6.52,1.0,0.4298470796421187
2016-04-20,CA_3,HOBBIES_1_012,6.52,0.0,0.42458143880818383
2016-04-21,CA_3,HOBBIES_1_012,6.52,0.0,0.5386798735671592
2016-04-22,CA_3,HOBBIES_1_012,6.52,2.0,0.6188022520520925
2016-04-23,CA_3,HOBBIES_1_012,6.52,0.0,0.6155852590416666
2016-03-26,CA_3,HOBBIES_1_013,1.97,1.0,0.5828819112593197
2016-03-27,CA_3,HOBBIES_1_013,1.97,1.0,0.47165946985485896
2016-03-28,CA_3,HOBBIES_1_013,1.97,1.0,0.49460046253989504
2016-03-29,CA_3,HOBBIES_1_013,1.97,1.0,0.47608565486768556
2016-03-30,CA_3,HOBBIES_1_013,1.97,1.0,0.4804664247703944
2016-03-31,CA_3,HOBBIES_1_013,1.97,1.0,0.5627584952327186
2016-04-01,CA_3,HOBBIES_1_013,1.97,0.0,0.7470339592217642
2016-04-02,CA_3,HOBBIES_1_013,1.97,0.0,0.7777935046292298
2016-04-03,CA_3,HOBBIES_1_013,1.97,0.0,0.5482870434392182
2016-04-04,CA_3,HOBBIES_1_013,1.97,0.0,0.5219522257336241
2016-04-05,CA_3,HOBBIES_1_013,1.97,0.0,0.5378708876437456
2016-04-06,CA_3,HOBBIES_1_013,1.97,0.0,0.5336273729326573
2016-04-07,CA_3,HOBBIES_1_013,1.97,0.0,0.5624375536494639
2016-04-08,CA_3,HOBBIES_1_013,1.97,0.0,0.6284427670292059
2016-04-09,CA_3,HOBBIES_1_013,1.97,0.0,0.5649767483846075
2016-04-10,CA_3,HOBBIES_1_013,1.97,0.0,0.42440507994699805
2016-04-11,CA_3,HOBBIES_1_013,1.97,0.0,0.3911014801990805
2016-04-12,CA_3,HOBBIES_1_013,1.97,0.0,0.37265193704990157
2016-04-13,CA_3,HOBBIES_1_013,1.97,1.0,0.37265193704990157
2016-04-14,CA_3,HOBBIES_1_013,1.97,0.0,0.44916429626329335
2016-04-15,CA_3,HOBBIES_1_013,1.97,3.0,0.6335014681569192
2016-04-16,CA_3,HOBBIES_1_013,1.97,1.0,0.5708365970978099
2016-04-17,CA_3,HOBBIES_1_013,1.97,0.0,0.5505029079492235
2016-04-18,CA_3,HOBBIES_1_013,1.97,1.0,0.541154423387162
2016-04-19,CA_3,HOBBIES_1_013,1.97,0.0,0.508615827806172
2016-04-20,CA_3,HOBBIES_1_013,1.97,1.0,0.5288094685037803
2016-04-21,CA_3,HOBBIES_1_013,1.97,0.0,0.59479478228425
2016-04-22,CA_3,HOBBIES_1_013,1.97,0.0,0.7528119450954986
2016-04-23,CA_3,HOBBIES_1_013,1.97,1.0,0.7131180527371628
2016-03-26,CA_3,HOBBIES_1_014,1.16,0.0,4.877334040899563
2016-03-27,CA_3,HOBBIES_1_014,1.16,4.0,4.263516151661189
2016-03-28,CA_3,HOBBIES_1_014,1.16,0.0,4.085856148721398
2016-03-29,CA_3,HOBBIES_1_014,1.16,4.0,3.9592669332727906
2016-03-30,CA_3,HOBBIES_1_014,1.16,6.0,3.278564881557224
2016-03-31,CA_3,HOBBIES_1_014,1.16,7.0,4.416627681790401
2016-04-01,CA_3,HOBBIES_1_014,1.16,0.0,4.1807464535419845
2016-04-02,CA_3,HOBBIES_1_014,1.16,0.0,4.076044392524388
2016-04-03,CA_3,HOBBIES_1_014,1.16,0.0,3.274578277520196
2016-04-04,CA_3,HOBBIES_1_014,1.16,1.0,3.3875639311682613
2016-04-05,CA_3,HOBBIES_1_014,1.16,3.0,3.082805817850051
2016-04-06,CA_3,HOBBIES_1_014,1.16,1.0,3.159889491381775
2016-04-07,CA_3,HOBBIES_1_014,1.16,12.0,3.2567702262277844
2016-04-08,CA_3,HOBBIES_1_014,1.16,1.0,3.4025084090191036
2016-04-09,CA_3,HOBBIES_1_014,1.16,0.0,3.349247261729393
2016-04-10,CA_3,HOBBIES_1_014,1.16,3.0,3.0523833648948147
2016-04-11,CA_3,HOBBIES_1_014,1.16,2.0,2.9094512282573253
2016-04-12,CA_3,HOBBIES_1_014,1.16,12.0,3.0059692425323044
2016-04-13,CA_3,HOBBIES_1_014,1.16,1.0,3.1503131069880435
2016-04-14,CA_3,HOBBIES_1_014,1.16,0.0,3.0177050134660752
2016-04-15,CA_3,HOBBIES_1_014,1.16,6.0,3.8239083210389824
2016-04-16,CA_3,HOBBIES_1_014,1.16,3.0,3.522315717289098
2016-04-17,CA_3,HOBBIES_1_014,1.16,3.0,3.138433403532827
2016-04-18,CA_3,HOBBIES_1_014,1.16,6.0,2.9413204616087043
2016-04-19,CA_3,HOBBIES_1_014,1.16,6.0,3.118144517598818
2016-04-20,CA_3,HOBBIES_1_014,1.16,0.0,2.9276830574033514
2016-04-21,CA_3,HOBBIES_1_014,1.16,6.0,3.113213506066861
2016-04-22,CA_3,HOBBIES_1_014,1.16,0.0,3.8825972134599955
2016-04-23,CA_3,HOBBIES_1_014,1.16,8.0,3.9496908955133962
2016-03-26,CA_3,HOBBIES_1_015,0.7,8.0,14.853018506668498
2016-03-27,CA_3,HOBBIES_1_015,0.7,13.0,11.216271060870538
2016-03-28,CA_3,HOBBIES_1_015,0.7,0.0,8.812615612055858
2016-03-29,CA_3,HOBBIES_1_015,0.7,1.0,8.261026846657579
2016-03-30,CA_3,HOBBIES_1_015,0.7,2.0,7.545902353160676
2016-03-31,CA_3,HOBBIES_1_015,0.7,6.0,9.512068874279805
2016-04-01,CA_3,HOBBIES_1_015,0.7,10.0,11.892571735235341
2016-04-02,CA_3,HOBBIES_1_015,0.7,14.0,9.60238684390315
2016-04-03,CA_3,HOBBIES_1_015,0.7,6.0,9.326610461040804
2016-04-04,CA_3,HOBBIES_1_015,0.7,2.0,8.298117917458127
2016-04-05,CA_3,HOBBIES_1_015,0.7,2.0,8.885802920297603
2016-04-06,CA_3,HOBBIES_1_015,0.7,1.0,9.763848319953274
2016-04-07,CA_3,HOBBIES_1_015,0.7,0.0,11.386814677018569
2016-04-08,CA_3,HOBBIES_1_015,0.7,6.0,13.455017555364897
2016-04-09,CA_3,HOBBIES_1_015,0.7,0.0,9.341176038187
2016-04-10,CA_3,HOBBIES_1_015,0.7,0.0,6.908871146955719
2016-04-11,CA_3,HOBBIES_1_015,0.7,3.0,6.27987781574132
2016-04-12,CA_3,HOBBIES_1_015,0.7,0.0,6.081001772140081
2016-04-13,CA_3,HOBBIES_1_015,0.7,4.0,6.699147410444278
2016-04-14,CA_3,HOBBIES_1_015,0.7,4.0,5.398506844342213
2016-04-15,CA_3,HOBBIES_1_015,0.7,17.0,9.375860379696082
2016-04-16,CA_3,HOBBIES_1_015,0.7,4.0,8.381047154894782
2016-04-17,CA_3,HOBBIES_1_015,0.7,6.0,4.855039041318527
2016-04-18,CA_3,HOBBIES_1_015,0.7,8.0,5.524802660459924
2016-04-19,CA_3,HOBBIES_1_015,0.7,9.0,5.6593707897257906
2016-04-20,CA_3,HOBBIES_1_015,0.7,2.0,5.284714639766605
2016-04-21,CA_3,HOBBIES_1_015,0.7,13.0,6.570501615459089
2016-04-22,CA_3,HOBBIES_1_015,0.7,6.0,8.279065042190126
2016-04-23,CA_3,HOBBIES_1_015,0.7,13.0,6.663241161649719
2016-03-26,CA_3,HOBBIES_1_016,0.7,10.0,9.923495006334935
2016-03-27,CA_3,HOBBIES_1_016,0.7,22.0,8.768626073336005
2016-03-28,CA_3,HOBBIES_1_016,0.7,0.0,7.744006016306936
2016-03-29,CA_3,HOBBIES_1_016,0.7,10.0,7.519535549713516
2016-03-30,CA_3,HOBBIES_1_016,0.7,4.0,7.424873617555983
2016-03-31,CA_3,HOBBIES_1_016,0.7,42.0,8.98223829957848
2016-04-01,CA_3,HOBBIES_1_016,0.7,4.0,9.980028253821242
2016-04-02,CA_3,HOBBIES_1_016,0.7,5.0,7.777137537800856
2016-04-03,CA_3,HOBBIES_1_016,0.7,7.0,7.888759791707941
2016-04-04,CA_3,HOBBIES_1_016,0.7,3.0,6.75630413857349
2016-04-05,CA_3,HOBBIES_1_016,0.7,0.0,8.333267055756432
2016-04-06,CA_3,HOBBIES_1_016,0.7,12.0,8.450128731776163
2016-04-07,CA_3,HOBBIES_1_016,0.7,5.0,7.447143219536853
2016-04-08,CA_3,HOBBIES_1_016,0.7,6.0,12.730549242676785
2016-04-09,CA_3,HOBBIES_1_016,0.7,5.0,8.364730272175926
2016-04-10,CA_3,HOBBIES_1_016,0.7,3.0,8.743319148271745
2016-04-11,CA_3,HOBBIES_1_016,0.7,2.0,8.416094960376597
2016-04-12,CA_3,HOBBIES_1_016,0.7,2.0,7.391841595507727
2016-04-13,CA_3,HOBBIES_1_016,0.7,2.0,7.365942822661652
2016-04-14,CA_3,HOBBIES_1_016,0.7,4.0,8.140911096282162
2016-04-15,CA_3,HOBBIES_1_016,0.7,10.0,8.435167575395823
2016-04-16,CA_3,HOBBIES_1_016,0.7,8.0,8.189482824586225
2016-04-17,CA_3,HOBBIES_1_016,0.7,8.0,7.85715931643994
2016-04-18,CA_3,HOBBIES_1_016,0.7,6.0,7.001834437306929
2016-04-19,CA_3,HOBBIES_1_016,0.7,12.0,7.098759131831419
2016-04-20,CA_3,HOBBIES_1_016,0.7,2.0,7.14062772400789
2016-04-21,CA_3,HOBBIES_1_016,0.7,13.0,7.642128997059232
2016-04-22,CA_3,HOBBIES_1_016,0.7,6.0,8.783512615540841
2016-04-23,CA_3,HOBBIES_1_016,0.7,5.0,8.396708672669893
2016-03-26,CA_3,HOBBIES_1_017,1.98,1.0,1.8688547147931076
2016-03-27,CA_3,HOBBIES_1_017,1.98,0.0,1.256410987932359
2016-03-28,CA_3,HOBBIES_1_017,1.98,2.0,1.1358824824057363
2016-03-29,CA_3,HOBBIES_1_017,1.98,1.0,1.0373318711514188
2016-03-30,CA_3,HOBBIES_1_017,1.98,0.0,1.1769043592559083
2016-03-31,CA_3,HOBBIES_1_017,1.98,1.0,1.4110919200617755
2016-04-01,CA_3,HOBBIES_1_017,1.98,0.0,1.6730689539286328
2016-04-02,CA_3,HOBBIES_1_017,1.98,6.0,1.66555013996202
2016-04-03,CA_3,HOBBIES_1_017,1.98,2.0,1.1898965505972425
2016-04-04,CA_3,HOBBIES_1_017,1.98,1.0,1.2741476357295143
2016-04-05,CA_3,HOBBIES_1_017,1.98,0.0,1.3622282790466844
2016-04-06,CA_3,HOBBIES_1_017,1.98,1.0,1.3768303278360587
2016-04-07,CA_3,HOBBIES_1_017,1.98,2.0,1.4419936384498242
2016-04-08,CA_3,HOBBIES_1_017,1.98,2.0,1.8076796537891462
2016-04-09,CA_3,HOBBIES_1_017,1.98,4.0,1.8211419202287125
2016-04-10,CA_3,HOBBIES_1_017,1.98,2.0,1.4037046051716653
2016-04-11,CA_3,HOBBIES_1_017,1.98,1.0,1.3531080004558473
2016-04-12,CA_3,HOBBIES_1_017,1.98,0.0,1.2359734743095034
2016-04-13,CA_3,HOBBIES_1_017,1.98,0.0,1.2612358883449684
2016-04-14,CA_3,HOBBIES_1_017,1.98,1.0,1.484645114833186
2016-04-15,CA_3,HOBBIES_1_017,1.98,0.0,1.7567872486661804
2016-04-16,CA_3,HOBBIES_1_017,1.98,0.0,1.7118648689686753
2016-04-17,CA_3,HOBBIES_1_017,1.98,0.0,1.1152526069461564
2016-04-18,CA_3,HOBBIES_1_017,1.98,3.0,0.9123289529504011
2016-04-19,CA_3,HOBBIES_1_017,1.98,3.0,0.8347115035158335
2016-04-20,CA_3,HOBBIES_1_017,1.98,3.0,0.9351767793113773
2016-04-21,CA_3,HOBBIES_1_017,1.98,1.0,1.2983978999467847
2016-04-22,CA_3,HOBBIES_1_017,1.98,2.0,1.6582593073726846
2016-04-23,CA_3,HOBBIES_1_017,1.98,2.0,1.572185136144632
2016-03-26,CA_3,HOBBIES_1_018,11.29,1.0,0.2167230162841458
2016-03-27,CA_3,HOBBIES_1_018,11.29,0.0,0.1482556226405183
2016-03-28,CA_3,HOBBIES_1_018,11.29,0.0,0.1982510955106673
2016-03-29,CA_3,HOBBIES_1_018,11.29,0.0,0.17105879201585436
2016-03-30,CA_3,HOBBIES_1_018,11.29,0.0,0.17105879201585436
2016-03-31,CA_3,HOBBIES_1_018,11.29,0.0,0.19634926098336378
2016-04-01,CA_3,HOBBIES_1_018,11.29,0.0,0.233895688112118
2016-04-02,CA_3,HOBBIES_1_018,11.29,0.0,0.23067869510169212
2016-04-03,CA_3,HOBBIES_1_018,11.29,0.0,0.13971851911923278
2016-04-04,CA_3,HOBBIES_1_018,11.29,0.0,0.07867155301802382
2016-04-05,CA_3,HOBBIES_1_018,11.29,0.0,0.07867155301802382
2016-04-06,CA_3,HOBBIES_1_018,11.29,0.0,0.07867155301802382
2016-04-07,CA_3,HOBBIES_1_018,11.29,0.0,0.10396202198553332
2016-04-08,CA_3,HOBBIES_1_018,11.29,0.0,0.12571623594433629
2016-04-09,CA_3,HOBBIES_1_018,11.29,0.0,0.12249924293391043
2016-04-10,CA_3,HOBBIES_1_018,11.29,0.0,0.0893135419878968
2016-04-11,CA_3,HOBBIES_1_018,11.29,0.0,0.07867155301802382
2016-04-12,CA_3,HOBBIES_1_018,11.29,0.0,0.07867155301802382
2016-04-13,CA_3,HOBBIES_1_018,11.29,0.0,0.07867155301802382
2016-04-14,CA_3,HOBBIES_1_018,11.29,0.0,0.10396202198553332
2016-04-15,CA_3,HOBBIES_1_018,11.29,0.0,0.12571623594433629
2016-04-16,CA_3,HOBBIES_1_018,11.29,0.0,0.12249924293391043
2016-04-17,CA_3,HOBBIES_1_018,11.29,0.0,0.0893135419878968
2016-04-18,CA_3,HOBBIES_1_018,11.29,0.0,0.07867155301802382
2016-04-19,CA_3,HOBBIES_1_018,11.29,0.0,0.07867155301802382
2016-04-20,CA_3,HOBBIES_1_018,11.29,0.0,0.07867155301802382
2016-04-21,CA_3,HOBBIES_1_018,11.29,0.0,0.10396202198553332
2016-04-22,CA_3,HOBBIES_1_018,11.29,0.0,0.12571623594433629
2016-04-23,CA_3,HOBBIES_1_018,11.88,0.0,0.12249924293391043
2016-03-26,CA_3,HOBBIES_1_019,0.48,0.0,8.04699097935531
2016-03-27,CA_3,HOBBIES_1_019,0.48,0.0,6.127184920648578
2016-03-28,CA_3,HOBBIES_1_019,0.48,4.0,5.425603316099823
2016-03-29,CA_3,HOBBIES_1_019,0.48,13.0,5.369009021612485
2016-03-30,CA_3,HOBBIES_1_019,0.48,8.0,9.211255490598063
2016-03-31,CA_3,HOBBIES_1_019,0.48,15.0,8.109652593898717
2016-04-01,CA_3,HOBBIES_1_019,0.48,0.0,8.165918018350904
2016-04-02,CA_3,HOBBIES_1_019,0.48,7.0,8.14664976865969
2016-04-03,CA_3,HOBBIES_1_019,0.48,5.0,6.797974686032577
2016-04-04,CA_3,HOBBIES_1_019,0.48,0.0,7.895317877710698
2016-04-05,CA_3,HOBBIES_1_019,0.48,6.0,8.098157405456629
2016-04-06,CA_3,HOBBIES_1_019,0.48,0.0,6.720828761557564
2016-04-07,CA_3,HOBBIES_1_019,0.48,2.0,8.611005722451939
2016-04-08,CA_3,HOBBIES_1_019,0.48,1.0,7.814438283032667
2016-04-09,CA_3,HOBBIES_1_019,0.48,1.0,8.387694084891347
2016-04-10,CA_3,HOBBIES_1_019,0.48,12.0,6.518319924716918
2016-04-11,CA_3,HOBBIES_1_019,0.48,4.0,6.584175485212451
2016-04-12,CA_3,HOBBIES_1_019,0.48,5.0,6.602511079814604
2016-04-13,CA_3,HOBBIES_1_019,0.48,1.0,6.796982864280386
2016-04-14,CA_3,HOBBIES_1_019,0.48,11.0,7.365580903915597
2016-04-15,CA_3,HOBBIES_1_019,0.48,5.0,8.26424996797863
2016-04-16,CA_3,HOBBIES_1_019,0.48,4.0,8.295158105897173
2016-04-17,CA_3,HOBBIES_1_019,0.48,2.0,7.081247136029939
2016-04-18,CA_3,HOBBIES_1_019,0.48,4.0,6.64893220557531
2016-04-19,CA_3,HOBBIES_1_019,0.48,16.0,6.044631279455509
2016-04-20,CA_3,HOBBIES_1_019,0.48,16.0,5.257139252712761
2016-04-21,CA_3,HOBBIES_1_019,0.48,6.0,6.135481111768998
2016-04-22,CA_3,HOBBIES_1_019,0.48,2.0,7.4962943162120075
2016-04-23,CA_3,HOBBIES_1_019,0.48,0.0,7.323742970127127
2016-03-26,CA_3,HOBBIES_1_020,12.68,0.0,0.5822745822959364
2016-03-27,CA_3,HOBBIES_1_020,12.68,0.0,0.4070656851534793
2016-03-28,CA_3,HOBBIES_1_020,12.68,0.0,0.3618929387073678
2016-03-29,CA_3,HOBBIES_1_020,12.68,0.0,0.3126934236215256
2016-03-30,CA_3,HOBBIES_1_020,12.68,1.0,0.29518469184154955
2016-03-31,CA_3,HOBBIES_1_020,12.68,0.0,0.2837258791999357
2016-04-01,CA_3,HOBBIES_1_020,12.68,1.0,0.3943425412294702
2016-04-02,CA_3,HOBBIES_1_020,12.68,0.0,0.34657656258185143
2016-04-03,CA_3,HOBBIES_1_020,12.68,0.0,0.32841741326950435
2016-04-04,CA_3,HOBBIES_1_020,12.68,1.0,0.3126934236215256
2016-04-05,CA_3,HOBBIES_1_020,12.68,1.0,0.29518469184154955
2016-04-06,CA_3,HOBBIES_1_020,12.68,0.0,0.3407058042735755
2016-04-07,CA_3,HOBBIES_1_020,12.68,0.0,0.423995885416013
2016-04-08,CA_3,HOBBIES_1_020,12.68,2.0,0.469366467219547
2016-04-09,CA_3,HOBBIES_1_020,12.68,1.0,0.4661494742091211
2016-04-10,CA_3,HOBBIES_1_020,12.68,0.0,0.4488656992625806
2016-04-11,CA_3,HOBBIES_1_020,12.68,0.0,0.4621753511636953
2016-04-12,CA_3,HOBBIES_1_020,12.68,0.0,0.43846016718058184
2016-04-13,CA_3,HOBBIES_1_020,12.68,1.0,0.42708107353400176
2016-04-14,CA_3,HOBBIES_1_020,12.68,1.0,0.4816726795945096
2016-04-15,CA_3,HOBBIES_1_020,12.68,1.0,0.5741124816597822
2016-04-16,CA_3,HOBBIES_1_020,12.68,0.0,0.6190529583717413
2016-04-17,CA_3,HOBBIES_1_020,12.68,0.0,0.46679798742233547
2016-04-18,CA_3,HOBBIES_1_020,12.68,0.0,0.38463967852548236
2016-04-19,CA_3,HOBBIES_1_020,12.68,0.0,0.38463967852548236
2016-04-20,CA_3,HOBBIES_1_020,12.68,0.0,0.38463967852548236
2016-04-21,CA_3,HOBBIES_1_020,12.68,0.0,0.41448672987098983
2016-04-22,CA_3,HOBBIES_1_020,12.68,2.0,0.4466197274014321
2016-04-23,CA_3,HOBBIES_1_020,12.68,1.0,0.384803336865143
2016-03-26,CA_3,HOBBIES_1_021,11.88,0.0,0.6297749102846854
2016-03-27,CA_3,HOBBIES_1_021,11.88,0.0,0.5203400050485788
2016-03-28,CA_3,HOBBIES_1_021,11.88,1.0,0.42283755882291346
2016-03-29,CA_3,HOBBIES_1_021,11.88,0.0,0.38463967852548236
2016-03-30,CA_3,HOBBIES_1_021,11.88,0.0,0.39414883407050566
2016-03-31,CA_3,HOBBIES_1_021,11.88,0.0,0.41873024458207814
2016-04-01,CA_3,HOBBIES_1_021,11.88,0.0,0.4466197274014321
2016-04-02,CA_3,HOBBIES_1_021,11.88,0.0,0.4434027343910062
2016-04-03,CA_3,HOBBIES_1_021,11.88,0.0,0.2938709877243989
2016-04-04,CA_3,HOBBIES_1_021,11.88,1.0,0.2817491318880901
2016-04-05,CA_3,HOBBIES_1_021,11.88,0.0,0.26424040010811406
2016-04-06,CA_3,HOBBIES_1_021,11.88,0.0,0.28701477272202497
2016-04-07,CA_3,HOBBIES_1_021,11.88,0.0,0.3331405925270117
2016-04-08,CA_3,HOBBIES_1_021,11.88,0.0,0.3880203298755689
2016-04-09,CA_3,HOBBIES_1_021,11.88,0.0,0.384803336865143
2016-04-10,CA_3,HOBBIES_1_021,11.88,1.0,0.2938709877243989
2016-04-11,CA_3,HOBBIES_1_021,11.88,0.0,0.2817491318880901
2016-04-12,CA_3,HOBBIES_1_021,11.88,0.0,0.34561417024788815
2016-04-13,CA_3,HOBBIES_1_021,11.88,0.0,0.30940423768051756
2016-04-14,CA_3,HOBBIES_1_021,11.88,1.0,0.3607956983194392
2016-04-15,CA_3,HOBBIES_1_021,11.88,0.0,0.3880203298755689
2016-04-16,CA_3,HOBBIES_1_021,11.88,0.0,0.4570074282947636
2016-04-17,CA_3,HOBBIES_1_021,11.88,0.0,0.352470385250262
2016-04-18,CA_3,HOBBIES_1_021,11.88,0.0,0.24779512462651954
2016-04-19,CA_3,HOBBIES_1_021,11.88,1.0,0.21685083289308402
2016-04-20,CA_3,HOBBIES_1_021,11.88,0.0,0.21685083289308402
2016-04-21,CA_3,HOBBIES_1_021,11.88,0.0,0.31993581176730607
2016-04-22,CA_3,HOBBIES_1_021,11.88,0.0,0.2991942829566616
2016-04-23,CA_3,HOBBIES_1_021,11.88,1.0,0.26503299821280035
2016-03-26,CA_3,HOBBIES_1_022,7.18,2.0,1.3905610894143026
2016-03-27,CA_3,HOBBIES_1_022,7.18,0.0,1.155093076012272
2016-03-28,CA_3,HOBBIES_1_022,7.18,0.0,0.9510953023541907
2016-03-29,CA_3,HOBBIES_1_022,7.18,0.0,0.8864376099264744
2016-03-30,CA_3,HOBBIES_1_022,7.18,0.0,0.8589347364988259
2016-03-31,CA_3,HOBBIES_1_022,7.18,0.0,1.0158721862865683
2016-04-01,CA_3,HOBBIES_1_022,7.18,1.0,1.218572347348973
2016-04-02,CA_3,HOBBIES_1_022,7.18,2.0,1.215355354338547
2016-04-03,CA_3,HOBBIES_1_022,7.18,1.0,0.9070485144463991
2016-04-04,CA_3,HOBBIES_1_022,7.18,1.0,0.7878834416146278
2016-04-05,CA_3,HOBBIES_1_022,7.18,0.0,0.7921269563257161
2016-04-06,CA_3,HOBBIES_1_022,7.18,1.0,0.8035060499722961
2016-04-07,CA_3,HOBBIES_1_022,7.18,1.0,0.972621381848863
2016-04-08,CA_3,HOBBIES_1_022,7.18,4.0,1.1075104237553968
2016-04-09,CA_3,HOBBIES_1_022,7.18,0.0,1.1152855551319532
2016-04-10,CA_3,HOBBIES_1_022,7.18,1.0,1.0188274063774383
2016-04-11,CA_3,HOBBIES_1_022,7.18,0.0,0.8666421759368411
2016-04-12,CA_3,HOBBIES_1_022,7.18,0.0,0.8719078167707759
2016-04-13,CA_3,HOBBIES_1_022,7.18,0.0,0.8162094821485341
2016-04-14,CA_3,HOBBIES_1_022,7.18,0.0,0.9449016338945619
2016-04-15,CA_3,HOBBIES_1_022,7.18,2.0,1.1242500393947188
2016-04-16,CA_3,HOBBIES_1_022,7.18,1.0,1.203506097686906
2016-04-17,CA_3,HOBBIES_1_022,7.18,1.0,0.7040450920083168
2016-04-18,CA_3,HOBBIES_1_022,7.18,0.0,0.6291181561715499
2016-04-19,CA_3,HOBBIES_1_022,7.18,0.0,0.6291181561715499
2016-04-20,CA_3,HOBBIES_1_022,7.18,1.0,0.5799895079350899
2016-04-21,CA_3,HOBBIES_1_022,7.18,1.0,0.6402550031162617
2016-04-22,CA_3,HOBBIES_1_022,7.18,0.0,0.8211371271818667
2016-04-23,CA_3,HOBBIES_1_022,7.18,0.0,0.8618177700505671
2016-03-26,CA_3,HOBBIES_1_023,2.97,4.0,1.553319037641887
2016-03-27,CA_3,HOBBIES_1_023,2.97,6.0,1.2383455959628964
2016-03-28,CA_3,HOBBIES_1_023,2.97,1.0,1.2510929331751162
2016-03-29,CA_3,HOBBIES_1_023,2.97,0.0,1.423433682837118
2016-03-30,CA_3,HOBBIES_1_023,2.97,0.0,1.4385515307970183
2016-03-31,CA_3,HOBBIES_1_023,2.97,0.0,1.719034275533209
2016-04-01,CA_3,HOBBIES_1_023,2.97,7.0,2.0636228293160954
2016-04-02,CA_3,HOBBIES_1_023,2.97,0.0,2.137398326635965
2016-04-03,CA_3,HOBBIES_1_023,2.97,6.0,1.6053679082235741
2016-04-04,CA_3,HOBBIES_1_023,2.97,1.0,1.4255592299542592
2016-04-05,CA_3,HOBBIES_1_023,2.97,0.0,1.5639519092744587
2016-04-06,CA_3,HOBBIES_1_023,2.97,0.0,1.4783980689549363
2016-04-07,CA_3,HOBBIES_1_023,2.97,1.0,1.9159082576947761
2016-04-08,CA_3,HOBBIES_1_023,2.97,2.0,1.8584883506021117
2016-04-09,CA_3,HOBBIES_1_023,2.97,12.0,1.7863663923934363
2016-04-10,CA_3,HOBBIES_1_023,2.97,1.0,1.3381434522811335
2016-04-11,CA_3,HOBBIES_1_023,2.97,1.0,1.7493986319876351
2016-04-12,CA_3,HOBBIES_1_023,2.97,3.0,1.781601344104735
2016-04-13,CA_3,HOBBIES_1_023,2.97,6.0,1.781601344104735
2016-04-14,CA_3,HOBBIES_1_023,2.97,0.0,2.4198353537406048
2016-04-15,CA_3,HOBBIES_1_023,2.97,3.0,3.1209053361768335
2016-04-16,CA_3,HOBBIES_1_023,2.97,5.0,2.888821645631075
2016-04-17,CA_3,HOBBIES_1_023,2.97,1.0,2.329637980480025
2016-04-18,CA_3,HOBBIES_1_023,2.97,0.0,2.0808949184573855
2016-04-19,CA_3,HOBBIES_1_023,2.97,4.0,2.0899918284489636
2016-04-20,CA_3,HOBBIES_1_023,2.97,2.0,1.9767458087861465
2016-04-21,CA_3,HOBBIES_1_023,2.97,1.0,2.55395022863835
2016-04-22,CA_3,HOBBIES_1_023,2.97,5.0,2.7703339225081995
2016-04-23,CA_3,HOBBIES_1_023,2.97,3.0,2.71043340828045
2016-03-26,CA_3,HOBBIES_1_024,8.56,0.0,0.38400595440570406
2016-03-27,CA_3,HOBBIES_1_024,8.56,0.0,0.248109443607451
2016-03-28,CA_3,HOBBIES_1_024,8.56,0.0,0.22970485720375508
2016-03-29,CA_3,HOBBIES_1_024,8.56,0.0,0.19876056547031973
2016-03-30,CA_3,HOBBIES_1_024,8.56,0.0,0.19876056547031973
2016-03-31,CA_3,HOBBIES_1_024,8.56,0.0,0.24162384445938395
2016-04-01,CA_3,HOBBIES_1_024,8.56,0.0,0.27917027158813845
2016-04-02,CA_3,HOBBIES_1_024,8.56,0.0,0.2342462498677203
2016-04-03,CA_3,HOBBIES_1_024,8.56,0.0,0.18121401649983732
2016-04-04,CA_3,HOBBIES_1_024,8.56,0.0,0.16631932058715374
2016-04-05,CA_3,HOBBIES_1_024,8.56,0.0,0.12483485949741203
2016-04-06,CA_3,HOBBIES_1_024,8.56,0.0,0.12483485949741203
2016-04-07,CA_3,HOBBIES_1_024,8.56,0.0,0.16187345125490882
2016-04-08,CA_3,HOBBIES_1_024,8.56,0.0,0.19015409455683704
2016-04-09,CA_3,HOBBIES_1_024,8.56,0.0,0.18693710154641116
2016-04-10,CA_3,HOBBIES_1_024,8.56,0.0,0.13950978684116677
2016-04-11,CA_3,HOBBIES_1_024,8.56,0.0,0.12483485949741203
2016-04-12,CA_3,HOBBIES_1_024,8.56,0.0,0.12483485949741203
2016-04-13,CA_3,HOBBIES_1_024,8.56,2.0,0.12483485949741203
2016-04-14,CA_3,HOBBIES_1_024,8.56,0.0,0.16187345125490882
2016-04-15,CA_3,HOBBIES_1_024,8.56,0.0,0.3396379191354527
2016-04-16,CA_3,HOBBIES_1_024,8.56,0.0,0.32281623222126943
2016-04-17,CA_3,HOBBIES_1_024,8.56,0.0,0.235278721069103
2016-04-18,CA_3,HOBBIES_1_024,8.56,0.0,0.22369685645299842
2016-04-19,CA_3,HOBBIES_1_024,8.56,0.0,0.20413905802413498
2016-04-20,CA_3,HOBBIES_1_024,8.56,0.0,0.20413905802413498
2016-04-21,CA_3,HOBBIES_1_024,8.56,0.0,0.24117764978163153
2016-04-22,CA_3,HOBBIES_1_024,8.56,0.0,0.19015409455683704
2016-04-23,CA_3,HOBBIES_1_024,8.56,0.0,0.16107927149330487
2016-03-26,CA_3,HOBBIES_1_025,3.98,2.0,0.6295645073497597
2016-03-27,CA_3,HOBBIES_1_025,3.98,0.0,0.5213229794981256
2016-03-28,CA_3,HOBBIES_1_025,3.98,1.0,0.5716938256084692
2016-03-29,CA_3,HOBBIES_1_025,3.98,0.0,0.5567615895098481
2016-03-30,CA_3,HOBBIES_1_025,3.98,1.0,0.5716938256084692
2016-03-31,CA_3,HOBBIES_1_025,3.98,1.0,0.5903895067753844
2016-04-01,CA_3,HOBBIES_1_025,3.98,1.0,0.7697246445211575
2016-04-02,CA_3,HOBBIES_1_025,3.98,0.0,0.8203790271856909
2016-04-03,CA_3,HOBBIES_1_025,3.98,0.0,0.5862127006889145
2016-04-04,CA_3,HOBBIES_1_025,3.98,2.0,0.5330617149352138
2016-04-05,CA_3,HOBBIES_1_025,3.98,1.0,0.5330617149352138
2016-04-06,CA_3,HOBBIES_1_025,3.98,0.0,0.5671667804266222
2016-04-07,CA_3,HOBBIES_1_025,3.98,0.0,0.6995028133432286
2016-04-08,CA_3,HOBBIES_1_025,3.98,2.0,0.8235836253588628
2016-04-09,CA_3,HOBBIES_1_025,3.98,0.0,0.7394801514927172
2016-04-10,CA_3,HOBBIES_1_025,3.98,0.0,0.6075659522386652
2016-04-11,CA_3,HOBBIES_1_025,3.98,1.0,0.5776606024073943
2016-04-12,CA_3,HOBBIES_1_025,3.98,2.0,0.605988697562685
2016-04-13,CA_3,HOBBIES_1_025,3.98,3.0,0.4805833935657818
2016-04-14,CA_3,HOBBIES_1_025,3.98,1.0,0.6471711964346525
2016-04-15,CA_3,HOBBIES_1_025,3.98,0.0,0.9274446674066295
2016-04-16,CA_3,HOBBIES_1_025,3.98,3.0,0.9708567547027717
2016-04-17,CA_3,HOBBIES_1_025,3.98,0.0,0.6637960887462766
2016-04-18,CA_3,HOBBIES_1_025,3.98,0.0,0.8309809012473867
2016-04-19,CA_3,HOBBIES_1_025,3.98,0.0,0.771992837073536
2016-04-20,CA_3,HOBBIES_1_025,3.98,1.0,0.7597208301943822
2016-04-21,CA_3,HOBBIES_1_025,3.98,0.0,0.8020274924747093
2016-04-22,CA_3,HOBBIES_1_025,3.98,5.0,1.0085081831583793
2016-04-23,CA_3,HOBBIES_1_025,3.98,1.0,1.0226571468771477
2016-03-26,CA_3,HOBBIES_1_026,17.97,0.0,0.7609585600047157
2016-03-27,CA_3,HOBBIES_1_026,17.97,1.0,0.6219090223966733
2016-03-28,CA_3,HOBBIES_1_026,17.97,0.0,0.5427464600455089
2016-03-29,CA_3,HOBBIES_1_026,17.97,0.0,0.5632954102046965
2016-03-30,CA_3,HOBBIES_1_026,17.97,0.0,0.573948431280883
2016-03-31,CA_3,HOBBIES_1_026,17.97,0.0,0.6165268757906684
2016-04-01,CA_3,HOBBIES_1_026,17.97,0.0,0.6966428347799505
2016-04-02,CA_3,HOBBIES_1_026,17.97,0.0,0.6706791019514097
2016-04-03,CA_3,HOBBIES_1_026,17.97,0.0,0.47108155111921024
2016-04-04,CA_3,HOBBIES_1_026,17.97,1.0,0.4439896867194025
2016-04-05,CA_3,HOBBIES_1_026,17.97,1.0,0.41154844183623646
2016-04-06,CA_3,HOBBIES_1_026,17.97,1.0,0.4726172236059117
2016-04-07,CA_3,HOBBIES_1_026,17.97,0.0,0.5990457768064883
2016-04-08,CA_3,HOBBIES_1_026,17.97,0.0,0.7485529446574732
2016-04-09,CA_3,HOBBIES_1_026,17.97,1.0,0.7317312577432901
2016-04-10,CA_3,HOBBIES_1_026,17.97,1.0,0.5465553297275446
2016-04-11,CA_3,HOBBIES_1_026,17.97,0.0,0.4728078076651832
2016-04-12,CA_3,HOBBIES_1_026,17.97,2.0,0.4568891457550616
2016-04-13,CA_3,HOBBIES_1_026,17.97,0.0,0.449911386585889
2016-04-14,CA_3,HOBBIES_1_026,17.97,1.0,0.5210104719352913
2016-04-15,CA_3,HOBBIES_1_026,17.97,1.0,0.5972861638318299
2016-04-16,CA_3,HOBBIES_1_026,17.97,1.0,0.6328603557467727
2016-04-17,CA_3,HOBBIES_1_026,17.97,0.0,0.5192818539539921
2016-04-18,CA_3,HOBBIES_1_026,17.97,0.0,0.4762227163310903
2016-04-19,CA_3,HOBBIES_1_026,17.97,0.0,0.46129048023246905
2016-04-20,CA_3,HOBBIES_1_026,17.97,0.0,0.4569097103297603
2016-04-21,CA_3,HOBBIES_1_026,17.97,1.0,0.4816726795945096
2016-04-22,CA_3,HOBBIES_1_026,17.97,2.0,0.5562642730449366
2016-04-23,CA_3,HOBBIES_1_026,17.97,1.0,0.566651973938268
2016-03-26,CA_3,HOBBIES_1_027,19.98,1.0,0.18897166639170018
2016-03-27,CA_3,HOBBIES_1_027,19.98,0.0,0.20335236983751132
2016-03-28,CA_3,HOBBIES_1_027,19.98,2.0,0.22919538724410263
2016-03-29,CA_3,HOBBIES_1_027,19.98,1.0,0.22392974641016775
2016-03-30,CA_3,HOBBIES_1_027,19.98,0.0,0.2800510199896578
2016-03-31,CA_3,HOBBIES_1_027,19.98,0.0,0.35830515994308926
2016-04-01,CA_3,HOBBIES_1_027,19.98,0.0,0.3957972892880144
2016-04-02,CA_3,HOBBIES_1_027,19.98,0.0,0.3925802962775885
2016-04-03,CA_3,HOBBIES_1_027,19.98,0.0,0.31123481298458966
2016-04-04,CA_3,HOBBIES_1_027,19.98,0.0,0.29462152544618275
2016-04-05,CA_3,HOBBIES_1_027,19.98,0.0,0.29462152544618275
2016-04-06,CA_3,HOBBIES_1_027,19.98,0.0,0.24093049389463225
2016-04-07,CA_3,HOBBIES_1_027,19.98,0.0,0.25128463431676945
2016-04-08,CA_3,HOBBIES_1_027,19.98,1.0,0.2847766206688038
2016-04-09,CA_3,HOBBIES_1_027,19.98,0.0,0.28155962765837794
2016-04-10,CA_3,HOBBIES_1_027,19.98,0.0,0.28021230674710274
2016-04-11,CA_3,HOBBIES_1_027,19.98,0.0,0.26424040010811406
2016-04-12,CA_3,HOBBIES_1_027,19.98,0.0,0.24093049389463225
2016-04-13,CA_3,HOBBIES_1_027,19.98,0.0,0.24093049389463225
2016-04-14,CA_3,HOBBIES_1_027,19.98,0.0,0.25964621819838735
2016-04-15,CA_3,HOBBIES_1_027,19.98,0.0,0.26824999122322624
2016-04-16,CA_3,HOBBIES_1_027,19.98,1.0,0.26503299821280035
2016-04-17,CA_3,HOBBIES_1_027,19.98,0.0,0.17700500708898773
2016-04-18,CA_3,HOBBIES_1_027,19.98,0.0,0.2221164737270189
2016-04-19,CA_3,HOBBIES_1_027,19.98,0.0,0.21685083289308402
2016-04-20,CA_3,HOBBIES_1_027,19.98,0.0,0.21685083289308402
2016-04-21,CA_3,HOBBIES_1_027,19.98,0.0,0.25964621819838735
2016-04-22,CA_3,HOBBIES_1_027,19.98,0.0,0.30240398837724747
2016-04-23,CA_3,HOBBIES_1_027,19.98,0.0,0.2991869953668216
2016-03-26,CA_3,HOBBIES_1_028,7.98,0.0,0.588418722232931
2016-03-27,CA_3,HOBBIES_1_028,7.98,0.0,0.45183201336933443
2016-03-28,CA_3,HOBBIES_1_028,7.98,1.0,0.42861266961650085
2016-03-29,CA_3,HOBBIES_1_028,7.98,0.0,0.4058659297983858
2016-03-30,CA_3,HOBBIES_1_028,7.98,0.0,0.4523278535996143
2016-03-31,CA_3,HOBBIES_1_028,7.98,0.0,0.5176454563272628
2016-04-01,CA_3,HOBBIES_1_028,7.98,2.0,0.5878191428862013
2016-04-02,CA_3,HOBBIES_1_028,7.98,2.0,0.5536578581423398
2016-04-03,CA_3,HOBBIES_1_028,7.98,0.0,0.5048046129611495
2016-04-04,CA_3,HOBBIES_1_028,7.98,0.0,0.5401035410708501
2016-04-05,CA_3,HOBBIES_1_028,7.98,0.0,0.5004558340861234
2016-04-06,CA_3,HOBBIES_1_028,7.98,4.0,0.4890767404395429
2016-04-07,CA_3,HOBBIES_1_028,7.98,0.0,0.5690866114734487
2016-04-08,CA_3,HOBBIES_1_028,7.98,0.0,0.8789772647535238
2016-04-09,CA_3,HOBBIES_1_028,7.98,1.0,0.8574727174525031
2016-04-10,CA_3,HOBBIES_1_028,7.98,1.0,0.6969982543543022
2016-04-11,CA_3,HOBBIES_1_028,7.98,0.0,0.5036370878945242
2016-04-12,CA_3,HOBBIES_1_028,7.98,0.0,0.5643549830639089
2016-04-13,CA_3,HOBBIES_1_028,7.98,0.0,0.5590893422299741
2016-04-14,CA_3,HOBBIES_1_028,7.98,0.0,0.6390992132638802
2016-04-15,CA_3,HOBBIES_1_028,7.98,0.0,0.6536393866573847
2016-04-16,CA_3,HOBBIES_1_028,7.98,1.0,0.5984095472508068
2016-04-17,CA_3,HOBBIES_1_028,7.98,0.0,0.44701756171097407
2016-04-18,CA_3,HOBBIES_1_028,7.98,1.0,0.4339618836842081
2016-04-19,CA_3,HOBBIES_1_028,7.98,2.0,0.3933711812141289
2016-04-20,CA_3,HOBBIES_1_028,7.98,0.0,0.4339618836842081
2016-04-21,CA_3,HOBBIES_1_028,7.98,0.0,0.5929748556434693
2016-04-22,CA_3,HOBBIES_1_028,7.98,0.0,0.6462475750357951
2016-04-23,CA_3,HOBBIES_1_028,7.98,1.0,0.62539980178001
2016-03-26,CA_3,HOBBIES_1_029,8.98,0.0,0.9249361973203009
2016-03-27,CA_3,HOBBIES_1_029,8.98,0.0,0.684283795089523
2016-03-28,CA_3,HOBBIES_1_029,8.98,0.0,0.625633358060961
2016-03-29,CA_3,HOBBIES_1_029,8.98,0.0,0.625633358060961
2016-03-30,CA_3,HOBBIES_1_029,8.98,0.0,0.5505683794230616
2016-03-31,CA_3,HOBBIES_1_029,8.98,0.0,0.6131179194460742
2016-04-01,CA_3,HOBBIES_1_029,8.98,0.0,0.7204563916585788
2016-04-02,CA_3,HOBBIES_1_029,8.98,2.0,0.6485151650266919
2016-04-03,CA_3,HOBBIES_1_029,8.98,0.0,0.4295695483102223
2016-04-04,CA_3,HOBBIES_1_029,8.98,0.0,0.4745368388047891
2016-04-05,CA_3,HOBBIES_1_029,8.98,0.0,0.4692711979708541
2016-04-06,CA_3,HOBBIES_1_029,8.98,0.0,0.4692711979708541
2016-04-07,CA_3,HOBBIES_1_029,8.98,2.0,0.5214048983832587
2016-04-08,CA_3,HOBBIES_1_029,8.98,0.0,0.557798611536255
2016-04-09,CA_3,HOBBIES_1_029,8.98,0.0,0.6332152481608064
2016-04-10,CA_3,HOBBIES_1_029,8.98,0.0,0.4626741737108664
2016-04-11,CA_3,HOBBIES_1_029,8.98,0.0,0.41262377452424454
2016-04-12,CA_3,HOBBIES_1_029,8.98,2.0,0.41262377452424454
2016-04-13,CA_3,HOBBIES_1_029,8.98,0.0,0.41262377452424454
2016-04-14,CA_3,HOBBIES_1_029,8.98,0.0,0.5153037143535512
2016-04-15,CA_3,HOBBIES_1_029,8.98,0.0,0.5846296669700438
2016-04-16,CA_3,HOBBIES_1_029,8.98,0.0,0.478226587205443
2016-04-17,CA_3,HOBBIES_1_029,8.98,0.0,0.3805829671106361
2016-04-18,CA_3,HOBBIES_1_029,8.98,0.0,0.3226056214449448
2016-04-19,CA_3,HOBBIES_1_029,8.98,0.0,0.3226056214449448
2016-04-20,CA_3,HOBBIES_1_029,8.98,0.0,0.3226056214449448
2016-04-21,CA_3,HOBBIES_1_029,8.98,0.0,0.29784493101351245
2016-04-22,CA_3,HOBBIES_1_029,8.98,2.0,0.3313369173655466
2016-04-23,CA_3,HOBBIES_1_029,8.98,0.0,0.30404026335357237
2016-03-26,CA_3,HOBBIES_1_030,0.7,1.0,7.62925122938281
2016-03-27,CA_3,HOBBIES_1_030,0.7,5.0,6.974692556523933
2016-03-28,CA_3,HOBBIES_1_030,0.7,2.0,6.0569873537228425
2016-03-29,CA_3,HOBBIES_1_030,0.7,7.0,6.33063678688246
2016-03-30,CA_3,HOBBIES_1_030,0.7,2.0,6.406631087120305
2016-03-31,CA_3,HOBBIES_1_030,0.7,2.0,6.887167621829288
2016-04-01,CA_3,HOBBIES_1_030,0.7,6.0,8.055644269333325
2016-04-02,CA_3,HOBBIES_1_030,0.7,1.0,6.960434224660832
2016-04-03,CA_3,HOBBIES_1_030,0.7,3.0,4.9012049902712205
2016-04-04,CA_3,HOBBIES_1_030,0.7,0.0,4.521630578240809
2016-04-05,CA_3,HOBBIES_1_030,0.7,3.0,4.658267586288162
2016-04-06,CA_3,HOBBIES_1_030,0.7,0.0,4.040222077982031
2016-04-07,CA_3,HOBBIES_1_030,0.7,0.0,4.5188186784321065
2016-04-08,CA_3,HOBBIES_1_030,0.7,9.0,4.789483677997894
2016-04-09,CA_3,HOBBIES_1_030,0.7,2.0,3.934528196511429
2016-04-10,CA_3,HOBBIES_1_030,0.7,1.0,3.6621869760842367
2016-04-11,CA_3,HOBBIES_1_030,0.7,0.0,3.6493126522891273
2016-04-12,CA_3,HOBBIES_1_030,0.7,0.0,3.666051316429003
2016-04-13,CA_3,HOBBIES_1_030,0.7,1.0,2.9960826394391775
2016-04-14,CA_3,HOBBIES_1_030,0.7,5.0,3.1670348035714824
2016-04-15,CA_3,HOBBIES_1_030,0.7,16.0,3.8298997745132564
2016-04-16,CA_3,HOBBIES_1_030,0.7,3.0,3.784574063906677
2016-04-17,CA_3,HOBBIES_1_030,0.7,0.0,3.1811896526983725
2016-04-18,CA_3,HOBBIES_1_030,0.7,12.0,3.5276789080619952
2016-04-19,CA_3,HOBBIES_1_030,0.7,4.0,3.0850621794709117
2016-04-20,CA_3,HOBBIES_1_030,0.7,6.0,3.9965253380459274
2016-04-21,CA_3,HOBBIES_1_030,0.7,9.0,4.702845935301083
2016-04-22,CA_3,HOBBIES_1_030,0.7,2.0,5.729182672045716
2016-04-23,CA_3,HOBBIES_1_030,0.7,4.0,4.9869302554089545
2016-03-26,CA_4,HOBBIES_1_001,8.26,0.0,1.164044445150742
2016-03-27,CA_4,HOBBIES_1_001,8.26,2.0,0.8958175547213415
2016-03-28,CA_4,HOBBIES_1_001,8.26,1.0,0.7542322470611489
2016-03-29,CA_4,HOBBIES_1_001,8.26,2.0,0.8277668598463523
2016-03-30,CA_4,HOBBIES_1_001,8.26,1.0,0.8470090533144599
2016-03-31,CA_4,HOBBIES_1_001,8.26,1.0,1.0561288424090167
2016-04-01,CA_4,HOBBIES_1_001,8.26,1.0,1.2382875711245716
2016-04-02,CA_4,HOBBIES_1_001,8.26,1.0,1.1439881697898313
2016-04-03,CA_4,HOBBIES_1_001,8.26,0.0,0.8578425637494808
2016-04-04,CA_4,HOBBIES_1_001,8.26,0.0,0.8766431778595937
2016-04-05,CA_4,HOBBIES_1_001,8.26,0.0,0.8119854854318767
2016-04-06,CA_4,HOBBIES_1_001,8.26,0.0,0.7941492072689146
2016-04-07,CA_4,HOBBIES_1_001,8.26,0.0,0.9457890778978391
2016-04-08,CA_4,HOBBIES_1_001,8.26,0.0,1.1221653438417154
2016-04-09,CA_4,HOBBIES_1_001,8.38,0.0,0.9982750489128799
2016-04-10,CA_4,HOBBIES_1_001,8.38,3.0,0.6339406439684478
2016-04-11,CA_4,HOBBIES_1_001,8.38,0.0,0.5197189270576775
2016-04-12,CA_4,HOBBIES_1_001,8.38,0.0,0.7050372589768459
2016-04-13,CA_4,HOBBIES_1_001,8.38,0.0,0.6718944077603638
2016-04-14,CA_4,HOBBIES_1_001,8.38,1.0,0.7718977084641621
2016-04-15,CA_4,HOBBIES_1_001,8.38,0.0,0.8685349928777467
2016-04-16,CA_4,HOBBIES_1_001,8.38,0.0,0.8831662084821664
2016-04-17,CA_4,HOBBIES_1_001,8.38,1.0,0.6572566456668856
2016-04-18,CA_4,HOBBIES_1_001,8.38,0.0,0.5473505204936369
2016-04-19,CA_4,HOBBIES_1_001,8.38,1.0,0.5133051258703142
2016-04-20,CA_4,HOBBIES_1_001,8.38,0.0,0.5080394850363794
2016-04-21,CA_4,HOBBIES_1_001,8.38,1.0,0.5986014057114417
2016-04-22,CA_4,HOBBIES_1_001,8.38,2.0,0.6848688469994167
2016-04-23,CA_4,HOBBIES_1_001,8.38,1.0,0.6952565478927482
2016-03-26,CA_4,HOBBIES_1_002,3.97,0.0,0.24823427726534722
2016-03-27,CA_4,HOBBIES_1_002,3.97,0.0,0.17487800704986645
2016-03-28,CA_4,HOBBIES_1_002,3.97,0.0,0.16534254664293965
2016-03-29,CA_4,HOBBIES_1_002,3.97,0.0,0.16534254664293965
2016-03-30,CA_4,HOBBIES_1_002,3.97,0.0,0.13290130175977377
2016-03-31,CA_4,HOBBIES_1_002,3.97,0.0,0.1520775082587177
2016-04-01,CA_4,HOBBIES_1_002,3.97,0.0,0.16432861308381133
2016-04-02,CA_4,HOBBIES_1_002,3.97,0.0,0.16111162007338545
2016-04-03,CA_4,HOBBIES_1_002,3.97,1.0,0.10764453921754871
2016-04-04,CA_4,HOBBIES_1_002,3.97,0.0,0.09401210262092895
2016-04-05,CA_4,HOBBIES_1_002,3.97,0.0,0.15105038904801107
2016-04-06,CA_4,HOBBIES_1_002,3.97,0.0,0.1457847482140762
2016-04-07,CA_4,HOBBIES_1_002,3.97,0.0,0.18451875314188362
2016-04-08,CA_4,HOBBIES_1_002,3.97,0.0,0.20603564179380332
2016-04-09,CA_4,HOBBIES_1_002,3.97,0.0,0.20281864878337744
2016-04-10,CA_4,HOBBIES_1_002,3.97,0.0,0.1369927213730649
2016-04-11,CA_4,HOBBIES_1_002,3.97,0.0,0.12645334750409518
2016-04-12,CA_4,HOBBIES_1_002,3.97,0.0,0.09401210262092895
2016-04-13,CA_4,HOBBIES_1_002,3.97,0.0,0.09401210262092895
2016-04-14,CA_4,HOBBIES_1_002,3.97,0.0,0.1327461075487366
2016-04-15,CA_4,HOBBIES_1_002,3.97,0.0,0.16432861308381133
2016-04-16,CA_4,HOBBIES_1_002,3.97,1.0,0.16111162007338545
2016-04-17,CA_4,HOBBIES_1_002,3.97,0.0,0.10764453921754871
2016-04-18,CA_4,HOBBIES_1_002,3.97,0.0,0.15105038904801107
2016-04-19,CA_4,HOBBIES_1_002,3.97,0.0,0.1457847482140762
2016-04-20,CA_4,HOBBIES_1_002,3.97,0.0,0.12645334750409518
2016-04-21,CA_4,HOBBIES_1_002,3.97,0.0,0.1651873524319026
2016-04-22,CA_4,HOBBIES_1_002,3.97,2.0,0.20603564179380332
2016-04-23,CA_4,HOBBIES_1_002,3.97,1.0,0.20281864878337744
2016-03-26,CA_4,HOBBIES_1_003,2.97,0.0,0.510508821613741
2016-03-27,CA_4,HOBBIES_1_003,2.97,0.0,0.3416504874332859
2016-03-28,CA_4,HOBBIES_1_003,2.97,0.0,0.31328199709924975
2016-03-29,CA_4,HOBBIES_1_003,2.97,0.0,0.31328199709924975
2016-03-30,CA_4,HOBBIES_1_003,2.97,0.0,0.28233770536581426
2016-03-31,CA_4,HOBBIES_1_003,2.97,0.0,0.3428103291129129
2016-04-01,CA_4,HOBBIES_1_003,2.97,1.0,0.3870642635216156
2016-04-02,CA_4,HOBBIES_1_003,2.97,0.0,0.33593060509539163
2016-04-03,CA_4,HOBBIES_1_003,2.97,0.0,0.3023089193215415
2016-04-04,CA_4,HOBBIES_1_003,2.97,0.0,0.28233770536581426
2016-04-05,CA_4,HOBBIES_1_003,2.97,1.0,0.28233770536581426
2016-04-06,CA_4,HOBBIES_1_003,2.97,0.0,0.28233770536581426
2016-04-07,CA_4,HOBBIES_1_003,2.97,1.0,0.3842816662792707
2016-04-08,CA_4,HOBBIES_1_003,2.97,0.0,0.4180085552550511
2016-04-09,CA_4,HOBBIES_1_003,2.97,0.0,0.482853715821314
2016-04-10,CA_4,HOBBIES_1_003,2.97,0.0,0.3416504874332859
2016-04-11,CA_4,HOBBIES_1_003,2.97,0.0,0.3307907288792258
2016-04-12,CA_4,HOBBIES_1_003,2.97,1.0,0.3307907288792258
2016-04-13,CA_4,HOBBIES_1_003,2.97,0.0,0.2658924298842199
2016-04-14,CA_4,HOBBIES_1_003,2.97,0.0,0.36097176006578907
2016-04-15,CA_4,HOBBIES_1_003,2.97,1.0,0.37061898804002125
2016-04-16,CA_4,HOBBIES_1_003,2.97,0.0,0.3326542998260259
2016-04-17,CA_4,HOBBIES_1_003,2.97,0.0,0.2858636438399473
2016-04-18,CA_4,HOBBIES_1_003,2.97,0.0,0.2658924298842199
2016-04-19,CA_4,HOBBIES_1_003,2.97,0.0,0.2658924298842199
2016-04-20,CA_4,HOBBIES_1_003,2.97,0.0,0.24260547090528023
2016-04-21,CA_4,HOBBIES_1_003,2.97,2.0,0.2664781077939676
2016-04-22,CA_4,HOBBIES_1_003,2.97,0.0,0.31335203368583053
2016-04-23,CA_4,HOBBIES_1_003,2.97,0.0,0.41597481145525705
2016-03-26,CA_4,HOBBIES_1_004,4.64,0.0,1.1003498474773068
2016-03-27,CA_4,HOBBIES_1_004,4.64,3.0,0.8852339606790087
2016-03-28,CA_4,HOBBIES_1_004,4.64,0.0,0.618630138755962
2016-03-29,CA_4,HOBBIES_1_004,4.64,0.0,0.747257365050762
2016-03-30,CA_4,HOBBIES_1_004,4.64,0.0,0.6350169293323658
2016-03-31,CA_4,HOBBIES_1_004,4.64,0.0,0.7146758076946594
2016-04-01,CA_4,HOBBIES_1_004,4.64,0.0,0.8226500802434423
2016-04-02,CA_4,HOBBIES_1_004,4.64,1.0,0.8338752494577747
2016-04-03,CA_4,HOBBIES_1_004,4.64,2.0,0.6487203340475952
2016-04-04,CA_4,HOBBIES_1_004,4.64,3.0,0.5840551945768686
2016-04-05,CA_4,HOBBIES_1_004,4.64,1.0,0.5849512299486196
2016-04-06,CA_4,HOBBIES_1_004,4.64,0.0,0.6613282590775669
2016-04-07,CA_4,HOBBIES_1_004,4.64,0.0,0.823820158840371
2016-04-08,CA_4,HOBBIES_1_004,4.64,1.0,0.9378675475449453
2016-04-09,CA_4,HOBBIES_1_004,4.64,0.0,0.9490927167592776
2016-04-10,CA_4,HOBBIES_1_004,4.64,2.0,0.8307517060827223
2016-04-11,CA_4,HOBBIES_1_004,4.64,0.0,0.6805578700729661
2016-04-12,CA_4,HOBBIES_1_004,4.64,5.0,0.7221214449662618
2016-04-13,CA_4,HOBBIES_1_004,4.64,0.0,0.6589940824636725
2016-04-14,CA_4,HOBBIES_1_004,4.64,0.0,1.0934864162892368
2016-04-15,CA_4,HOBBIES_1_004,4.64,0.0,1.3316831520812247
2016-04-16,CA_4,HOBBIES_1_004,4.64,1.0,1.247143052584406
2016-04-17,CA_4,HOBBIES_1_004,4.64,1.0,0.8990136731278391
2016-04-18,CA_4,HOBBIES_1_004,4.64,1.0,0.7835552991101232
2016-04-19,CA_4,HOBBIES_1_004,4.64,0.0,0.8712663524848779
2016-04-20,CA_4,HOBBIES_1_004,4.64,1.0,0.747257365050762
2016-04-21,CA_4,HOBBIES_1_004,4.64,1.0,0.702355026766605
2016-04-22,CA_4,HOBBIES_1_004,4.64,1.0,0.882847138205112
2016-04-23,CA_4,HOBBIES_1_004,4.64,0.0,0.9457605826360189
2016-03-26,CA_4,HOBBIES_1_005,2.88,1.0,1.7852652938349838
2016-03-27,CA_4,HOBBIES_1_005,2.88,4.0,1.5434949599570762
2016-03-28,CA_4,HOBBIES_1_005,2.88,0.0,1.329657474598677
2016-03-29,CA_4,HOBBIES_1_005,2.88,0.0,1.4455867871357133
2016-03-30,CA_4,HOBBIES_1_005,2.88,0.0,1.3741892008512828
2016-03-31,CA_4,HOBBIES_1_005,2.88,1.0,1.6126061075951665
2016-04-01,CA_4,HOBBIES_1_005,2.88,0.0,1.8039577650197802
2016-04-02,CA_4,HOBBIES_1_005,2.88,1.0,1.8111206066551278
2016-04-03,CA_4,HOBBIES_1_005,2.88,2.0,1.3228945113686672
2016-04-04,CA_4,HOBBIES_1_005,2.88,0.0,1.0200991620793756
2016-04-05,CA_4,HOBBIES_1_005,2.88,1.0,0.9687091636250287
2016-04-06,CA_4,HOBBIES_1_005,2.88,6.0,0.8944796035463963
2016-04-07,CA_4,HOBBIES_1_005,2.88,1.0,1.0950004178178983
2016-04-08,CA_4,HOBBIES_1_005,2.88,3.0,1.5950279222132464
2016-04-09,CA_4,HOBBIES_1_005,2.88,1.0,1.4715085937667653
2016-04-10,CA_4,HOBBIES_1_005,2.88,1.0,1.2009255579461606
2016-04-11,CA_4,HOBBIES_1_005,2.88,1.0,1.1249983802818153
2016-04-12,CA_4,HOBBIES_1_005,2.88,1.0,1.1887008949275262
2016-04-13,CA_4,HOBBIES_1_005,2.88,1.0,1.1887008949275262
2016-04-14,CA_4,HOBBIES_1_005,2.88,0.0,1.513938732994907
2016-04-15,CA_4,HOBBIES_1_005,2.88,0.0,1.3976040305685316
2016-04-16,CA_4,HOBBIES_1_005,2.88,0.0,1.3785176405944584
2016-04-17,CA_4,HOBBIES_1_005,2.88,0.0,0.904539456654679
2016-04-18,CA_4,HOBBIES_1_005,2.88,0.0,0.843852408641032
2016-04-19,CA_4,HOBBIES_1_005,2.88,0.0,0.8335444646537647
2016-04-20,CA_4,HOBBIES_1_005,2.88,2.0,0.771927289566071
2016-04-21,CA_4,HOBBIES_1_005,2.88,0.0,0.9195976730246347
2016-04-22,CA_4,HOBBIES_1_005,2.88,1.0,1.224907821433524
2016-04-23,CA_4,HOBBIES_1_005,2.88,2.0,1.1601508911806406
2016-03-26,CA_4,HOBBIES_1_006,0.96,2.0,0.48948863428917744
2016-03-27,CA_4,HOBBIES_1_006,0.96,1.0,0.365430555730701
2016-03-28,CA_4,HOBBIES_1_006,0.96,1.0,0.45909910716744207
2016-03-29,CA_4,HOBBIES_1_006,0.96,0.0,0.46876570243212834
2016-03-30,CA_4,HOBBIES_1_006,0.96,0.0,0.5165479132404014
2016-03-31,CA_4,HOBBIES_1_006,0.96,1.0,0.5505122812633997
2016-04-01,CA_4,HOBBIES_1_006,0.96,1.0,0.5891478921080316
2016-04-02,CA_4,HOBBIES_1_006,0.96,0.0,0.5922652298397842
2016-04-03,CA_4,HOBBIES_1_006,0.96,0.0,0.5147101548412119
2016-04-04,CA_4,HOBBIES_1_006,0.96,1.0,0.48276443564376004
2016-04-05,CA_4,HOBBIES_1_006,0.96,1.0,0.48276443564376004
2016-04-06,CA_4,HOBBIES_1_006,0.96,0.0,0.5201458086801001
2016-04-07,CA_4,HOBBIES_1_006,0.96,0.0,0.6102339990855089
2016-04-08,CA_4,HOBBIES_1_006,0.96,0.0,0.6468767505405427
2016-04-09,CA_4,HOBBIES_1_006,0.96,0.0,0.6155841096892768
2016-04-10,CA_4,HOBBIES_1_006,0.96,0.0,0.476166996674844
2016-04-11,CA_4,HOBBIES_1_006,0.96,0.0,0.4824966316062601
2016-04-12,CA_4,HOBBIES_1_006,0.96,0.0,0.4824966316062601
2016-04-13,CA_4,HOBBIES_1_006,0.96,1.0,0.4515523398728245
2016-04-14,CA_4,HOBBIES_1_006,0.96,0.0,0.4262694674186486
2016-04-15,CA_4,HOBBIES_1_006,0.96,0.0,0.6471643551608934
2016-04-16,CA_4,HOBBIES_1_006,0.96,0.0,0.5801153386487639
2016-04-17,CA_4,HOBBIES_1_006,0.96,1.0,0.47421077436749753
2016-04-18,CA_4,HOBBIES_1_006,0.96,1.0,0.4730967491662391
2016-04-19,CA_4,HOBBIES_1_006,0.96,0.0,0.5621115624534698
2016-04-20,CA_4,HOBBIES_1_006,0.96,0.0,0.6247314809232019
2016-04-21,CA_4,HOBBIES_1_006,0.96,0.0,0.6747355844124933
2016-04-22,CA_4,HOBBIES_1_006,0.96,1.0,0.6805501515308965
2016-04-23,CA_4,HOBBIES_1_006,0.96,2.0,0.5701524680793734
2016-03-26,CA_4,HOBBIES_1_007,7.88,0.0,0.44754740852059455
2016-03-27,CA_4,HOBBIES_1_007,7.88,0.0,0.3380540727239549
2016-03-28,CA_4,HOBBIES_1_007,7.88,0.0,0.2007725285315406
2016-03-29,CA_4,HOBBIES_1_007,7.88,0.0,0.2007725285315406
2016-03-30,CA_4,HOBBIES_1_007,7.88,0.0,0.2007725285315406
2016-03-31,CA_4,HOBBIES_1_007,7.88,0.0,0.23123637562528263
2016-04-01,CA_4,HOBBIES_1_007,7.88,0.0,0.2305743648232955
2016-04-02,CA_4,HOBBIES_1_007,7.88,0.0,0.2273573718128696
2016-04-03,CA_4,HOBBIES_1_007,7.88,0.0,0.17432513844498657
2016-04-04,CA_4,HOBBIES_1_007,7.88,0.0,0.13090082665276262
2016-04-05,CA_4,HOBBIES_1_007,7.88,0.0,0.13090082665276262
2016-04-06,CA_4,HOBBIES_1_007,7.88,0.0,0.11134302822389895
2016-04-07,CA_4,HOBBIES_1_007,7.88,0.0,0.1483816199813957
2016-04-08,CA_4,HOBBIES_1_007,7.88,1.0,0.17666226328332393
2016-04-09,CA_4,HOBBIES_1_007,7.88,0.0,0.17344527027289805
2016-04-10,CA_4,HOBBIES_1_007,7.88,1.0,0.17852606996370307
2016-04-11,CA_4,HOBBIES_1_007,7.88,2.0,0.1633420715359285
2016-04-12,CA_4,HOBBIES_1_007,7.88,0.0,0.22147866676417682
2016-04-13,CA_4,HOBBIES_1_007,7.88,0.0,0.272334299509732
2016-04-14,CA_4,HOBBIES_1_007,7.88,0.0,0.3216121667710874
2016-04-15,CA_4,HOBBIES_1_007,7.88,0.0,0.3565386024166815
2016-04-16,CA_4,HOBBIES_1_007,7.88,1.0,0.3269989467855003
2016-04-17,CA_4,HOBBIES_1_007,7.88,0.0,0.25736435215205294
2016-04-18,CA_4,HOBBIES_1_007,7.88,0.0,0.24846892129338002
2016-04-19,CA_4,HOBBIES_1_007,7.88,0.0,0.23895976574835667
2016-04-20,CA_4,HOBBIES_1_007,7.88,0.0,0.18526873419680662
2016-04-21,CA_4,HOBBIES_1_007,7.88,0.0,0.22813201318587084
2016-04-22,CA_4,HOBBIES_1_007,7.88,0.0,0.26567844031462534
2016-04-23,CA_4,HOBBIES_1_007,7.88,0.0,0.26246144730419946
2016-03-26,CA_4,HOBBIES_1_008,0.48,0.0,4.920180573876355
2016-03-27,CA_4,HOBBIES_1_008,0.48,0.0,2.896858001555345
2016-03-28,CA_4,HOBBIES_1_008,0.48,0.0,2.5260338593812546
2016-03-29,CA_4,HOBBIES_1_008,0.48,0.0,2.5260338593812546
2016-03-30,CA_4,HOBBIES_1_008,0.48,2.0,2.5260338593812546
2016-03-31,CA_4,HOBBIES_1_008,0.48,1.0,2.9133439904531993
2016-04-01,CA_4,HOBBIES_1_008,0.48,11.0,3.648454063362604
2016-04-02,CA_4,HOBBIES_1_008,0.48,10.0,3.3931372729862783
2016-04-03,CA_4,HOBBIES_1_008,0.48,4.0,3.303791442795817
2016-04-04,CA_4,HOBBIES_1_008,0.48,5.0,3.614843201417855
2016-04-05,CA_4,HOBBIES_1_008,0.48,6.0,3.9866057524256813
2016-04-06,CA_4,HOBBIES_1_008,0.48,0.0,4.18177314644872
2016-04-07,CA_4,HOBBIES_1_008,0.48,6.0,4.220417638404064
2016-04-08,CA_4,HOBBIES_1_008,0.48,6.0,3.793749322822649
2016-04-09,CA_4,HOBBIES_1_008,0.48,9.0,4.271650994064157
2016-04-10,CA_4,HOBBIES_1_008,0.48,3.0,3.679003661109328
2016-04-11,CA_4,HOBBIES_1_008,0.48,3.0,3.7827063800620295
2016-04-12,CA_4,HOBBIES_1_008,0.48,0.0,3.9144152144336513
2016-04-13,CA_4,HOBBIES_1_008,0.48,3.0,3.969885826786963
2016-04-14,CA_4,HOBBIES_1_008,0.48,2.0,3.4055177756607447
2016-04-15,CA_4,HOBBIES_1_008,0.48,8.0,4.694344143851376
2016-04-16,CA_4,HOBBIES_1_008,0.48,6.0,4.067541714132529
2016-04-17,CA_4,HOBBIES_1_008,0.48,3.0,3.172846355640461
2016-04-18,CA_4,HOBBIES_1_008,0.48,0.0,3.532408115179832
2016-04-19,CA_4,HOBBIES_1_008,0.48,4.0,3.4638569361761307
2016-04-20,CA_4,HOBBIES_1_008,0.48,7.0,2.988993026804819
2016-04-21,CA_4,HOBBIES_1_008,0.48,12.0,4.0710947794790515
2016-04-22,CA_4,HOBBIES_1_008,0.48,0.0,4.783501416285195
2016-04-23,CA_4,HOBBIES_1_008,0.48,4.0,4.865800854456809
2016-03-26,CA_4,HOBBIES_1_009,1.77,0.0,1.072734181785589
2016-03-27,CA_4,HOBBIES_1_009,1.77,0.0,0.8108544387864696
2016-03-28,CA_4,HOBBIES_1_009,1.77,1.0,0.6340466745158049
2016-03-29,CA_4,HOBBIES_1_009,1.77,2.0,0.5524470407933417
2016-03-30,CA_4,HOBBIES_1_009,1.77,5.0,0.66378702188458
2016-03-31,CA_4,HOBBIES_1_009,1.77,0.0,0.6799474387396166
2016-04-01,CA_4,HOBBIES_1_009,1.77,0.0,1.0855985394085395
2016-04-02,CA_4,HOBBIES_1_009,1.77,0.0,0.8224372516696302
2016-04-03,CA_4,HOBBIES_1_009,1.77,6.0,0.637760445806739
2016-04-04,CA_4,HOBBIES_1_009,1.77,2.0,0.5921568679968409
2016-04-05,CA_4,HOBBIES_1_009,1.77,0.0,0.8526541501132529
2016-04-06,CA_4,HOBBIES_1_009,1.77,0.0,0.6081239810728531
2016-04-07,CA_4,HOBBIES_1_009,1.77,0.0,0.6990594951903144
2016-04-08,CA_4,HOBBIES_1_009,1.77,0.0,0.7071484600604822
2016-04-09,CA_4,HOBBIES_1_009,1.77,4.0,0.6905202407033817
2016-04-10,CA_4,HOBBIES_1_009,1.77,6.0,0.5402255009912832
2016-04-11,CA_4,HOBBIES_1_009,1.77,1.0,0.6694348833671007
2016-04-12,CA_4,HOBBIES_1_009,1.77,0.0,0.8190090223441456
2016-04-13,CA_4,HOBBIES_1_009,1.77,3.0,0.8381700745514807
2016-04-14,CA_4,HOBBIES_1_009,1.77,0.0,0.960568883346085
2016-04-15,CA_4,HOBBIES_1_009,1.77,0.0,1.3313792760680472
2016-04-16,CA_4,HOBBIES_1_009,1.77,0.0,1.295884958208202
2016-04-17,CA_4,HOBBIES_1_009,1.77,0.0,1.0001857284275233
2016-04-18,CA_4,HOBBIES_1_009,1.77,9.0,0.8077211924836291
2016-04-19,CA_4,HOBBIES_1_009,1.77,1.0,0.8555798120630818
2016-04-20,CA_4,HOBBIES_1_009,1.77,0.0,0.8859001502799919
2016-04-21,CA_4,HOBBIES_1_009,1.77,0.0,1.2865760478330246
2016-04-22,CA_4,HOBBIES_1_009,1.77,0.0,1.4119602347891986
2016-04-23,CA_4,HOBBIES_1_009,1.77,1.0,1.3953320154320983
2016-03-26,CA_4,HOBBIES_1_010,2.97,0.0,0.27128563416804397
2016-03-27,CA_4,HOBBIES_1_010,2.97,0.0,0.17488121434262227
2016-03-28,CA_4,HOBBIES_1_010,2.97,0.0,0.16959829884469108
2016-03-29,CA_4,HOBBIES_1_010,2.97,0.0,0.16959829884469108
2016-03-30,CA_4,HOBBIES_1_010,2.97,0.0,0.16959829884469108
2016-03-31,CA_4,HOBBIES_1_010,2.97,0.0,0.212566006253996
2016-04-01,CA_4,HOBBIES_1_010,2.97,1.0,0.25943993214585903
2016-04-02,CA_4,HOBBIES_1_010,2.97,0.0,0.20830627371963475
2016-04-03,CA_4,HOBBIES_1_010,2.97,0.0,0.20330255118214308
2016-04-04,CA_4,HOBBIES_1_010,2.97,1.0,0.18915609727355454
2016-04-05,CA_4,HOBBIES_1_010,2.97,0.0,0.18915609727355454
2016-04-06,CA_4,HOBBIES_1_010,2.97,1.0,0.25255409710079046
2016-04-07,CA_4,HOBBIES_1_010,2.97,0.0,0.29081944630874074
2016-04-08,CA_4,HOBBIES_1_010,2.97,0.0,0.3859091637401256
2016-04-09,CA_4,HOBBIES_1_010,2.97,0.0,0.35341971553815854
2016-04-10,CA_4,HOBBIES_1_010,2.97,1.0,0.24752973573472797
2016-04-11,CA_4,HOBBIES_1_010,2.97,0.0,0.24202705166786806
2016-04-12,CA_4,HOBBIES_1_010,2.97,1.0,0.2758792561563175
2016-04-13,CA_4,HOBBIES_1_010,2.97,0.0,0.24202705166786806
2016-04-14,CA_4,HOBBIES_1_010,2.97,0.0,0.33069618477844015
2016-04-15,CA_4,HOBBIES_1_010,2.97,0.0,0.344296325419266
2016-04-16,CA_4,HOBBIES_1_010,2.97,0.0,0.33727592893870617
2016-04-17,CA_4,HOBBIES_1_010,2.97,0.0,0.25413268895339075
2016-04-18,CA_4,HOBBIES_1_010,2.97,0.0,0.24260547090528023
2016-04-19,CA_4,HOBBIES_1_010,2.97,0.0,0.21166117917184482
2016-04-20,CA_4,HOBBIES_1_010,2.97,0.0,0.21166117917184482
2016-04-21,CA_4,HOBBIES_1_010,2.97,0.0,0.23403686291080159
2016-04-22,CA_4,HOBBIES_1_010,2.97,1.0,0.2692387717401663
2016-04-23,CA_4,HOBBIES_1_010,2.97,1.0,0.2556154220409441
2016-03-26,CA_4,HOBBIES_1_011,3.48,0.0,0.20609258773568456
2016-03-27,CA_4,HOBBIES_1_011,3.48,0.0,0.12930389404940984
2016-03-28,CA_4,HOBBIES_1_011,3.48,0.0,0.11869244219827915
2016-03-29,CA_4,HOBBIES_1_011,3.48,0.0,0.11869244219827915
2016-03-30,CA_4,HOBBIES_1_011,3.48,0.0,0.11869244219827915
2016-03-31,CA_4,HOBBIES_1_011,3.48,0.0,0.1548565974804523
2016-04-01,CA_4,HOBBIES_1_011,3.48,0.0,0.19570488684235302
2016-04-02,CA_4,HOBBIES_1_011,3.48,0.0,0.15078086512193514
2016-04-03,CA_4,HOBBIES_1_011,3.48,0.0,0.09995571189389366
2016-04-04,CA_4,HOBBIES_1_011,3.48,0.0,0.08625119731511308
2016-04-05,CA_4,HOBBIES_1_011,3.48,0.0,0.08625119731511308
2016-04-06,CA_4,HOBBIES_1_011,3.48,0.0,0.08625119731511308
2016-04-07,CA_4,HOBBIES_1_011,3.48,0.0,0.12241535259728632
2016-04-08,CA_4,HOBBIES_1_011,3.48,0.0,0.15399785813236103
2016-04-09,CA_4,HOBBIES_1_011,3.48,0.0,0.15078086512193514
2016-04-10,CA_4,HOBBIES_1_011,3.48,0.0,0.09995571189389366
2016-04-11,CA_4,HOBBIES_1_011,3.48,0.0,0.08625119731511308
2016-04-12,CA_4,HOBBIES_1_011,3.48,0.0,0.08625119731511308
2016-04-13,CA_4,HOBBIES_1_011,3.48,0.0,0.08625119731511308
2016-04-14,CA_4,HOBBIES_1_011,3.48,0.0,0.12241535259728632
2016-04-15,CA_4,HOBBIES_1_011,3.48,0.0,0.15399785813236103
2016-04-16,CA_4,HOBBIES_1_011,3.48,0.0,0.12972407014611537
2016-04-17,CA_4,HOBBIES_1_011,3.48,0.0,0.07889891691807384
2016-04-18,CA_4,HOBBIES_1_011,3.48,0.0,0.06519440233929327
2016-04-19,CA_4,HOBBIES_1_011,3.48,0.0,0.06519440233929327
2016-04-20,CA_4,HOBBIES_1_011,3.48,0.0,0.06519440233929327
2016-04-21,CA_4,HOBBIES_1_011,3.48,0.0,0.10135855762146637
2016-04-22,CA_4,HOBBIES_1_011,3.48,0.0,0.13294106315654125
2016-04-23,CA_4,HOBBIES_1_011,3.48,0.0,0.06430042638254455
2016-03-26,CA_4,HOBBIES_1_012,6.52,0.0,0.18168163962067438
2016-03-27,CA_4,HOBBIES_1_012,6.52,0.0,0.1253374069707887
2016-03-28,CA_4,HOBBIES_1_012,6.52,0.0,0.07122079839871749
2016-03-29,CA_4,HOBBIES_1_012,6.52,0.0,0.07122079839871749
2016-03-30,CA_4,HOBBIES_1_012,6.52,0.0,0.07122079839871749
2016-03-31,CA_4,HOBBIES_1_012,6.52,0.0,0.05004044601083655
2016-04-01,CA_4,HOBBIES_1_012,6.52,0.0,0.07117176813569502
2016-04-02,CA_4,HOBBIES_1_012,6.52,0.0,0.06795477512526914
2016-04-03,CA_4,HOBBIES_1_012,6.52,1.0,0.03969516587545938
2016-04-04,CA_4,HOBBIES_1_012,6.52,1.0,0.028742202788221757
2016-04-05,CA_4,HOBBIES_1_012,6.52,0.0,0.10892768411581834
2016-04-06,CA_4,HOBBIES_1_012,6.52,0.0,0.1609287708250738
2016-04-07,CA_4,HOBBIES_1_012,6.52,0.0,0.1943971349189464
2016-04-08,CA_4,HOBBIES_1_012,6.52,1.0,0.23169212302142142
2016-04-09,CA_4,HOBBIES_1_012,6.52,0.0,0.22847513001099554
2016-04-10,CA_4,HOBBIES_1_012,6.52,0.0,0.2119787544895248
2016-04-11,CA_4,HOBBIES_1_012,6.52,0.0,0.19774127051923476
2016-04-12,CA_4,HOBBIES_1_012,6.52,0.0,0.17499453070112
2016-04-13,CA_4,HOBBIES_1_012,6.52,0.0,0.1440502389676845
2016-04-14,CA_4,HOBBIES_1_012,6.52,0.0,0.18278424389549194
2016-04-15,CA_4,HOBBIES_1_012,6.52,0.0,0.2266056613410922
2016-04-16,CA_4,HOBBIES_1_012,6.52,0.0,0.2233886683306663
2016-04-17,CA_4,HOBBIES_1_012,6.52,0.0,0.1253374069707887
2016-04-18,CA_4,HOBBIES_1_012,6.52,0.0,0.11160899408451842
2016-04-19,CA_4,HOBBIES_1_012,6.52,0.0,0.11160899408451842
2016-04-20,CA_4,HOBBIES_1_012,6.52,0.0,0.11160899408451842
2016-04-21,CA_4,HOBBIES_1_012,6.52,0.0,0.150342999012326
2016-04-22,CA_4,HOBBIES_1_012,6.52,1.0,0.18489863263110026
2016-04-23,CA_4,HOBBIES_1_012,6.52,0.0,0.18168163962067438
2016-03-26,CA_4,HOBBIES_1_013,1.97,0.0,0.37078605033175693
2016-03-27,CA_4,HOBBIES_1_013,1.97,0.0,0.27687942877150556
2016-03-28,CA_4,HOBBIES_1_013,1.97,1.0,0.25852413281540176
2016-03-29,CA_4,HOBBIES_1_013,1.97,0.0,0.25852413281540176
2016-03-30,CA_4,HOBBIES_1_013,1.97,0.0,0.299166215135257
2016-03-31,CA_4,HOBBIES_1_013,1.97,0.0,0.3491117934494334
2016-04-01,CA_4,HOBBIES_1_013,1.97,0.0,0.33967469630658575
2016-04-02,CA_4,HOBBIES_1_013,1.97,0.0,0.3326542998260259
2016-04-03,CA_4,HOBBIES_1_013,1.97,1.0,0.24605581369585403
2016-04-04,CA_4,HOBBIES_1_013,1.97,0.0,0.23494813815078422
2016-04-05,CA_4,HOBBIES_1_013,1.97,0.0,0.3004991363186904
2016-04-06,CA_4,HOBBIES_1_013,1.97,0.0,0.25902779915233265
2016-04-07,CA_4,HOBBIES_1_013,1.97,0.0,0.3195004228994313
2016-04-08,CA_4,HOBBIES_1_013,1.97,2.0,0.363754357308134
2016-04-09,CA_4,HOBBIES_1_013,1.97,1.0,0.35673396082757414
2016-04-10,CA_4,HOBBIES_1_013,1.97,0.0,0.3732607656620582
2016-04-11,CA_4,HOBBIES_1_013,1.97,0.0,0.39596313463377886
2016-04-12,CA_4,HOBBIES_1_013,1.97,0.0,0.3811925744897683
2016-04-13,CA_4,HOBBIES_1_013,1.97,0.0,0.3535374686973407
2016-04-14,CA_4,HOBBIES_1_013,1.97,0.0,0.4226061677780579
2016-04-15,CA_4,HOBBIES_1_013,1.97,0.0,0.42820877043462025
2016-04-16,CA_4,HOBBIES_1_013,1.97,0.0,0.4211883739540604
2016-04-17,CA_4,HOBBIES_1_013,1.97,0.0,0.2701354746974027
2016-04-18,CA_4,HOBBIES_1_013,1.97,0.0,0.20250689326761837
2016-04-19,CA_4,HOBBIES_1_013,1.97,1.0,0.20250689326761837
2016-04-20,CA_4,HOBBIES_1_013,1.97,0.0,0.20250689326761837
2016-04-21,CA_4,HOBBIES_1_013,1.97,1.0,0.3300274683323536
2016-04-22,CA_4,HOBBIES_1_013,1.97,0.0,0.31335203368583053
2016-04-23,CA_4,HOBBIES_1_013,1.97,1.0,0.3824646900622062
2016-03-26,CA_4,HOBBIES_1_014,1.16,1.0,2.645342854662089
2016-03-27,CA_4,HOBBIES_1_014,1.16,0.0,1.939460673043758
2016-03-28,CA_4,HOBBIES_1_014,1.16,0.0,1.761214095881331
2016-03-29,CA_4,HOBBIES_1_014,1.16,0.0,1.740512186474895
2016-03-30,CA_4,HOBBIES_1_014,1.16,1.0,1.5055868362553877
2016-03-31,CA_4,HOBBIES_1_014,1.16,1.0,1.9113892563378632
2016-04-01,CA_4,HOBBIES_1_014,1.16,2.0,2.0748311254069867
2016-04-02,CA_4,HOBBIES_1_014,1.16,5.0,1.7626093414275292
2016-04-03,CA_4,HOBBIES_1_014,1.16,2.0,1.3842759061193441
2016-04-04,CA_4,HOBBIES_1_014,1.16,0.0,1.326183175790123
2016-04-05,CA_4,HOBBIES_1_014,1.16,0.0,1.492366772659516
2016-04-06,CA_4,HOBBIES_1_014,1.16,1.0,1.4344306831691902
2016-04-07,CA_4,HOBBIES_1_014,1.16,4.0,1.7254702407155595
2016-04-08,CA_4,HOBBIES_1_014,1.16,4.0,2.023550957497254
2016-04-09,CA_4,HOBBIES_1_014,1.16,1.0,2.047721041985876
2016-04-10,CA_4,HOBBIES_1_014,1.16,1.0,1.6395018220333402
2016-04-11,CA_4,HOBBIES_1_014,1.16,0.0,1.5629469785521188
2016-04-12,CA_4,HOBBIES_1_014,1.16,0.0,1.565551881507529
2016-04-13,CA_4,HOBBIES_1_014,1.16,1.0,1.5550248360746068
2016-04-14,CA_4,HOBBIES_1_014,1.16,1.0,1.9608272561570823
2016-04-15,CA_4,HOBBIES_1_014,1.16,1.0,2.0379735493461006
2016-04-16,CA_4,HOBBIES_1_014,1.16,6.0,2.1485067199699808
2016-04-17,CA_4,HOBBIES_1_014,1.16,0.0,1.2625404701703824
2016-04-18,CA_4,HOBBIES_1_014,1.16,1.0,1.153505399800071
2016-04-19,CA_4,HOBBIES_1_014,1.16,0.0,1.242804392754131
2016-04-20,CA_4,HOBBIES_1_014,1.16,0.0,1.2201324328494425
2016-04-21,CA_4,HOBBIES_1_014,1.16,1.0,1.478056080128575
2016-04-22,CA_4,HOBBIES_1_014,1.16,1.0,1.655803450489149
2016-04-23,CA_4,HOBBIES_1_014,1.16,0.0,1.4273490615466793
2016-03-26,CA_4,HOBBIES_1_015,0.7,1.0,4.520800684177368
2016-03-27,CA_4,HOBBIES_1_015,0.7,2.0,3.4770684222370147
2016-03-28,CA_4,HOBBIES_1_015,0.7,3.0,3.6609562851221815
2016-03-29,CA_4,HOBBIES_1_015,0.7,3.0,3.049742641403987
2016-03-30,CA_4,HOBBIES_1_015,0.7,1.0,3.1124926300893896
2016-03-31,CA_4,HOBBIES_1_015,0.7,0.0,3.474291626643525
2016-04-01,CA_4,HOBBIES_1_015,0.7,0.0,4.062509717990453
2016-04-02,CA_4,HOBBIES_1_015,0.7,0.0,3.3742954107224183
2016-04-03,CA_4,HOBBIES_1_015,0.7,7.0,2.9050302105709025
2016-04-04,CA_4,HOBBIES_1_015,0.7,1.0,2.4471809607446526
2016-04-05,CA_4,HOBBIES_1_015,0.7,5.0,2.732372364450996
2016-04-06,CA_4,HOBBIES_1_015,0.7,6.0,2.65435804858781
2016-04-07,CA_4,HOBBIES_1_015,0.7,1.0,3.1104106321299234
2016-04-08,CA_4,HOBBIES_1_015,0.7,4.0,3.786388464760688
2016-04-09,CA_4,HOBBIES_1_015,0.7,3.0,3.25743494916623
2016-04-10,CA_4,HOBBIES_1_015,0.7,1.0,2.7283315893335125
2016-04-11,CA_4,HOBBIES_1_015,0.7,6.0,2.6491782238806465
2016-04-12,CA_4,HOBBIES_1_015,0.7,7.0,2.703073224742602
2016-04-13,CA_4,HOBBIES_1_015,0.7,1.0,2.746764648203555
2016-04-14,CA_4,HOBBIES_1_015,0.7,2.0,3.4660432842095616
2016-04-15,CA_4,HOBBIES_1_015,0.7,6.0,3.806508327736401
2016-04-16,CA_4,HOBBIES_1_015,0.7,1.0,3.7111905029238734
2016-04-17,CA_4,HOBBIES_1_015,0.7,4.0,3.134104192242698
2016-04-18,CA_4,HOBBIES_1_015,0.7,4.0,2.866003759233511
2016-04-19,CA_4,HOBBIES_1_015,0.7,1.0,3.0076384606675477
2016-04-20,CA_4,HOBBIES_1_015,0.7,4.0,3.2581080596290275
2016-04-21,CA_4,HOBBIES_1_015,0.7,0.0,3.404226169931563
2016-04-22,CA_4,HOBBIES_1_015,0.7,2.0,3.789690023078398
2016-04-23,CA_4,HOBBIES_1_015,0.7,6.0,3.5893442719897304
2016-03-26,CA_4,HOBBIES_1_016,0.7,0.0,0.13701692589133352
2016-03-27,CA_4,HOBBIES_1_016,0.7,0.0,0.11369276972406235
2016-03-28,CA_4,HOBBIES_1_016,0.7,0.0,0.11805510224639623
2016-03-29,CA_4,HOBBIES_1_016,0.7,0.0,0.11805510224639623
2016-03-30,CA_4,HOBBIES_1_016,0.7,0.0,0.11805510224639623
2016-03-31,CA_4,HOBBIES_1_016,0.7,0.0,0.14197172397624913
2016-04-01,CA_4,HOBBIES_1_016,0.7,0.0,0.1693030753874777
2016-04-02,CA_4,HOBBIES_1_016,0.7,0.0,0.13701692589133352
2016-04-03,CA_4,HOBBIES_1_016,0.7,0.0,0.11369276972406235
2016-04-04,CA_4,HOBBIES_1_016,0.7,0.0,0.11805510224639623
2016-04-05,CA_4,HOBBIES_1_016,0.7,0.0,0.11805510224639623
2016-04-06,CA_4,HOBBIES_1_016,0.7,0.0,0.11805510224639623
2016-04-07,CA_4,HOBBIES_1_016,0.7,0.0,0.14197172397624913
2016-04-08,CA_4,HOBBIES_1_016,0.7,0.0,0.1693030753874777
2016-04-09,CA_4,HOBBIES_1_016,0.7,0.0,0.13701692589133352
2016-04-10,CA_4,HOBBIES_1_016,0.7,0.0,0.11369276972406235
2016-04-11,CA_4,HOBBIES_1_016,0.7,0.0,0.11805510224639623
2016-04-12,CA_4,HOBBIES_1_016,0.7,0.0,0.11805510224639623
2016-04-13,CA_4,HOBBIES_1_016,0.7,0.0,0.11805510224639623
2016-04-14,CA_4,HOBBIES_1_016,0.7,0.0,0.14197172397624913
2016-04-15,CA_4,HOBBIES_1_016,0.7,0.0,0.1693030753874777
2016-04-16,CA_4,HOBBIES_1_016,0.7,0.0,0.13701692589133352
2016-04-17,CA_4,HOBBIES_1_016,0.7,0.0,0.11369276972406235
2016-04-18,CA_4,HOBBIES_1_016,0.7,0.0,0.11805510224639623
2016-04-19,CA_4,HOBBIES_1_016,0.7,0.0,0.11805510224639623
2016-04-20,CA_4,HOBBIES_1_016,0.7,0.0,0.11805510224639623
2016-04-21,CA_4,HOBBIES_1_016,0.7,0.0,0.14197172397624913
2016-04-22,CA_4,HOBBIES_1_016,0.7,0.0,0.1693030753874777
2016-04-23,CA_4,HOBBIES_1_016,0.7,0.0,0.13701692589133352
2016-03-26,CA_4,HOBBIES_1_017,1.98,0.0,0.3326542998260259
2016-03-27,CA_4,HOBBIES_1_017,1.98,0.0,0.24605581369585403
2016-03-28,CA_4,HOBBIES_1_017,1.98,0.0,0.23494813815078422
2016-03-29,CA_4,HOBBIES_1_017,1.98,0.0,0.21166117917184482
2016-03-30,CA_4,HOBBIES_1_017,1.98,0.0,0.1792199342886788
2016-03-31,CA_4,HOBBIES_1_017,1.98,0.0,0.23403686291080159
2016-04-01,CA_4,HOBBIES_1_017,1.98,0.0,0.2692387717401663
2016-04-02,CA_4,HOBBIES_1_017,1.98,1.0,0.26221837525960645
2016-04-03,CA_4,HOBBIES_1_017,1.98,0.0,0.19384021506443924
2016-04-04,CA_4,HOBBIES_1_017,1.98,0.0,0.22218822460476703
2016-04-05,CA_4,HOBBIES_1_017,1.98,0.0,0.21166117917184482
2016-04-06,CA_4,HOBBIES_1_017,1.98,0.0,0.21108275993443265
2016-04-07,CA_4,HOBBIES_1_017,1.98,2.0,0.25987515457530524
2016-04-08,CA_4,HOBBIES_1_017,1.98,0.0,0.3067490804671681
2016-04-09,CA_4,HOBBIES_1_017,1.98,0.0,0.41597481145525705
2016-04-10,CA_4,HOBBIES_1_017,1.98,0.0,0.29974684524740475
2016-04-11,CA_4,HOBBIES_1_017,1.98,0.0,0.2818110917943413
2016-04-12,CA_4,HOBBIES_1_017,1.98,0.0,0.2818110917943413
2016-04-13,CA_4,HOBBIES_1_017,1.98,0.0,0.25794571357798957
2016-04-14,CA_4,HOBBIES_1_017,1.98,0.0,0.3067381082188621
2016-04-15,CA_4,HOBBIES_1_017,1.98,0.0,0.364375415685661
2016-04-16,CA_4,HOBBIES_1_017,1.98,0.0,0.22786407214849824
2016-04-17,CA_4,HOBBIES_1_017,1.98,0.0,0.16509083061596977
2016-04-18,CA_4,HOBBIES_1_017,1.98,0.0,0.15671485239038865
2016-04-19,CA_4,HOBBIES_1_017,1.98,0.0,0.15671485239038865
2016-04-20,CA_4,HOBBIES_1_017,1.98,0.0,0.13715705396152514
2016-04-21,CA_4,HOBBIES_1_017,1.98,1.0,0.18012476137083003
2016-04-22,CA_4,HOBBIES_1_017,1.98,3.0,0.2153266702001946
2016-04-23,CA_4,HOBBIES_1_017,1.98,2.0,0.29084343259690737
2016-03-26,CA_4,HOBBIES_1_018,11.88,0.0,0.042195172193918475
2016-03-27,CA_4,HOBBIES_1_018,11.88,0.0,0.029563751842812323
2016-03-28,CA_4,HOBBIES_1_018,11.88,0.0,0.022701126134014975
2016-03-29,CA_4,HOBBIES_1_018,11.88,0.0,0.022701126134014975
2016-03-30,CA_4,HOBBIES_1_018,11.88,0.0,0.022701126134014975
2016-03-31,CA_4,HOBBIES_1_018,11.88,0.0,0.030555833396331743
2016-04-01,CA_4,HOBBIES_1_018,11.88,0.0,0.04541216520434436
2016-04-02,CA_4,HOBBIES_1_018,11.88,0.0,0.042195172193918475
2016-04-03,CA_4,HOBBIES_1_018,11.88,2.0,0.029563751842812323
2016-04-04,CA_4,HOBBIES_1_018,11.88,0.0,0.022701126134014975
2016-04-05,CA_4,HOBBIES_1_018,11.88,0.0,0.1708063560809884
2016-04-06,CA_4,HOBBIES_1_018,11.88,0.0,0.16554071524705352
2016-04-07,CA_4,HOBBIES_1_018,11.88,0.0,0.19083118421456294
2016-04-08,CA_4,HOBBIES_1_018,11.88,0.0,0.22185118200019194
2016-04-09,CA_4,HOBBIES_1_018,11.88,0.0,0.21863418898976605
2016-04-10,CA_4,HOBBIES_1_018,11.88,0.0,0.17308964148927644
2016-04-11,CA_4,HOBBIES_1_018,11.88,1.0,0.16554071524705352
2016-04-12,CA_4,HOBBIES_1_018,11.88,0.0,0.08623651672033047
2016-04-13,CA_4,HOBBIES_1_018,11.88,0.0,0.14327480314741262
2016-04-14,CA_4,HOBBIES_1_018,11.88,0.0,0.16329963128098715
2016-04-15,CA_4,HOBBIES_1_018,11.88,0.0,0.20084605840974137
2016-04-16,CA_4,HOBBIES_1_018,11.88,0.0,0.1976290653993155
2016-04-17,CA_4,HOBBIES_1_018,11.88,0.0,0.14455417509365764
2016-04-18,CA_4,HOBBIES_1_018,11.88,0.0,0.13800916231347773
2016-04-19,CA_4,HOBBIES_1_018,11.88,0.0,0.13800916231347773
2016-04-20,CA_4,HOBBIES_1_018,11.88,0.0,0.1055679174303116
2016-04-21,CA_4,HOBBIES_1_018,11.88,0.0,0.1308583863978212
2016-04-22,CA_4,HOBBIES_1_018,11.88,0.0,0.15913902969974944
2016-04-23,CA_4,HOBBIES_1_018,11.88,0.0,0.15592203668932356
2016-03-26,CA_4,HOBBIES_1_019,0.48,0.0,4.954789947054791
2016-03-27,CA_4,HOBBIES_1_019,0.48,0.0,4.0583527583890335
2016-03-28,CA_4,HOBBIES_1_019,0.48,3.0,3.89734403287626
2016-03-29,CA_4,HOBBIES_1_019,0.48,48.0,3.857954997452067
2016-03-30,CA_4,HOBBIES_1_019,0.48,0.0,4.559011220261251
2016-03-31,CA_4,HOBBIES_1_019,0.48,0.0,4.882567185358183
2016-04-01,CA_4,HOBBIES_1_019,0.48,0.0,4.182020877714672
2016-04-02,CA_4,HOBBIES_1_019,0.48,0.0,3.82466566138671
2016-04-03,CA_4,HOBBIES_1_019,0.48,0.0,2.3805929894391937
2016-04-04,CA_4,HOBBIES_1_019,0.48,1.0,3.015977630317336
2016-04-05,CA_4,HOBBIES_1_019,0.48,3.0,2.9176005236980047
2016-04-06,CA_4,HOBBIES_1_019,0.48,0.0,10.597760558101184
2016-04-07,CA_4,HOBBIES_1_019,0.48,13.0,7.15980148824631
2016-04-08,CA_4,HOBBIES_1_019,0.48,5.0,5.305214335974383
2016-04-09,CA_4,HOBBIES_1_019,0.48,6.0,6.490497508054087
2016-04-10,CA_4,HOBBIES_1_019,0.48,1.0,5.253111147832133
2016-04-11,CA_4,HOBBIES_1_019,0.48,7.0,5.510006873026371
2016-04-12,CA_4,HOBBIES_1_019,0.48,2.0,5.1444055929162715
2016-04-13,CA_4,HOBBIES_1_019,0.48,0.0,5.458430639841005
2016-04-14,CA_4,HOBBIES_1_019,0.48,0.0,6.060882881074983
2016-04-15,CA_4,HOBBIES_1_019,0.48,2.0,5.417727230220345
2016-04-16,CA_4,HOBBIES_1_019,0.48,12.0,4.860677672769063
2016-04-17,CA_4,HOBBIES_1_019,0.48,3.0,3.9173464582974096
2016-04-18,CA_4,HOBBIES_1_019,0.48,2.0,3.749402748770929
2016-04-19,CA_4,HOBBIES_1_019,0.48,3.0,4.374454072040541
2016-04-20,CA_4,HOBBIES_1_019,0.48,4.0,4.235212684747102
2016-04-21,CA_4,HOBBIES_1_019,0.48,13.0,4.800136090926046
2016-04-22,CA_4,HOBBIES_1_019,0.48,7.0,5.256206959340149
2016-04-23,CA_4,HOBBIES_1_019,0.48,5.0,4.733718539886966
2016-03-26,CA_4,HOBBIES_1_020,12.68,0.0,0.30880812129347784
2016-03-27,CA_4,HOBBIES_1_020,12.68,0.0,0.24667306618032472
2016-03-28,CA_4,HOBBIES_1_020,12.68,1.0,0.2033590016195709
2016-03-29,CA_4,HOBBIES_1_020,12.68,0.0,0.2033590016195709
2016-03-30,CA_4,HOBBIES_1_020,12.68,0.0,0.2636485951884898
2016-03-31,CA_4,HOBBIES_1_020,12.68,0.0,0.27023404792642247
2016-04-01,CA_4,HOBBIES_1_020,12.68,0.0,0.30516048357201647
2016-04-02,CA_4,HOBBIES_1_020,12.68,1.0,0.3019434905615906
2016-04-03,CA_4,HOBBIES_1_020,12.68,1.0,0.23980843544843763
2016-04-04,CA_4,HOBBIES_1_020,12.68,0.0,0.2636485951884898
2016-04-05,CA_4,HOBBIES_1_020,12.68,0.0,0.30970524122008636
2016-04-06,CA_4,HOBBIES_1_020,12.68,0.0,0.28169286056803644
2016-04-07,CA_4,HOBBIES_1_020,12.68,0.0,0.30117833965985796
2016-04-08,CA_4,HOBBIES_1_020,12.68,0.0,0.33610477530545196
2016-04-09,CA_4,HOBBIES_1_020,12.68,1.0,0.30880812129347784
2016-04-10,CA_4,HOBBIES_1_020,12.68,0.0,0.24667306618032472
2016-04-11,CA_4,HOBBIES_1_020,12.68,0.0,0.2636485951884898
2016-04-12,CA_4,HOBBIES_1_020,12.68,0.0,0.22743866262111914
2016-04-13,CA_4,HOBBIES_1_020,12.68,0.0,0.22743866262111914
2016-04-14,CA_4,HOBBIES_1_020,12.68,0.0,0.24615438692487396
2016-04-15,CA_4,HOBBIES_1_020,12.68,1.0,0.28108082257046824
2016-04-16,CA_4,HOBBIES_1_020,12.68,0.0,0.2515411669392869
2016-04-17,CA_4,HOBBIES_1_020,12.68,0.0,0.25027519999199527
2016-04-18,CA_4,HOBBIES_1_020,12.68,0.0,0.1800720426406315
2016-04-19,CA_4,HOBBIES_1_020,12.68,1.0,0.1800720426406315
2016-04-20,CA_4,HOBBIES_1_020,12.68,0.0,0.1800720426406315
2016-04-21,CA_4,HOBBIES_1_020,12.68,1.0,0.2534216653883292
2016-04-22,CA_4,HOBBIES_1_020,12.68,0.0,0.2857024516831485
2016-04-23,CA_4,HOBBIES_1_020,12.68,1.0,0.3451595550153502
2016-03-26,CA_4,HOBBIES_1_021,11.88,0.0,0.3252533967750722
2016-03-27,CA_4,HOBBIES_1_021,11.88,2.0,0.26311834166191955
2016-03-28,CA_4,HOBBIES_1_021,11.88,0.0,0.22743866262111914
2016-03-29,CA_4,HOBBIES_1_021,11.88,0.0,0.32038589509206894
2016-03-30,CA_4,HOBBIES_1_021,11.88,0.0,0.31512025425813395
2016-03-31,CA_4,HOBBIES_1_021,11.88,0.0,0.34040690778346105
2016-04-01,CA_4,HOBBIES_1_021,11.88,0.0,0.3520234372155732
2016-04-02,CA_4,HOBBIES_1_021,11.88,0.0,0.34880644420514734
2016-04-03,CA_4,HOBBIES_1_021,11.88,0.0,0.2866713890919947
2016-04-04,CA_4,HOBBIES_1_021,11.88,0.0,0.2743016162646761
2016-04-05,CA_4,HOBBIES_1_021,11.88,0.0,0.17091775673640497
2016-04-06,CA_4,HOBBIES_1_021,11.88,0.0,0.17091775673640497
2016-04-07,CA_4,HOBBIES_1_021,11.88,0.0,0.21371314204170816
2016-04-08,CA_4,HOBBIES_1_021,11.88,0.0,0.23937379386047625
2016-04-09,CA_4,HOBBIES_1_021,11.88,0.0,0.23615680085005036
2016-04-10,CA_4,HOBBIES_1_021,11.88,0.0,0.18638059229137363
2016-04-11,CA_4,HOBBIES_1_021,11.88,0.0,0.14763079775746546
2016-04-12,CA_4,HOBBIES_1_021,11.88,0.0,0.14705237852005326
2016-04-13,CA_4,HOBBIES_1_021,11.88,2.0,0.14705237852005326
2016-04-14,CA_4,HOBBIES_1_021,11.88,0.0,0.15041618482668473
2016-04-15,CA_4,HOBBIES_1_021,11.88,0.0,0.3152258074970273
2016-04-16,CA_4,HOBBIES_1_021,11.88,0.0,0.29180116736418155
2016-04-17,CA_4,HOBBIES_1_021,11.88,0.0,0.23312135839588483
2016-04-18,CA_4,HOBBIES_1_021,11.88,0.0,0.226356577046776
2016-04-19,CA_4,HOBBIES_1_021,11.88,0.0,0.20442991438589803
2016-04-20,CA_4,HOBBIES_1_021,11.88,1.0,0.20442991438589803
2016-04-21,CA_4,HOBBIES_1_021,11.88,0.0,0.2297203833534074
2016-04-22,CA_4,HOBBIES_1_021,11.88,0.0,0.2617599006348081
2016-04-23,CA_4,HOBBIES_1_021,11.88,0.0,0.24493821372062463
2016-03-26,CA_4,HOBBIES_1_022,7.18,0.0,0.06795477512526914
2016-03-27,CA_4,HOBBIES_1_022,7.18,0.0,0.03969516587545938
2016-03-28,CA_4,HOBBIES_1_022,7.18,0.0,0.028742202788221757
2016-03-29,CA_4,HOBBIES_1_022,7.18,1.0,0.028742202788221757
2016-03-30,CA_4,HOBBIES_1_022,7.18,0.0,0.028742202788221757
2016-03-31,CA_4,HOBBIES_1_022,7.18,0.0,0.147661689043626
2016-04-01,CA_4,HOBBIES_1_022,7.18,0.0,0.17969103631216615
2016-04-02,CA_4,HOBBIES_1_022,7.18,0.0,0.17647404330174027
2016-04-03,CA_4,HOBBIES_1_022,7.18,0.0,0.11530130690254671
2016-04-04,CA_4,HOBBIES_1_022,7.18,0.0,0.10366204328188348
2016-04-05,CA_4,HOBBIES_1_022,7.18,0.0,0.10366204328188348
2016-04-06,CA_4,HOBBIES_1_022,7.18,0.0,0.10366204328188348
2016-04-07,CA_4,HOBBIES_1_022,7.18,0.0,0.10995480332652498
2016-04-08,CA_4,HOBBIES_1_022,7.18,0.0,0.1379840076021742
2016-04-09,CA_4,HOBBIES_1_022,7.18,0.0,0.1347670145917483
2016-04-10,CA_4,HOBBIES_1_022,7.18,0.0,0.08595312474703067
2016-04-11,CA_4,HOBBIES_1_022,7.18,0.0,0.07122079839871749
2016-04-12,CA_4,HOBBIES_1_022,7.18,0.0,0.07122079839871749
2016-04-13,CA_4,HOBBIES_1_022,7.18,0.0,0.07122079839871749
2016-04-14,CA_4,HOBBIES_1_022,7.18,0.0,0.10995480332652498
2016-04-15,CA_4,HOBBIES_1_022,7.18,0.0,0.1379840076021742
2016-04-16,CA_4,HOBBIES_1_022,7.18,0.0,0.1347670145917483
2016-04-17,CA_4,HOBBIES_1_022,7.18,0.0,0.08595312474703067
2016-04-18,CA_4,HOBBIES_1_022,7.18,0.0,0.07122079839871749
2016-04-19,CA_4,HOBBIES_1_022,7.18,0.0,0.07122079839871749
2016-04-20,CA_4,HOBBIES_1_022,7.18,0.0,0.07122079839871749
2016-04-21,CA_4,HOBBIES_1_022,7.18,1.0,0.10995480332652498
2016-04-22,CA_4,HOBBIES_1_022,7.18,0.0,0.1379840076021742
2016-04-23,CA_4,HOBBIES_1_022,7.18,1.0,0.2111355321813175
2016-03-26,CA_4,HOBBIES_1_023,2.97,0.0,0.7421507000334302
2016-03-27,CA_4,HOBBIES_1_023,2.97,1.0,0.5729898618185869
2016-03-28,CA_4,HOBBIES_1_023,2.97,1.0,0.5127780285502351
2016-03-29,CA_4,HOBBIES_1_023,2.97,0.0,0.5673537353986362
2016-03-30,CA_4,HOBBIES_1_023,2.97,1.0,0.5907156314512105
2016-03-31,CA_4,HOBBIES_1_023,2.97,0.0,0.6564609774393165
2016-04-01,CA_4,HOBBIES_1_023,2.97,3.0,0.7588376917786763
2016-04-02,CA_4,HOBBIES_1_023,2.97,3.0,0.6919025303583103
2016-04-03,CA_4,HOBBIES_1_023,2.97,1.0,0.6285631265504447
2016-04-04,CA_4,HOBBIES_1_023,2.97,0.0,0.7273916285771058
2016-04-05,CA_4,HOBBIES_1_023,2.97,0.0,0.7636895626364668
2016-04-06,CA_4,HOBBIES_1_023,2.97,0.0,0.76774216541238
2016-04-07,CA_4,HOBBIES_1_023,2.97,0.0,0.8195803269078983
2016-04-08,CA_4,HOBBIES_1_023,2.97,0.0,0.8606525270947145
2016-04-09,CA_4,HOBBIES_1_023,2.97,0.0,0.8153267146403892
2016-04-10,CA_4,HOBBIES_1_023,2.97,1.0,0.5799548333421384
2016-04-11,CA_4,HOBBIES_1_023,2.97,1.0,0.4586492175597452
2016-04-12,CA_4,HOBBIES_1_023,2.97,0.0,0.5035583291434598
2016-04-13,CA_4,HOBBIES_1_023,2.97,2.0,0.5194769910535812
2016-04-14,CA_4,HOBBIES_1_023,2.97,0.0,0.5948889323063735
2016-04-15,CA_4,HOBBIES_1_023,2.97,3.0,0.7981178979144941
2016-04-16,CA_4,HOBBIES_1_023,2.97,0.0,0.7722314029311895
2016-04-17,CA_4,HOBBIES_1_023,2.97,2.0,0.6853877752714116
2016-04-18,CA_4,HOBBIES_1_023,2.97,0.0,0.6574725315504016
2016-04-19,CA_4,HOBBIES_1_023,2.97,0.0,0.7547302048309914
2016-04-20,CA_4,HOBBIES_1_023,2.97,1.0,0.7173094716240734
2016-04-21,CA_4,HOBBIES_1_023,2.97,2.0,0.7767127064627557
2016-04-22,CA_4,HOBBIES_1_023,2.97,1.0,1.0103127428965106
2016-04-23,CA_4,HOBBIES_1_023,2.97,0.0,0.9648249287407098
2016-03-26,CA_4,HOBBIES_1_024,8.56,1.0,0.41989230272816697
2016-03-27,CA_4,HOBBIES_1_024,8.56,4.0,0.32079325793498853
2016-03-28,CA_4,HOBBIES_1_024,8.56,0.0,0.31548035201367364
2016-03-29,CA_4,HOBBIES_1_024,8.56,0.0,0.44968416332376504
2016-03-30,CA_4,HOBBIES_1_024,8.56,0.0,0.44441852248983016
2016-03-31,CA_4,HOBBIES_1_024,8.56,0.0,0.47680388575398236
2016-04-01,CA_4,HOBBIES_1_024,8.56,1.0,0.4649028929431073
2016-04-02,CA_4,HOBBIES_1_024,8.56,0.0,0.45700303954584387
2016-04-03,CA_4,HOBBIES_1_024,8.56,0.0,0.43177290340147984
2016-04-04,CA_4,HOBBIES_1_024,8.56,4.0,0.38467623289898456
2016-04-05,CA_4,HOBBIES_1_024,8.56,0.0,0.3016875172005917
2016-04-06,CA_4,HOBBIES_1_024,8.56,0.0,0.4681337064729435
2016-04-07,CA_4,HOBBIES_1_024,8.56,0.0,0.5334513092005914
2016-04-08,CA_4,HOBBIES_1_024,8.56,1.0,0.5794558045609238
2016-04-09,CA_4,HOBBIES_1_024,8.56,0.0,0.5715559511636604
2016-04-10,CA_4,HOBBIES_1_024,8.56,4.0,0.49015726297692924
2016-04-11,CA_4,HOBBIES_1_024,8.56,0.0,0.4628680656390084
2016-04-12,CA_4,HOBBIES_1_024,8.56,0.0,0.6347841438458082
2016-04-13,CA_4,HOBBIES_1_024,8.56,0.0,0.542623577990443
2016-04-14,CA_4,HOBBIES_1_024,8.56,0.0,0.6226334490243491
2016-04-15,CA_4,HOBBIES_1_024,8.56,0.0,0.7198343662959377
2016-04-16,CA_4,HOBBIES_1_024,8.56,0.0,0.6741545710106488
2016-04-17,CA_4,HOBBIES_1_024,8.56,0.0,0.5409962792898623
2016-04-18,CA_4,HOBBIES_1_024,8.56,0.0,0.5078825882912886
2016-04-19,CA_4,HOBBIES_1_024,8.56,0.0,0.35181887496015896
2016-04-20,CA_4,HOBBIES_1_024,8.56,0.0,0.35181887496015896
2016-04-21,CA_4,HOBBIES_1_024,8.56,0.0,0.43182874599406484
2016-04-22,CA_4,HOBBIES_1_024,8.56,0.0,0.4996779984536976
2016-04-23,CA_4,HOBBIES_1_024,8.56,0.0,0.4964610054432714
2016-03-26,CA_4,HOBBIES_1_025,3.98,0.0,0.3498843058317631
2016-03-27,CA_4,HOBBIES_1_025,3.98,0.0,0.25731842304988634
2016-03-28,CA_4,HOBBIES_1_025,3.98,0.0,0.2187919202746653
2016-03-29,CA_4,HOBBIES_1_025,3.98,0.0,0.2187919202746653
2016-03-30,CA_4,HOBBIES_1_025,3.98,0.0,0.18726920930381774
2016-03-31,CA_4,HOBBIES_1_025,3.98,0.0,0.18451875314188362
2016-04-01,CA_4,HOBBIES_1_025,3.98,2.0,0.23189347184690956
2016-04-02,CA_4,HOBBIES_1_025,3.98,0.0,0.18696945012649174
2016-04-03,CA_4,HOBBIES_1_025,3.98,0.0,0.24748952573490013
2016-04-04,CA_4,HOBBIES_1_025,3.98,0.0,0.23413216294737438
2016-04-05,CA_4,HOBBIES_1_025,3.98,0.0,0.23413216294737438
2016-04-06,CA_4,HOBBIES_1_025,3.98,0.0,0.23413216294737438
2016-04-07,CA_4,HOBBIES_1_025,3.98,1.0,0.2786908551067498
2016-04-08,CA_4,HOBBIES_1_025,3.98,0.0,0.33682895538671176
2016-04-09,CA_4,HOBBIES_1_025,3.98,0.0,0.36064768740669917
2016-04-10,CA_4,HOBBIES_1_025,3.98,0.0,0.20362739149833586
2016-04-11,CA_4,HOBBIES_1_025,3.98,0.0,0.18784762854122994
2016-04-12,CA_4,HOBBIES_1_025,3.98,0.0,0.18784762854122994
2016-04-13,CA_4,HOBBIES_1_025,3.98,0.0,0.18784762854122994
2016-04-14,CA_4,HOBBIES_1_025,3.98,0.0,0.23843085468185513
2016-04-15,CA_4,HOBBIES_1_025,3.98,0.0,0.2858055733868813
2016-04-16,CA_4,HOBBIES_1_025,3.98,0.0,0.24088155166646333
2016-04-17,CA_4,HOBBIES_1_025,3.98,0.0,0.1742792093428199
2016-04-18,CA_4,HOBBIES_1_025,3.98,0.0,0.15482796442065178
2016-04-19,CA_4,HOBBIES_1_025,3.98,2.0,0.15482796442065178
2016-04-20,CA_4,HOBBIES_1_025,3.98,0.0,0.13290130175977377
2016-04-21,CA_4,HOBBIES_1_025,3.98,0.0,0.2905594491593471
2016-04-22,CA_4,HOBBIES_1_025,3.98,0.0,0.3434319086053742
2016-04-23,CA_4,HOBBIES_1_025,3.98,0.0,0.3336119623762859
2016-03-26,CA_4,HOBBIES_1_026,17.97,0.0,0.8399412153996416
2016-03-27,CA_4,HOBBIES_1_026,17.97,0.0,0.6722263675704637
2016-03-28,CA_4,HOBBIES_1_026,17.97,0.0,0.5292546287719953
2016-03-29,CA_4,HOBBIES_1_026,17.97,1.0,0.502264374242792
2016-03-30,CA_4,HOBBIES_1_026,17.97,0.0,0.502264374242792
2016-03-31,CA_4,HOBBIES_1_026,17.97,3.0,0.6083006853510896
2016-04-01,CA_4,HOBBIES_1_026,17.97,1.0,0.6829042895714926
2016-04-02,CA_4,HOBBIES_1_026,17.97,0.0,0.8656429748985918
2016-04-03,CA_4,HOBBIES_1_026,17.97,0.0,0.6580814945346156
2016-04-04,CA_4,HOBBIES_1_026,17.97,0.0,0.6314581638711816
2016-04-05,CA_4,HOBBIES_1_026,17.97,0.0,0.6314581638711816
2016-04-06,CA_4,HOBBIES_1_026,17.97,1.0,0.6314581638711816
2016-04-07,CA_4,HOBBIES_1_026,17.97,3.0,0.7048955662517599
2016-04-08,CA_4,HOBBIES_1_026,17.97,1.0,0.8836777434422504
2016-04-09,CA_4,HOBBIES_1_026,17.97,1.0,0.9341831737717403
2016-04-10,CA_4,HOBBIES_1_026,17.97,1.0,0.7118039178745315
2016-04-11,CA_4,HOBBIES_1_026,17.97,1.0,0.6463903999698026
2016-04-12,CA_4,HOBBIES_1_026,17.97,1.0,0.6642266781327647
2016-04-13,CA_4,HOBBIES_1_026,17.97,1.0,0.7683817952609872
2016-04-14,CA_4,HOBBIES_1_026,17.97,0.0,0.8498368681655665
2016-04-15,CA_4,HOBBIES_1_026,17.97,1.0,0.9548132056489739
2016-04-16,CA_4,HOBBIES_1_026,17.97,0.0,0.8025211416879096
2016-04-17,CA_4,HOBBIES_1_026,17.97,1.0,0.6210340947187972
2016-04-18,CA_4,HOBBIES_1_026,17.97,0.0,0.5133359668618738
2016-04-19,CA_4,HOBBIES_1_026,17.97,0.0,0.5186016076958085
2016-04-20,CA_4,HOBBIES_1_026,17.97,0.0,0.5292546287719953
2016-04-21,CA_4,HOBBIES_1_026,17.97,0.0,0.6030350445171548
2016-04-22,CA_4,HOBBIES_1_026,17.97,1.0,0.6445988735977272
2016-04-23,CA_4,HOBBIES_1_026,17.97,0.0,0.6036019386992758
2016-03-26,CA_4,HOBBIES_1_027,19.98,0.0,0.27786382956004235
2016-03-27,CA_4,HOBBIES_1_027,19.98,0.0,0.21572877444688954
2016-03-28,CA_4,HOBBIES_1_027,19.98,0.0,0.2033590016195709
2016-03-29,CA_4,HOBBIES_1_027,19.98,0.0,0.2033590016195709
2016-03-30,CA_4,HOBBIES_1_027,19.98,1.0,0.2033590016195709
2016-03-31,CA_4,HOBBIES_1_027,19.98,0.0,0.21371314204170816
2016-04-01,CA_4,HOBBIES_1_027,19.98,0.0,0.318765177475774
2016-04-02,CA_4,HOBBIES_1_027,19.98,0.0,0.27786382956004235
2016-04-03,CA_4,HOBBIES_1_027,19.98,0.0,0.1928613579709906
2016-04-04,CA_4,HOBBIES_1_027,19.98,0.0,0.1794936234032193
2016-04-05,CA_4,HOBBIES_1_027,19.98,0.0,0.1794936234032193
2016-04-06,CA_4,HOBBIES_1_027,19.98,0.0,0.1794936234032193
2016-04-07,CA_4,HOBBIES_1_027,19.98,0.0,0.21060877960229638
2016-04-08,CA_4,HOBBIES_1_027,19.98,1.0,0.17869682812861296
2016-04-09,CA_4,HOBBIES_1_027,19.98,1.0,0.17547983511818707
2016-04-10,CA_4,HOBBIES_1_027,19.98,0.0,0.1898605385639982
2016-04-11,CA_4,HOBBIES_1_027,19.98,0.0,0.21628197520800171
2016-04-12,CA_4,HOBBIES_1_027,19.98,1.0,0.21101633437406683
2016-04-13,CA_4,HOBBIES_1_027,19.98,0.0,0.21043791513665464
2016-04-14,CA_4,HOBBIES_1_027,19.98,1.0,0.27616840520644403
2016-04-15,CA_4,HOBBIES_1_027,19.98,0.0,0.3018462382826009
2016-04-16,CA_4,HOBBIES_1_027,19.98,0.0,0.32308040710568314
2016-04-17,CA_4,HOBBIES_1_027,19.98,0.0,0.24655238952254047
2016-04-18,CA_4,HOBBIES_1_027,19.98,0.0,0.21101633437406683
2016-04-19,CA_4,HOBBIES_1_027,19.98,1.0,0.21101633437406683
2016-04-20,CA_4,HOBBIES_1_027,19.98,0.0,0.21101633437406683
2016-04-21,CA_4,HOBBIES_1_027,19.98,1.0,0.2534216653883292
2016-04-22,CA_4,HOBBIES_1_027,19.98,0.0,0.2857024516831485
2016-04-23,CA_4,HOBBIES_1_027,19.98,0.0,0.32241281519723536
2016-03-26,CA_4,HOBBIES_1_028,7.98,0.0,0.6037855744531723
2016-03-27,CA_4,HOBBIES_1_028,7.98,1.0,0.5029481080203139
2016-03-28,CA_4,HOBBIES_1_028,7.98,0.0,0.41082364167405117
2016-03-29,CA_4,HOBBIES_1_028,7.98,1.0,0.4388360223261012
2016-03-30,CA_4,HOBBIES_1_028,7.98,1.0,0.41512083834298774
2016-03-31,CA_4,HOBBIES_1_028,7.98,0.0,0.5136627805987722
2016-04-01,CA_4,HOBBIES_1_028,7.98,2.0,0.5831982080449319
2016-04-02,CA_4,HOBBIES_1_028,7.98,1.0,0.5822951830408702
2016-04-03,CA_4,HOBBIES_1_028,7.98,1.0,0.48930460979994567
2016-04-04,CA_4,HOBBIES_1_028,7.98,0.0,0.4685059958511647
2016-04-05,CA_4,HOBBIES_1_028,7.98,1.0,0.4685059958511647
2016-04-06,CA_4,HOBBIES_1_028,7.98,0.0,0.4632403550172297
2016-04-07,CA_4,HOBBIES_1_028,7.98,0.0,0.5485158668850699
2016-04-08,CA_4,HOBBIES_1_028,7.98,1.0,0.5968912696978762
2016-04-09,CA_4,HOBBIES_1_028,7.98,0.0,0.5936742766874503
2016-04-10,CA_4,HOBBIES_1_028,7.98,2.0,0.4779255161533655
2016-04-11,CA_4,HOBBIES_1_028,7.98,0.0,0.37692295804555653
2016-04-12,CA_4,HOBBIES_1_028,7.98,0.0,0.4430795370371894
2016-04-13,CA_4,HOBBIES_1_028,7.98,0.0,0.4378138962032545
2016-04-14,CA_4,HOBBIES_1_028,7.98,1.0,0.48570408190457126
2016-04-15,CA_4,HOBBIES_1_028,7.98,0.0,0.5444902852644029
2016-04-16,CA_4,HOBBIES_1_028,7.98,0.0,0.5958998769446275
2016-04-17,CA_4,HOBBIES_1_028,7.98,1.0,0.4562724702555761
2016-04-18,CA_4,HOBBIES_1_028,7.98,1.0,0.4335703814921662
2016-04-19,CA_4,HOBBIES_1_028,7.98,1.0,0.4204700524106949
2016-04-20,CA_4,HOBBIES_1_028,7.98,0.0,0.4608475724741692
2016-04-21,CA_4,HOBBIES_1_028,7.98,2.0,0.5794830243699557
2016-04-22,CA_4,HOBBIES_1_028,7.98,0.0,0.6513324198224796
2016-04-23,CA_4,HOBBIES_1_028,7.98,1.0,0.7108791562504165
2016-03-26,CA_4,HOBBIES_1_029,8.98,0.0,1.5163822729510663
2016-03-27,CA_4,HOBBIES_1_029,8.98,0.0,1.0933561890743
2016-03-28,CA_4,HOBBIES_1_029,8.98,2.0,0.9500745036757331
2016-03-29,CA_4,HOBBIES_1_029,8.98,4.0,0.925579251846399
2016-03-30,CA_4,HOBBIES_1_029,8.98,1.0,0.9824302592162908
2016-03-31,CA_4,HOBBIES_1_029,8.98,1.0,1.2507131601766055
2016-04-01,CA_4,HOBBIES_1_029,8.98,1.0,1.4604282917646962
2016-04-02,CA_4,HOBBIES_1_029,8.98,1.0,1.3877136260824123
2016-04-03,CA_4,HOBBIES_1_029,8.98,1.0,1.125002213052299
2016-04-04,CA_4,HOBBIES_1_029,8.98,0.0,1.0560330679117753
2016-04-05,CA_4,HOBBIES_1_029,8.98,1.0,1.2064385106737645
2016-04-06,CA_4,HOBBIES_1_029,8.98,1.0,0.9643292192790107
2016-04-07,CA_4,HOBBIES_1_029,8.98,1.0,1.018774579745265
2016-04-08,CA_4,HOBBIES_1_029,8.98,1.0,1.201668984193873
2016-04-09,CA_4,HOBBIES_1_029,8.98,3.0,1.198451991183447
2016-04-10,CA_4,HOBBIES_1_029,8.98,0.0,0.9212657429485721
2016-04-11,CA_4,HOBBIES_1_029,8.98,0.0,0.9166330257756815
2016-04-12,CA_4,HOBBIES_1_029,8.98,1.0,0.8634409850261242
2016-04-13,CA_4,HOBBIES_1_029,8.98,1.0,0.8634409850261242
2016-04-14,CA_4,HOBBIES_1_029,8.98,3.0,1.080262620669829
2016-04-15,CA_4,HOBBIES_1_029,8.98,0.0,1.2752858836707943
2016-04-16,CA_4,HOBBIES_1_029,8.98,0.0,1.2805811019490567
2016-04-17,CA_4,HOBBIES_1_029,8.98,1.0,1.061813526529789
2016-04-18,CA_4,HOBBIES_1_029,8.98,2.0,0.829279137932104
2016-04-19,CA_4,HOBBIES_1_029,8.98,0.0,0.9521717038681808
2016-04-20,CA_4,HOBBIES_1_029,8.98,7.0,0.8737457322885249
2016-04-21,CA_4,HOBBIES_1_029,8.98,0.0,0.8900062653228753
2016-04-22,CA_4,HOBBIES_1_029,8.98,2.0,1.4084568505477157
2016-04-23,CA_4,HOBBIES_1_029,8.98,1.0,1.3265797940921553
2016-03-26,CA_4,HOBBIES_1_030,0.7,4.0,3.323313343881076
2016-03-27,CA_4,HOBBIES_1_030,0.7,0.0,2.239860675957499
2016-03-28,CA_4,HOBBIES_1_030,0.7,1.0,1.946379043999675
2016-03-29,CA_4,HOBBIES_1_030,0.7,5.0,1.967382951572453
2016-03-30,CA_4,HOBBIES_1_030,0.7,0.0,1.8203169751909496
2016-03-31,CA_4,HOBBIES_1_030,0.7,5.0,2.0721549882511807
2016-04-01,CA_4,HOBBIES_1_030,0.7,15.0,2.3353653453658905
2016-04-02,CA_4,HOBBIES_1_030,0.7,4.0,2.7753940163018167
2016-04-03,CA_4,HOBBIES_1_030,0.7,4.0,2.0262223059474707
2016-04-04,CA_4,HOBBIES_1_030,0.7,2.0,1.9842495680334524
2016-04-05,CA_4,HOBBIES_1_030,0.7,1.0,2.330855108228803
2016-04-06,CA_4,HOBBIES_1_030,0.7,6.0,2.429648431393032
2016-04-07,CA_4,HOBBIES_1_030,0.7,0.0,2.4600991848431826
2016-04-08,CA_4,HOBBIES_1_030,0.7,6.0,3.4992687825482633
2016-04-09,CA_4,HOBBIES_1_030,0.7,5.0,2.84321985417203
2016-04-10,CA_4,HOBBIES_1_030,0.7,0.0,2.6789920224065082
2016-04-11,CA_4,HOBBIES_1_030,0.7,0.0,2.4664651880535464
2016-04-12,CA_4,HOBBIES_1_030,0.7,11.0,2.4514508950000984
2016-04-13,CA_4,HOBBIES_1_030,0.7,3.0,2.3816464609456287
2016-04-14,CA_4,HOBBIES_1_030,0.7,0.0,2.7886263986087543
2016-04-15,CA_4,HOBBIES_1_030,0.7,12.0,3.3857145179434953
2016-04-16,CA_4,HOBBIES_1_030,0.7,0.0,3.2018892480751533
2016-04-17,CA_4,HOBBIES_1_030,0.7,3.0,2.567350106237019
2016-04-18,CA_4,HOBBIES_1_030,0.7,0.0,2.125205435759492
2016-04-19,CA_4,HOBBIES_1_030,0.7,0.0,2.375750061182211
2016-04-20,CA_4,HOBBIES_1_030,0.7,0.0,2.229639791441778
2016-04-21,CA_4,HOBBIES_1_030,0.7,0.0,2.84647515455375
2016-04-22,CA_4,HOBBIES_1_030,0.7,2.0,3.3624360269229316
2016-04-23,CA_4,HOBBIES_1_030,0.7,4.0,3.2910173773597813
2016-03-26,TX_1,HOBBIES_1_001,8.26,0.0,0.44076961280776367
2016-03-27,TX_1,HOBBIES_1_001,8.26,1.0,0.3431259927129569
2016-03-28,TX_1,HOBBIES_1_001,8.26,0.0,0.30322054522260833
2016-03-29,TX_1,HOBBIES_1_001,8.26,1.0,0.3588880316670858
2016-03-30,TX_1,HOBBIES_1_001,8.26,0.0,0.32596728504072336
2016-03-31,TX_1,HOBBIES_1_001,8.26,0.0,0.42202761509599473
2016-04-01,TX_1,HOBBIES_1_001,8.26,0.0,0.4212398660000745
2016-04-02,TX_1,HOBBIES_1_001,8.26,0.0,0.41802287298964863
2016-04-03,TX_1,HOBBIES_1_001,8.26,1.0,0.30311843810587563
2016-04-04,TX_1,HOBBIES_1_001,8.26,0.0,0.2857118134426323
2016-04-05,TX_1,HOBBIES_1_001,8.26,1.0,0.3084861860565433
2016-04-06,TX_1,HOBBIES_1_001,8.26,0.0,0.2857118134426323
2016-04-07,TX_1,HOBBIES_1_001,8.26,0.0,0.37162576948545223
2016-04-08,TX_1,HOBBIES_1_001,8.26,0.0,0.3830130917167828
2016-04-09,TX_1,HOBBIES_1_001,8.26,0.0,0.37979609870635694
2016-04-10,TX_1,HOBBIES_1_001,8.26,0.0,0.27980853189239413
2016-04-11,TX_1,HOBBIES_1_001,8.26,0.0,0.2624019072291508
2016-04-12,TX_1,HOBBIES_1_001,8.26,1.0,0.23145761549571495
2016-04-13,TX_1,HOBBIES_1_001,8.26,1.0,0.23145761549571495
2016-04-14,TX_1,HOBBIES_1_001,8.26,0.0,0.3145766706384222
2016-04-15,TX_1,HOBBIES_1_001,8.26,0.0,0.39661778562054023
2016-04-16,TX_1,HOBBIES_1_001,8.26,0.0,0.37979609870635694
2016-04-17,TX_1,HOBBIES_1_001,8.26,0.0,0.30311843810587563
2016-04-18,TX_1,HOBBIES_1_001,8.26,1.0,0.2624019072291508
2016-04-19,TX_1,HOBBIES_1_001,8.26,0.0,0.2624019072291508
2016-04-20,TX_1,HOBBIES_1_001,8.26,1.0,0.3137241940946822
2016-04-21,TX_1,HOBBIES_1_001,8.26,0.0,0.3169454153244412
2016-04-22,TX_1,HOBBIES_1_001,8.26,0.0,0.37330787940705873
2016-04-23,TX_1,HOBBIES_1_001,8.26,2.0,0.35648619249287544
2016-03-26,TX_1,HOBBIES_1_002,3.97,0.0,0.15935546215439403
2016-03-27,TX_1,HOBBIES_1_002,3.97,0.0,0.10588838129855731
2016-03-28,TX_1,HOBBIES_1_002,3.97,0.0,0.09225594470193754
2016-03-29,TX_1,HOBBIES_1_002,3.97,0.0,0.09225594470193754
2016-03-30,TX_1,HOBBIES_1_002,3.97,0.0,0.09225594470193754
2016-03-31,TX_1,HOBBIES_1_002,3.97,0.0,0.10993315465392525
2016-04-01,TX_1,HOBBIES_1_002,3.97,0.0,0.14151566018900014
2016-04-02,TX_1,HOBBIES_1_002,3.97,0.0,0.13829866717857425
2016-04-03,TX_1,HOBBIES_1_002,3.97,0.0,0.08483158632273749
2016-04-04,TX_1,HOBBIES_1_002,3.97,0.0,0.07119914972611774
2016-04-05,TX_1,HOBBIES_1_002,3.97,0.0,0.07119914972611774
2016-04-06,TX_1,HOBBIES_1_002,3.97,0.0,0.07119914972611774
2016-04-07,TX_1,HOBBIES_1_002,3.97,0.0,0.10993315465392525
2016-04-08,TX_1,HOBBIES_1_002,3.97,1.0,0.14151566018900014
2016-04-09,TX_1,HOBBIES_1_002,3.97,0.0,0.13829866717857425
2016-04-10,TX_1,HOBBIES_1_002,3.97,0.0,0.11778190228992352
2016-04-11,TX_1,HOBBIES_1_002,3.97,0.0,0.10364039460928376
2016-04-12,TX_1,HOBBIES_1_002,3.97,0.0,0.10364039460928376
2016-04-13,TX_1,HOBBIES_1_002,3.97,0.0,0.10364039460928376
2016-04-14,TX_1,HOBBIES_1_002,3.97,0.0,0.14237439953709138
2016-04-15,TX_1,HOBBIES_1_002,3.97,0.0,0.1832226888989921
2016-04-16,TX_1,HOBBIES_1_002,3.97,0.0,0.18000569588856621
2016-04-17,TX_1,HOBBIES_1_002,3.97,0.0,0.08483158632273749
2016-04-18,TX_1,HOBBIES_1_002,3.97,0.0,0.07119914972611774
2016-04-19,TX_1,HOBBIES_1_002,3.97,0.0,0.07119914972611774
2016-04-20,TX_1,HOBBIES_1_002,3.97,0.0,0.07119914972611774
2016-04-21,TX_1,HOBBIES_1_002,3.97,0.0,0.10993315465392525
2016-04-22,TX_1,HOBBIES_1_002,3.97,0.0,0.14151566018900014
2016-04-23,TX_1,HOBBIES_1_002,3.97,1.0,0.13829866717857425
2016-03-26,TX_1,HOBBIES_1_003,2.97,0.0,0.29461621449463626
2016-03-27,TX_1,HOBBIES_1_003,2.97,0.0,0.2149514736213468
2016-03-28,TX_1,HOBBIES_1_003,2.97,0.0,0.20075073534862695
2016-03-29,TX_1,HOBBIES_1_003,2.97,0.0,0.20075073534862695
2016-03-30,TX_1,HOBBIES_1_003,2.97,0.0,0.20075073534862695
2016-03-31,TX_1,HOBBIES_1_003,2.97,0.0,0.2612233590957255
2016-04-01,TX_1,HOBBIES_1_003,2.97,0.0,0.3016366109751961
2016-04-02,TX_1,HOBBIES_1_003,2.97,0.0,0.29461621449463626
2016-04-03,TX_1,HOBBIES_1_003,2.97,1.0,0.18548110392678546
2016-04-04,TX_1,HOBBIES_1_003,2.97,1.0,0.13540089604253372
2016-04-05,TX_1,HOBBIES_1_003,2.97,0.0,0.1915244222379176
2016-04-06,TX_1,HOBBIES_1_003,2.97,0.0,0.24439537663223113
2016-04-07,TX_1,HOBBIES_1_003,2.97,0.0,0.2890632883897493
2016-04-08,TX_1,HOBBIES_1_003,2.97,1.0,0.34826957449998686
2016-04-09,TX_1,HOBBIES_1_003,2.97,1.0,0.341249178019427
2016-04-10,TX_1,HOBBIES_1_003,2.97,0.0,0.27098129349494143
2016-04-11,TX_1,HOBBIES_1_003,2.97,1.0,0.27196405039884664
2016-04-12,TX_1,HOBBIES_1_003,2.97,1.0,0.2630176335669916
2016-04-13,TX_1,HOBBIES_1_003,2.97,0.0,0.26772053568775833
2016-04-14,TX_1,HOBBIES_1_003,2.97,0.0,0.3267809790209694
2016-04-15,TX_1,HOBBIES_1_003,2.97,0.0,0.3818627822478524
2016-04-16,TX_1,HOBBIES_1_003,2.97,0.0,0.37484238576729256
2016-04-17,TX_1,HOBBIES_1_003,2.97,0.0,0.27512327085251415
2016-04-18,TX_1,HOBBIES_1_003,2.97,0.0,0.2408493129862888
2016-04-19,TX_1,HOBBIES_1_003,2.97,0.0,0.2408493129862888
2016-04-20,TX_1,HOBBIES_1_003,2.97,0.0,0.2099050212528534
2016-04-21,TX_1,HOBBIES_1_003,2.97,0.0,0.23228070499181017
2016-04-22,TX_1,HOBBIES_1_003,2.97,0.0,0.2674826138211749
2016-04-23,TX_1,HOBBIES_1_003,2.97,0.0,0.26046221734061503
2016-03-26,TX_1,HOBBIES_1_004,4.64,2.0,1.5589327016265375
2016-03-27,TX_1,HOBBIES_1_004,4.64,0.0,1.151985415655362
2016-03-28,TX_1,HOBBIES_1_004,4.64,0.0,1.047503587342746
2016-03-29,TX_1,HOBBIES_1_004,4.64,0.0,1.0033675112392322
2016-03-30,TX_1,HOBBIES_1_004,4.64,0.0,1.0033675112392322
2016-03-31,TX_1,HOBBIES_1_004,4.64,0.0,1.177748483949734
2016-04-01,TX_1,HOBBIES_1_004,4.64,2.0,1.345732384252828
2016-04-02,TX_1,HOBBIES_1_004,4.64,3.0,1.2345947815698572
2016-04-03,TX_1,HOBBIES_1_004,4.64,1.0,1.042929232602942
2016-04-04,TX_1,HOBBIES_1_004,4.64,0.0,0.8492122401074166
2016-04-05,TX_1,HOBBIES_1_004,4.64,1.0,0.8588788353721029
2016-04-06,TX_1,HOBBIES_1_004,4.64,0.0,0.8536131945381681
2016-04-07,TX_1,HOBBIES_1_004,4.64,0.0,1.0577550599119392
2016-04-08,TX_1,HOBBIES_1_004,4.64,2.0,1.2854748487352674
2016-04-09,TX_1,HOBBIES_1_004,4.64,2.0,1.2967000179496002
2016-04-10,TX_1,HOBBIES_1_004,4.64,2.0,0.9929795829971908
2016-04-11,TX_1,HOBBIES_1_004,4.64,0.0,0.9081059434249396
2016-04-12,TX_1,HOBBIES_1_004,4.64,0.0,0.9326011952542733
2016-04-13,TX_1,HOBBIES_1_004,4.64,0.0,0.8001379618224514
2016-04-14,TX_1,HOBBIES_1_004,4.64,0.0,0.7957417901447634
2016-04-15,TX_1,HOBBIES_1_004,4.64,3.0,0.9984671469005632
2016-04-16,TX_1,HOBBIES_1_004,4.64,2.0,1.009692316114896
2016-04-17,TX_1,HOBBIES_1_004,4.64,0.0,0.9185920269112078
2016-04-18,TX_1,HOBBIES_1_004,4.64,1.0,0.9069130932157474
2016-04-19,TX_1,HOBBIES_1_004,4.64,0.0,0.8439465992734818
2016-04-20,TX_1,HOBBIES_1_004,4.64,0.0,0.8588788353721029
2016-04-21,TX_1,HOBBIES_1_004,4.64,0.0,1.0737825934148544
2016-04-22,TX_1,HOBBIES_1_004,4.64,2.0,1.2710133646430957
2016-04-23,TX_1,HOBBIES_1_004,4.64,2.0,0.938646697101547
2016-03-26,TX_1,HOBBIES_1_005,2.73,0.0,1.0996775140894062
2016-03-27,TX_1,HOBBIES_1_005,2.73,0.0,0.6559116855916323
2016-03-28,TX_1,HOBBIES_1_005,2.73,0.0,0.6341525860221167
2016-03-29,TX_1,HOBBIES_1_005,2.73,2.0,0.6299090713110284
2016-03-30,TX_1,HOBBIES_1_005,2.73,0.0,0.5762180397594779
2016-03-31,TX_1,HOBBIES_1_005,2.73,1.0,0.8261473542757678
2016-04-01,TX_1,HOBBIES_1_005,2.73,1.0,0.9813241714990716
2016-04-02,TX_1,HOBBIES_1_005,2.73,0.0,0.9861364478332791
2016-04-03,TX_1,HOBBIES_1_005,2.73,0.0,0.5835992543559123
2016-04-04,TX_1,HOBBIES_1_005,2.73,0.0,0.5416272763733238
2016-04-05,TX_1,HOBBIES_1_005,2.73,1.0,0.5182653803207494
2016-04-06,TX_1,HOBBIES_1_005,2.73,0.0,0.5182653803207494
2016-04-07,TX_1,HOBBIES_1_005,2.73,2.0,0.5697032690279371
2016-04-08,TX_1,HOBBIES_1_005,2.73,0.0,0.6625282912577601
2016-04-09,TX_1,HOBBIES_1_005,2.73,2.0,0.7006091072617607
2016-04-10,TX_1,HOBBIES_1_005,2.73,0.0,0.4740313889560373
2016-04-11,TX_1,HOBBIES_1_005,2.73,0.0,0.5151463535145981
2016-04-12,TX_1,HOBBIES_1_005,2.73,0.0,0.5110218706312437
2016-04-13,TX_1,HOBBIES_1_005,2.73,1.0,0.5110218706312437
2016-04-14,TX_1,HOBBIES_1_005,2.73,1.0,0.6313701898365623
2016-04-15,TX_1,HOBBIES_1_005,2.73,2.0,0.7033298825832172
2016-04-16,TX_1,HOBBIES_1_005,2.73,2.0,0.6829783270164015
2016-04-17,TX_1,HOBBIES_1_005,2.73,0.0,0.5833612750253713
2016-04-18,TX_1,HOBBIES_1_005,2.73,0.0,0.6000172419935449
2016-04-19,TX_1,HOBBIES_1_005,2.73,2.0,0.578432428099297
2016-04-20,TX_1,HOBBIES_1_005,2.73,3.0,0.52068846589593
2016-04-21,TX_1,HOBBIES_1_005,2.73,0.0,0.7200619472334321
2016-04-22,TX_1,HOBBIES_1_005,2.73,5.0,0.9476227078964948
2016-04-23,TX_1,HOBBIES_1_005,2.73,2.0,0.9158667685836042
2016-03-26,TX_1,HOBBIES_1_006,0.96,0.0,0.4181643242911459
2016-03-27,TX_1,HOBBIES_1_006,0.96,0.0,0.3282936427500945
2016-03-28,TX_1,HOBBIES_1_006,0.96,0.0,0.2462398611203028
2016-03-29,TX_1,HOBBIES_1_006,0.96,0.0,0.2462398611203028
2016-03-30,TX_1,HOBBIES_1_006,0.96,1.0,0.1648564871527788
2016-03-31,TX_1,HOBBIES_1_006,0.96,1.0,0.2130378013071657
2016-04-01,TX_1,HOBBIES_1_006,0.96,4.0,0.4119577699188779
2016-04-02,TX_1,HOBBIES_1_006,0.96,0.0,0.43746725085415394
2016-04-03,TX_1,HOBBIES_1_006,0.96,0.0,0.4683684914163283
2016-04-04,TX_1,HOBBIES_1_006,0.96,1.0,0.48500870896408443
2016-04-05,TX_1,HOBBIES_1_006,0.96,0.0,0.48500870896408443
2016-04-06,TX_1,HOBBIES_1_006,0.96,0.0,0.5525691779010484
2016-04-07,TX_1,HOBBIES_1_006,0.96,0.0,0.5929361084736148
2016-04-08,TX_1,HOBBIES_1_006,0.96,0.0,0.6462199366706017
2016-04-09,TX_1,HOBBIES_1_006,0.96,2.0,0.6098691266930039
2016-04-10,TX_1,HOBBIES_1_006,0.96,1.0,0.3752407202275418
2016-04-11,TX_1,HOBBIES_1_006,0.96,0.0,0.5119870882115409
2016-04-12,TX_1,HOBBIES_1_006,0.96,0.0,0.5396421940039683
2016-04-13,TX_1,HOBBIES_1_006,0.96,0.0,0.5261721152971714
2016-04-14,TX_1,HOBBIES_1_006,0.96,0.0,0.5886051999101531
2016-04-15,TX_1,HOBBIES_1_006,0.96,1.0,0.6840217245054567
2016-04-16,TX_1,HOBBIES_1_006,0.96,1.0,0.6527290836541908
2016-04-17,TX_1,HOBBIES_1_006,0.96,0.0,0.559409735468869
2016-04-18,TX_1,HOBBIES_1_006,0.96,0.0,0.5611866032973828
2016-04-19,TX_1,HOBBIES_1_006,0.96,0.0,0.5022848829806834
2016-04-20,TX_1,HOBBIES_1_006,0.96,1.0,0.5022848829806834
2016-04-21,TX_1,HOBBIES_1_006,0.96,0.0,0.5721616277263388
2016-04-22,TX_1,HOBBIES_1_006,0.96,0.0,0.7924805802170095
2016-04-23,TX_1,HOBBIES_1_006,0.96,1.0,0.731834126254448
2016-03-26,TX_1,HOBBIES_1_007,7.88,2.0,0.39813649757409386
2016-03-27,TX_1,HOBBIES_1_007,7.88,0.0,0.32145883697361266
2016-03-28,TX_1,HOBBIES_1_007,7.88,0.0,0.3701972052861868
2016-03-29,TX_1,HOBBIES_1_007,7.88,0.0,0.36493156445225183
2016-03-30,TX_1,HOBBIES_1_007,7.88,0.0,0.3016304753527538
2016-03-31,TX_1,HOBBIES_1_007,7.88,1.0,0.3561739834480442
2016-04-01,TX_1,HOBBIES_1_007,7.88,0.0,0.3989317536269043
2016-04-02,TX_1,HOBBIES_1_007,7.88,0.0,0.45437430671152107
2016-04-03,TX_1,HOBBIES_1_007,7.88,0.0,0.3431259927129569
2016-04-04,TX_1,HOBBIES_1_007,7.88,1.0,0.27227625348917284
2016-04-05,TX_1,HOBBIES_1_007,7.88,1.0,0.27227625348917284
2016-04-06,TX_1,HOBBIES_1_007,7.88,0.0,0.3361412918489709
2016-04-07,TX_1,HOBBIES_1_007,7.88,0.0,0.4510156845220834
2016-04-08,TX_1,HOBBIES_1_007,7.88,1.0,0.5203416371385751
2016-04-09,TX_1,HOBBIES_1_007,7.88,0.0,0.4456779787820762
2016-04-10,TX_1,HOBBIES_1_007,7.88,0.0,0.40198827769106854
2016-04-11,TX_1,HOBBIES_1_007,7.88,0.0,0.35362239083315095
2016-04-12,TX_1,HOBBIES_1_007,7.88,0.0,0.35362239083315095
2016-04-13,TX_1,HOBBIES_1_007,7.88,0.0,0.3308756510150359
2016-04-14,TX_1,HOBBIES_1_007,7.88,0.0,0.3630709427105092
2016-04-15,TX_1,HOBBIES_1_007,7.88,1.0,0.4179506800590665
2016-04-16,TX_1,HOBBIES_1_007,7.88,0.0,0.38707858125621314
2016-04-17,TX_1,HOBBIES_1_007,7.88,1.0,0.3206922007655038
2016-04-18,TX_1,HOBBIES_1_007,7.88,0.0,0.2999313592816003
2016-04-19,TX_1,HOBBIES_1_007,7.88,0.0,0.3576857011423855
2016-04-20,TX_1,HOBBIES_1_007,7.88,1.0,0.2624019072291508
2016-04-21,TX_1,HOBBIES_1_007,7.88,0.0,0.3169454153244412
2016-04-22,TX_1,HOBBIES_1_007,7.88,0.0,0.41936452543865527
2016-04-23,TX_1,HOBBIES_1_007,7.88,0.0,0.402542838524472
2016-03-26,TX_1,HOBBIES_1_008,0.48,4.0,2.6998004998689007
2016-03-27,TX_1,HOBBIES_1_008,0.48,1.0,1.9690939713372864
2016-03-28,TX_1,HOBBIES_1_008,0.48,2.0,1.9995220247528789
2016-03-29,TX_1,HOBBIES_1_008,0.48,0.0,2.1984646882276615
2016-03-30,TX_1,HOBBIES_1_008,0.48,2.0,2.3615976641568386
2016-03-31,TX_1,HOBBIES_1_008,0.48,0.0,2.5547306660368054
2016-04-01,TX_1,HOBBIES_1_008,0.48,22.0,2.950504014868944
2016-04-02,TX_1,HOBBIES_1_008,0.48,0.0,2.7420409126298435
2016-04-03,TX_1,HOBBIES_1_008,0.48,0.0,2.1546426812055524
2016-04-04,TX_1,HOBBIES_1_008,0.48,3.0,2.0880397194347307
2016-04-05,TX_1,HOBBIES_1_008,0.48,3.0,2.129776637823712
2016-04-06,TX_1,HOBBIES_1_008,0.48,0.0,2.402317981406982
2016-04-07,TX_1,HOBBIES_1_008,0.48,2.0,2.8426393566091783
2016-04-08,TX_1,HOBBIES_1_008,0.48,0.0,2.7514097821249424
2016-04-09,TX_1,HOBBIES_1_008,0.48,0.0,2.9989156220048017
2016-04-10,TX_1,HOBBIES_1_008,0.48,9.0,2.5935213977012452
2016-04-11,TX_1,HOBBIES_1_008,0.48,0.0,2.5286327000187607
2016-04-12,TX_1,HOBBIES_1_008,0.48,2.0,2.684740073183614
2016-04-13,TX_1,HOBBIES_1_008,0.48,1.0,2.52841419624324
2016-04-14,TX_1,HOBBIES_1_008,0.48,1.0,3.179015298332385
2016-04-15,TX_1,HOBBIES_1_008,0.48,0.0,3.3323959271448595
2016-04-16,TX_1,HOBBIES_1_008,0.48,0.0,3.0445751128121548
2016-04-17,TX_1,HOBBIES_1_008,0.48,1.0,2.2816470200000576
2016-04-18,TX_1,HOBBIES_1_008,0.48,1.0,2.0941366987586942
2016-04-19,TX_1,HOBBIES_1_008,0.48,4.0,2.009524776175908
2016-04-20,TX_1,HOBBIES_1_008,0.48,0.0,2.094209139191758
2016-04-21,TX_1,HOBBIES_1_008,0.48,3.0,2.8681546542412133
2016-04-22,TX_1,HOBBIES_1_008,0.48,1.0,2.917533394588146
2016-04-23,TX_1,HOBBIES_1_008,0.48,1.0,2.9750808518439764
2016-03-26,TX_1,HOBBIES_1_009,1.63,0.0,0.8303603299015098
2016-03-27,TX_1,HOBBIES_1_009,1.63,0.0,0.6111854586969241
2016-03-28,TX_1,HOBBIES_1_009,1.63,0.0,0.6211606530875077
2016-03-29,TX_1,HOBBIES_1_009,1.63,0.0,0.49514165844256053
2016-03-30,TX_1,HOBBIES_1_009,1.63,2.0,0.49514165844256053
2016-03-31,TX_1,HOBBIES_1_009,1.63,0.0,0.4990879322992215
2016-04-01,TX_1,HOBBIES_1_009,1.63,0.0,0.7179915467217276
2016-04-02,TX_1,HOBBIES_1_009,1.63,0.0,0.6867545738902944
2016-04-03,TX_1,HOBBIES_1_009,1.63,0.0,0.508322083869226
2016-04-04,TX_1,HOBBIES_1_009,1.63,6.0,0.49514165844256053
2016-04-05,TX_1,HOBBIES_1_009,1.63,0.0,0.49514165844256053
2016-04-06,TX_1,HOBBIES_1_009,1.63,0.0,0.5045653074325923
2016-04-07,TX_1,HOBBIES_1_009,1.63,0.0,0.6522969330750066
2016-04-08,TX_1,HOBBIES_1_009,1.63,0.0,0.8151854386947834
2016-04-09,TX_1,HOBBIES_1_009,1.63,0.0,0.4592044221617069
2016-04-10,TX_1,HOBBIES_1_009,1.63,0.0,0.32071290021063303
2016-04-11,TX_1,HOBBIES_1_009,1.63,0.0,0.3058275498877657
2016-04-12,TX_1,HOBBIES_1_009,1.63,0.0,0.3058275498877657
2016-04-13,TX_1,HOBBIES_1_009,1.63,0.0,0.2725631223416713
2016-04-14,TX_1,HOBBIES_1_009,1.63,0.0,0.34163182142238835
2016-04-15,TX_1,HOBBIES_1_009,1.63,0.0,0.39586928874268895
2016-04-16,TX_1,HOBBIES_1_009,1.63,0.0,0.3839239297724261
2016-04-17,TX_1,HOBBIES_1_009,1.63,0.0,0.28329322940481116
2016-04-18,TX_1,HOBBIES_1_009,1.63,1.0,0.2725631223416713
2016-04-19,TX_1,HOBBIES_1_009,1.63,0.0,0.2725631223416713
2016-04-20,TX_1,HOBBIES_1_009,1.63,0.0,0.40515564667576964
2016-04-21,TX_1,HOBBIES_1_009,1.63,1.0,0.4424447570807047
2016-04-22,TX_1,HOBBIES_1_009,1.63,1.0,0.5206866016818775
2016-04-23,TX_1,HOBBIES_1_009,1.63,1.0,0.5371234405749133
2016-03-26,TX_1,HOBBIES_1_010,2.97,4.0,0.7006091072617607
2016-03-27,TX_1,HOBBIES_1_010,2.97,0.0,0.4782749036671255
2016-03-28,TX_1,HOBBIES_1_010,2.97,0.0,0.5526421763740752
2016-03-29,TX_1,HOBBIES_1_010,2.97,0.0,0.5696553787750951
2016-03-30,TX_1,HOBBIES_1_010,2.97,0.0,0.5433195497565033
2016-03-31,TX_1,HOBBIES_1_010,2.97,1.0,0.5948764702914249
2016-04-01,TX_1,HOBBIES_1_010,2.97,0.0,0.708257192129217
2016-04-02,TX_1,HOBBIES_1_010,2.97,1.0,0.7090174712149966
2016-04-03,TX_1,HOBBIES_1_010,2.97,0.0,0.5181214452407515
2016-04-04,TX_1,HOBBIES_1_010,2.97,0.0,0.4769362044342299
2016-04-05,TX_1,HOBBIES_1_010,2.97,0.0,0.47281172155087536
2016-04-06,TX_1,HOBBIES_1_010,2.97,0.0,0.47281172155087536
2016-04-07,TX_1,HOBBIES_1_010,2.97,0.0,0.54111992799123
2016-04-08,TX_1,HOBBIES_1_010,2.97,0.0,0.6418928159747354
2016-04-09,TX_1,HOBBIES_1_010,2.97,0.0,0.5880094658506185
2016-04-10,TX_1,HOBBIES_1_010,2.97,0.0,0.42034035740448655
2016-04-11,TX_1,HOBBIES_1_010,2.97,0.0,0.3530464297269059
2016-04-12,TX_1,HOBBIES_1_010,2.97,0.0,0.3148485494294748
2016-04-13,TX_1,HOBBIES_1_010,2.97,1.0,0.3148485494294748
2016-04-14,TX_1,HOBBIES_1_010,2.97,1.0,0.3913609086428665
2016-04-15,TX_1,HOBBIES_1_010,2.97,0.0,0.5325171419111192
2016-04-16,TX_1,HOBBIES_1_010,2.97,1.0,0.5723596990741164
2016-04-17,TX_1,HOBBIES_1_010,2.97,1.0,0.41107314259085775
2016-04-18,TX_1,HOBBIES_1_010,2.97,0.0,0.3835608994541315
2016-04-19,TX_1,HOBBIES_1_010,2.97,0.0,0.409348823458634
2016-04-20,TX_1,HOBBIES_1_010,2.97,0.0,0.38367993128186517
2016-04-21,TX_1,HOBBIES_1_010,2.97,1.0,0.45274863036258234
2016-04-22,TX_1,HOBBIES_1_010,2.97,0.0,0.5358080935564704
2016-04-23,TX_1,HOBBIES_1_010,2.97,1.0,0.5412512330290875
2016-03-26,TX_1,HOBBIES_1_011,3.48,0.0,0.32812800272450665
2016-03-27,TX_1,HOBBIES_1_011,3.48,0.0,0.2448726184002474
2016-03-28,TX_1,HOBBIES_1_011,3.48,0.0,0.2314431776305606
2016-03-29,TX_1,HOBBIES_1_011,3.48,0.0,0.2314431776305606
2016-03-30,TX_1,HOBBIES_1_011,3.48,0.0,0.2314431776305606
2016-03-31,TX_1,HOBBIES_1_011,3.48,0.0,0.19198963870030542
2016-04-01,TX_1,HOBBIES_1_011,3.48,0.0,0.23936435740533124
2016-04-02,TX_1,HOBBIES_1_011,3.48,0.0,0.2361473643949055
2016-04-03,TX_1,HOBBIES_1_011,3.48,0.0,0.13608483965170395
2016-04-04,TX_1,HOBBIES_1_011,3.48,0.0,0.12338423853496648
2016-04-05,TX_1,HOBBIES_1_011,3.48,0.0,0.12338423853496648
2016-04-06,TX_1,HOBBIES_1_011,3.48,0.0,0.12338423853496648
2016-04-07,TX_1,HOBBIES_1_011,3.48,0.0,0.13999059538827596
2016-04-08,TX_1,HOBBIES_1_011,3.48,0.0,0.1780995302664759
2016-04-09,TX_1,HOBBIES_1_011,3.48,0.0,0.17488253725605002
2016-04-10,TX_1,HOBBIES_1_011,3.48,0.0,0.11652704122284034
2016-04-11,TX_1,HOBBIES_1_011,3.48,0.0,0.1038264401061028
2016-04-12,TX_1,HOBBIES_1_011,3.48,0.0,0.1038264401061028
2016-04-13,TX_1,HOBBIES_1_011,3.48,0.0,0.1038264401061028
2016-04-14,TX_1,HOBBIES_1_011,3.48,0.0,0.13999059538827596
2016-04-15,TX_1,HOBBIES_1_011,3.48,0.0,0.1780995302664759
2016-04-16,TX_1,HOBBIES_1_011,3.48,0.0,0.17488253725605002
2016-04-17,TX_1,HOBBIES_1_011,3.48,0.0,0.11652704122284034
2016-04-18,TX_1,HOBBIES_1_011,3.48,1.0,0.1038264401061028
2016-04-19,TX_1,HOBBIES_1_011,3.48,0.0,0.1038264401061028
2016-04-20,TX_1,HOBBIES_1_011,3.48,0.0,0.16109112425206726
2016-04-21,TX_1,HOBBIES_1_011,3.48,1.0,0.15310043956146088
2016-04-22,TX_1,HOBBIES_1_011,3.48,0.0,0.1939487289233616
2016-04-23,TX_1,HOBBIES_1_011,3.48,1.0,0.261138551603235
2016-03-26,TX_1,HOBBIES_1_012,6.52,1.0,0.32263269028453456
2016-03-27,TX_1,HOBBIES_1_012,6.52,0.0,0.26277329415895495
2016-03-28,TX_1,HOBBIES_1_012,6.52,0.0,0.27084410745136
2016-03-29,TX_1,HOBBIES_1_012,6.52,0.0,0.2613349519063368
2016-03-30,TX_1,HOBBIES_1_012,6.52,0.0,0.2613349519063368
2016-03-31,TX_1,HOBBIES_1_012,6.52,0.0,0.2948271333538232
2016-04-01,TX_1,HOBBIES_1_012,6.52,0.0,0.3438598938495293
2016-04-02,TX_1,HOBBIES_1_012,6.52,1.0,0.3406429008391034
2016-04-03,TX_1,HOBBIES_1_012,6.52,0.0,0.22410403056054515
2016-04-04,TX_1,HOBBIES_1_012,6.52,0.0,0.2129095611887211
2016-04-05,TX_1,HOBBIES_1_012,6.52,1.0,0.2076439203547862
2016-04-06,TX_1,HOBBIES_1_012,6.52,0.0,0.2076439203547862
2016-04-07,TX_1,HOBBIES_1_012,6.52,0.0,0.32417243518930633
2016-04-08,TX_1,HOBBIES_1_012,6.52,0.0,0.36793955485107754
2016-04-09,TX_1,HOBBIES_1_012,6.52,1.0,0.36472256184065166
2016-04-10,TX_1,HOBBIES_1_012,6.52,0.0,0.2791279832955292
2016-04-11,TX_1,HOBBIES_1_012,6.52,0.0,0.29124342013718674
2016-04-12,TX_1,HOBBIES_1_012,6.52,0.0,0.28597777930325174
2016-04-13,TX_1,HOBBIES_1_012,6.52,0.0,0.26266787308977024
2016-04-14,TX_1,HOBBIES_1_012,6.52,0.0,0.28796250262193596
2016-04-15,TX_1,HOBBIES_1_012,6.52,0.0,0.33699526311764205
2016-04-16,TX_1,HOBBIES_1_012,6.52,0.0,0.33377827010721617
2016-04-17,TX_1,HOBBIES_1_012,6.52,0.0,0.2481836915620937
2016-04-18,TX_1,HOBBIES_1_012,6.52,1.0,0.17520267547162038
2016-04-19,TX_1,HOBBIES_1_012,6.52,0.0,0.15191571649268087
2016-04-20,TX_1,HOBBIES_1_012,6.52,0.0,0.2129095611887211
2016-04-21,TX_1,HOBBIES_1_012,6.52,0.0,0.23494018751647203
2016-04-22,TX_1,HOBBIES_1_012,6.52,0.0,0.2787616049620725
2016-04-23,TX_1,HOBBIES_1_012,6.52,0.0,0.2755446119516466
2016-03-26,TX_1,HOBBIES_1_013,1.97,0.0,0.5178396419477481
2016-03-27,TX_1,HOBBIES_1_013,1.97,0.0,0.3626410693324094
2016-03-28,TX_1,HOBBIES_1_013,1.97,0.0,0.3517813107783493
2016-03-29,TX_1,HOBBIES_1_013,1.97,0.0,0.33427257899837326
2016-03-30,TX_1,HOBBIES_1_013,1.97,0.0,0.33427257899837326
2016-03-31,TX_1,HOBBIES_1_013,1.97,0.0,0.3410541711939215
2016-04-01,TX_1,HOBBIES_1_013,1.97,0.0,0.4054718003542649
2016-04-02,TX_1,HOBBIES_1_013,1.97,0.0,0.3420057817096662
2016-04-03,TX_1,HOBBIES_1_013,1.97,2.0,0.2149514736213468
2016-04-04,TX_1,HOBBIES_1_013,1.97,0.0,0.17746377636968738
2016-04-05,TX_1,HOBBIES_1_013,1.97,0.0,0.30825907776025263
2016-04-06,TX_1,HOBBIES_1_013,1.97,0.0,0.304134594876898
2016-04-07,TX_1,HOBBIES_1_013,1.97,0.0,0.36460721862399664
2016-04-08,TX_1,HOBBIES_1_013,1.97,0.0,0.4397882293592761
2016-04-09,TX_1,HOBBIES_1_013,1.97,2.0,0.37453417472314676
2016-04-10,TX_1,HOBBIES_1_013,1.97,0.0,0.2682951929445207
2016-04-11,TX_1,HOBBIES_1_013,1.97,0.0,0.33509013319404135
2016-04-12,TX_1,HOBBIES_1_013,1.97,0.0,0.304134594876898
2016-04-13,TX_1,HOBBIES_1_013,1.97,0.0,0.304134594876898
2016-04-14,TX_1,HOBBIES_1_013,1.97,2.0,0.36460721862399664
2016-04-15,TX_1,HOBBIES_1_013,1.97,0.0,0.4397882293592761
2016-04-16,TX_1,HOBBIES_1_013,1.97,0.0,0.5335991047624552
2016-04-17,TX_1,HOBBIES_1_013,1.97,1.0,0.36538323206923856
2016-04-18,TX_1,HOBBIES_1_013,1.97,0.0,0.3274445010903798
2016-04-19,TX_1,HOBBIES_1_013,1.97,2.0,0.35590579366170394
2016-04-20,TX_1,HOBBIES_1_013,1.97,0.0,0.3517813107783493
2016-04-21,TX_1,HOBBIES_1_013,1.97,0.0,0.45635656391479645
2016-04-22,TX_1,HOBBIES_1_013,1.97,0.0,0.5395350589364182
2016-04-23,TX_1,HOBBIES_1_013,1.97,0.0,0.4629058170001915
2016-03-26,TX_1,HOBBIES_1_014,1.16,1.0,1.584687240594667
2016-03-27,TX_1,HOBBIES_1_014,1.16,3.0,1.2034172648069061
2016-03-28,TX_1,HOBBIES_1_014,1.16,3.0,1.0393800380152702
2016-03-29,TX_1,HOBBIES_1_014,1.16,1.0,1.1039181187122593
2016-03-30,TX_1,HOBBIES_1_014,1.16,2.0,1.2424126059491956
2016-03-31,TX_1,HOBBIES_1_014,1.16,1.0,1.6830515589348167
2016-04-01,TX_1,HOBBIES_1_014,1.16,5.0,2.0794572909869937
2016-04-02,TX_1,HOBBIES_1_014,1.16,0.0,1.9718597779506994
2016-04-03,TX_1,HOBBIES_1_014,1.16,1.0,1.5574856018226777
2016-04-04,TX_1,HOBBIES_1_014,1.16,1.0,1.4464515244344809
2016-04-05,TX_1,HOBBIES_1_014,1.16,0.0,1.4858265554999293
2016-04-06,TX_1,HOBBIES_1_014,1.16,0.0,1.4496145233425826
2016-04-07,TX_1,HOBBIES_1_014,1.16,4.0,1.6619319742808485
2016-04-08,TX_1,HOBBIES_1_014,1.16,0.0,1.9608528417336244
2016-04-09,TX_1,HOBBIES_1_014,1.16,0.0,1.9830626202470745
2016-04-10,TX_1,HOBBIES_1_014,1.16,0.0,1.4312634384943426
2016-04-11,TX_1,HOBBIES_1_014,1.16,1.0,1.164848720925618
2016-04-12,TX_1,HOBBIES_1_014,1.16,4.0,1.1345728078804593
2016-04-13,TX_1,HOBBIES_1_014,1.16,1.0,1.142480764714825
2016-04-14,TX_1,HOBBIES_1_014,1.16,3.0,1.2944093045938565
2016-04-15,TX_1,HOBBIES_1_014,1.16,4.0,1.6630660575590714
2016-04-16,TX_1,HOBBIES_1_014,1.16,2.0,1.6073735022186417
2016-04-17,TX_1,HOBBIES_1_014,1.16,2.0,1.3761774756040321
2016-04-18,TX_1,HOBBIES_1_014,1.16,0.0,1.2189547363612139
2016-04-19,TX_1,HOBBIES_1_014,1.16,0.0,1.389467247570088
2016-04-20,TX_1,HOBBIES_1_014,1.16,2.0,1.3606249002003146
2016-04-21,TX_1,HOBBIES_1_014,1.16,1.0,1.5662410013322077
2016-04-22,TX_1,HOBBIES_1_014,1.16,2.0,1.915484105334298
2016-04-23,TX_1,HOBBIES_1_014,1.16,4.0,1.8415024200293004
2016-03-26,TX_1,HOBBIES_1_015,0.7,2.0,1.5629188250303234
2016-03-27,TX_1,HOBBIES_1_015,0.7,0.0,1.4707565145977506
2016-03-28,TX_1,HOBBIES_1_015,0.7,0.0,1.4355558748880055
2016-03-29,TX_1,HOBBIES_1_015,0.7,8.0,1.4430427456547068
2016-03-30,TX_1,HOBBIES_1_015,0.7,0.0,1.4430427456547068
2016-03-31,TX_1,HOBBIES_1_015,0.7,5.0,1.7442816459704935
2016-04-01,TX_1,HOBBIES_1_015,0.7,7.0,2.112784466949479
2016-04-02,TX_1,HOBBIES_1_015,0.7,0.0,2.4521292265147006
2016-04-03,TX_1,HOBBIES_1_015,0.7,3.0,2.079645523713494
2016-04-04,TX_1,HOBBIES_1_015,0.7,0.0,1.8463754765567226
2016-04-05,TX_1,HOBBIES_1_015,0.7,2.0,2.0275532967939
2016-04-06,TX_1,HOBBIES_1_015,0.7,0.0,1.922370318541139
2016-04-07,TX_1,HOBBIES_1_015,0.7,5.0,2.3167040858639774
2016-04-08,TX_1,HOBBIES_1_015,0.7,1.0,2.645596334661042
2016-04-09,TX_1,HOBBIES_1_015,0.7,1.0,2.95104432048093
2016-04-10,TX_1,HOBBIES_1_015,0.7,5.0,2.1380045164787083
2016-04-11,TX_1,HOBBIES_1_015,0.7,6.0,1.9185153991197588
2016-04-12,TX_1,HOBBIES_1_015,0.7,0.0,2.0660938285833628
2016-04-13,TX_1,HOBBIES_1_015,0.7,0.0,2.563486348347396
2016-04-14,TX_1,HOBBIES_1_015,0.7,2.0,2.542343259260385
2016-04-15,TX_1,HOBBIES_1_015,0.7,0.0,2.807249424218332
2016-04-16,TX_1,HOBBIES_1_015,0.7,15.0,2.847266202091514
2016-04-17,TX_1,HOBBIES_1_015,0.7,0.0,2.1032901563835056
2016-04-18,TX_1,HOBBIES_1_015,0.7,0.0,1.9266351427199202
2016-04-19,TX_1,HOBBIES_1_015,0.7,0.0,2.084793491260822
2016-04-20,TX_1,HOBBIES_1_015,0.7,0.0,1.9991580730503904
2016-04-21,TX_1,HOBBIES_1_015,0.7,10.0,2.3988130469697606
2016-04-22,TX_1,HOBBIES_1_015,0.7,0.0,2.8312645865468458
2016-04-23,TX_1,HOBBIES_1_015,0.7,5.0,2.7651348715362007
2016-03-26,TX_1,HOBBIES_1_016,0.7,17.0,6.002865610260287
2016-03-27,TX_1,HOBBIES_1_016,0.7,1.0,4.6637773488356995
2016-03-28,TX_1,HOBBIES_1_016,0.7,0.0,3.4266895461274895
2016-03-29,TX_1,HOBBIES_1_016,0.7,0.0,3.9053136026600828
2016-03-30,TX_1,HOBBIES_1_016,0.7,1.0,3.849194724645835
2016-03-31,TX_1,HOBBIES_1_016,0.7,8.0,4.933811102866084
2016-04-01,TX_1,HOBBIES_1_016,0.7,6.0,4.763017203428247
2016-04-02,TX_1,HOBBIES_1_016,0.7,8.0,5.127685521041324
2016-04-03,TX_1,HOBBIES_1_016,0.7,0.0,3.8876680961467205
2016-04-04,TX_1,HOBBIES_1_016,0.7,2.0,3.793205187694243
2016-04-05,TX_1,HOBBIES_1_016,0.7,7.0,4.903790808782184
2016-04-06,TX_1,HOBBIES_1_016,0.7,3.0,3.7753700109046293
2016-04-07,TX_1,HOBBIES_1_016,0.7,8.0,4.172970639597831
2016-04-08,TX_1,HOBBIES_1_016,0.7,5.0,5.214596617777658
2016-04-09,TX_1,HOBBIES_1_016,0.7,3.0,4.732954326887525
2016-04-10,TX_1,HOBBIES_1_016,0.7,2.0,3.866076774734205
2016-04-11,TX_1,HOBBIES_1_016,0.7,0.0,3.5718483703662787
2016-04-12,TX_1,HOBBIES_1_016,0.7,1.0,3.6186641300517244
2016-04-13,TX_1,HOBBIES_1_016,0.7,1.0,3.412877310706643
2016-04-14,TX_1,HOBBIES_1_016,0.7,19.0,3.6864214356901774
2016-04-15,TX_1,HOBBIES_1_016,0.7,0.0,4.625750754619904
2016-04-16,TX_1,HOBBIES_1_016,0.7,2.0,3.739524958230436
2016-04-17,TX_1,HOBBIES_1_016,0.7,2.0,3.028075299847114
2016-04-18,TX_1,HOBBIES_1_016,0.7,3.0,2.9779831298421566
2016-04-19,TX_1,HOBBIES_1_016,0.7,9.0,3.3274498442833815
2016-04-20,TX_1,HOBBIES_1_016,0.7,3.0,3.2460429915049676
2016-04-21,TX_1,HOBBIES_1_016,0.7,7.0,3.750788265211377
2016-04-22,TX_1,HOBBIES_1_016,0.7,3.0,4.971121134127672
2016-04-23,TX_1,HOBBIES_1_016,0.7,6.0,4.724637133081577
2016-03-26,TX_1,HOBBIES_1_017,1.98,0.0,0.5791400455030554
2016-03-27,TX_1,HOBBIES_1_017,1.98,0.0,0.4583010692523222
2016-03-28,TX_1,HOBBIES_1_017,1.98,0.0,0.39505902492844513
2016-03-29,TX_1,HOBBIES_1_017,1.98,0.0,0.39505902492844513
2016-03-30,TX_1,HOBBIES_1_017,1.98,0.0,0.38367993128186517
2016-03-31,TX_1,HOBBIES_1_017,1.98,0.0,0.44850511565149404
2016-04-01,TX_1,HOBBIES_1_017,1.98,0.0,0.5358080935564704
2016-04-02,TX_1,HOBBIES_1_017,1.98,1.0,0.4643332839494241
2016-04-03,TX_1,HOBBIES_1_017,1.98,0.0,0.30725696141777054
2016-04-04,TX_1,HOBBIES_1_017,1.98,0.0,0.3514142771959955
2016-04-05,TX_1,HOBBIES_1_017,1.98,0.0,0.34728979431264084
2016-04-06,TX_1,HOBBIES_1_017,1.98,0.0,0.34728979431264084
2016-04-07,TX_1,HOBBIES_1_017,1.98,2.0,0.4238021535260326
2016-04-08,TX_1,HOBBIES_1_017,1.98,0.0,0.5200536059579421
2016-04-09,TX_1,HOBBIES_1_017,1.98,0.0,0.6649274149302818
2016-04-10,TX_1,HOBBIES_1_017,1.98,4.0,0.4740313889560373
2016-04-11,TX_1,HOBBIES_1_017,1.98,0.0,0.45080017140280737
2016-04-12,TX_1,HOBBIES_1_017,1.98,1.0,0.559334838672744
2016-04-13,TX_1,HOBBIES_1_017,1.98,0.0,0.5186040788703967
2016-04-14,TX_1,HOBBIES_1_017,1.98,1.0,0.6675448664195924
2016-04-15,TX_1,HOBBIES_1_017,1.98,3.0,0.7600498194685967
2016-04-16,TX_1,HOBBIES_1_017,1.98,0.0,0.7863811718668993
2016-04-17,TX_1,HOBBIES_1_017,1.98,6.0,0.7031922972423097
2016-04-18,TX_1,HOBBIES_1_017,1.98,0.0,0.6368734484443056
2016-04-19,TX_1,HOBBIES_1_017,1.98,3.0,0.7298911814443554
2016-04-20,TX_1,HOBBIES_1_017,1.98,2.0,0.7639066368355777
2016-04-21,TX_1,HOBBIES_1_017,1.98,0.0,0.9567792803904454
2016-04-22,TX_1,HOBBIES_1_017,1.98,0.0,1.2987811631147135
2016-04-23,TX_1,HOBBIES_1_017,1.98,2.0,1.1486234401915063
2016-03-26,TX_1,HOBBIES_1_018,11.88,1.0,0.3617096987274154
2016-03-27,TX_1,HOBBIES_1_018,11.88,1.0,0.28491523117300327
2016-03-28,TX_1,HOBBIES_1_018,11.88,0.0,0.30794908330109494
2016-03-29,TX_1,HOBBIES_1_018,11.88,1.0,0.30271107526295593
2016-03-30,TX_1,HOBBIES_1_018,11.88,0.0,0.279936702649045
2016-03-31,TX_1,HOBBIES_1_018,11.88,0.0,0.3768492757199926
2016-04-01,TX_1,HOBBIES_1_018,11.88,0.0,0.4264633722346148
2016-04-02,TX_1,HOBBIES_1_018,11.88,2.0,0.4232463792241889
2016-04-03,TX_1,HOBBIES_1_018,11.88,0.0,0.3323140300834448
2016-04-04,TX_1,HOBBIES_1_018,11.88,2.0,0.378900844878001
2016-04-05,TX_1,HOBBIES_1_018,11.88,0.0,0.34784728003956356
2016-04-06,TX_1,HOBBIES_1_018,11.88,1.0,0.44423728163671905
2016-04-07,TX_1,HOBBIES_1_018,11.88,0.0,0.448229787630369
2016-04-08,TX_1,HOBBIES_1_018,11.88,1.0,0.5860030489285641
2016-04-09,TX_1,HOBBIES_1_018,11.88,0.0,0.5309834817169498
2016-04-10,TX_1,HOBBIES_1_018,11.88,1.0,0.47042286179604914
2016-04-11,TX_1,HOBBIES_1_018,11.88,0.0,0.4118330843414971
2016-04-12,TX_1,HOBBIES_1_018,11.88,0.0,0.44692736197119065
2016-04-13,TX_1,HOBBIES_1_018,11.88,0.0,0.4260391127795874
2016-04-14,TX_1,HOBBIES_1_018,11.88,0.0,0.48487423355118364
2016-04-15,TX_1,HOBBIES_1_018,11.88,0.0,0.5550479201101216
2016-04-16,TX_1,HOBBIES_1_018,11.88,1.0,0.5150525510238906
2016-04-17,TX_1,HOBBIES_1_018,11.88,0.0,0.33388314969833627
2016-04-18,TX_1,HOBBIES_1_018,11.88,0.0,0.3901084706462289
2016-04-19,TX_1,HOBBIES_1_018,11.88,0.0,0.2941562484880129
2016-04-20,TX_1,HOBBIES_1_018,11.88,0.0,0.2941562484880129
2016-04-21,TX_1,HOBBIES_1_018,11.88,1.0,0.34554770912693455
2016-04-22,TX_1,HOBBIES_1_018,11.88,1.0,0.4004274464754917
2016-04-23,TX_1,HOBBIES_1_018,11.88,0.0,0.4904593646302176
2016-03-26,TX_1,HOBBIES_1_019,0.48,0.0,3.9309915038691616
2016-03-27,TX_1,HOBBIES_1_019,0.48,0.0,3.1127187009833936
2016-03-28,TX_1,HOBBIES_1_019,0.48,0.0,2.7522526262339078
2016-03-29,TX_1,HOBBIES_1_019,0.48,0.0,2.5475400283297596
2016-03-30,TX_1,HOBBIES_1_019,0.48,0.0,2.4996347161914576
2016-03-31,TX_1,HOBBIES_1_019,0.48,0.0,2.6518528545151616
2016-04-01,TX_1,HOBBIES_1_019,0.48,27.0,2.80512179062157
2016-04-02,TX_1,HOBBIES_1_019,0.48,0.0,1.7945741858183344
2016-04-03,TX_1,HOBBIES_1_019,0.48,0.0,1.99840671448861
2016-04-04,TX_1,HOBBIES_1_019,0.48,0.0,1.8121386922062257
2016-04-05,TX_1,HOBBIES_1_019,0.48,8.0,1.8187974839745198
2016-04-06,TX_1,HOBBIES_1_019,0.48,0.0,1.827099824562124
2016-04-07,TX_1,HOBBIES_1_019,0.48,0.0,2.791963852246381
2016-04-08,TX_1,HOBBIES_1_019,0.48,4.0,3.0932446842023413
2016-04-09,TX_1,HOBBIES_1_019,0.48,14.0,2.8978002795530364
2016-04-10,TX_1,HOBBIES_1_019,0.48,3.0,2.8930739223388957
2016-04-11,TX_1,HOBBIES_1_019,0.48,0.0,2.6177822885041935
2016-04-12,TX_1,HOBBIES_1_019,0.48,0.0,2.7797492009705604
2016-04-13,TX_1,HOBBIES_1_019,0.48,0.0,2.3443496799341283
2016-04-14,TX_1,HOBBIES_1_019,0.48,0.0,2.66576436481748
2016-04-15,TX_1,HOBBIES_1_019,0.48,0.0,3.0110986909582866
2016-04-16,TX_1,HOBBIES_1_019,0.48,32.0,2.9254404825783515
2016-04-17,TX_1,HOBBIES_1_019,0.48,0.0,2.4338446993238807
2016-04-18,TX_1,HOBBIES_1_019,0.48,8.0,1.7716163247010892
2016-04-19,TX_1,HOBBIES_1_019,0.48,6.0,2.519557982754926
2016-04-20,TX_1,HOBBIES_1_019,0.48,0.0,2.1423543228281816
2016-04-21,TX_1,HOBBIES_1_019,0.48,3.0,3.218375608221297
2016-04-22,TX_1,HOBBIES_1_019,0.48,4.0,3.4549399826337943
2016-04-23,TX_1,HOBBIES_1_019,0.48,32.0,3.4999948878588216
2016-03-26,TX_1,HOBBIES_1_020,12.68,0.0,0.10725125374140586
2016-03-27,TX_1,HOBBIES_1_020,12.68,1.0,0.19326310462989296
2016-03-28,TX_1,HOBBIES_1_020,12.68,0.0,0.18311595803804318
2016-03-29,TX_1,HOBBIES_1_020,12.68,0.0,0.2147674752088349
2016-03-30,TX_1,HOBBIES_1_020,12.68,0.0,0.20950183437490003
2016-03-31,TX_1,HOBBIES_1_020,12.68,0.0,0.23479230334240944
2016-04-01,TX_1,HOBBIES_1_020,12.68,1.0,0.2723387304711638
2016-04-02,TX_1,HOBBIES_1_020,12.68,0.0,0.24956393903187413
2016-04-03,TX_1,HOBBIES_1_020,12.68,0.0,0.1969022411486351
2016-04-04,TX_1,HOBBIES_1_020,12.68,0.0,0.1867550945567853
2016-04-05,TX_1,HOBBIES_1_020,12.68,0.0,0.15581080282334983
2016-04-06,TX_1,HOBBIES_1_020,12.68,1.0,0.15581080282334983
2016-04-07,TX_1,HOBBIES_1_020,12.68,0.0,0.18110127179085925
2016-04-08,TX_1,HOBBIES_1_020,12.68,0.0,0.29094803444925205
2016-04-09,TX_1,HOBBIES_1_020,12.68,0.0,0.27412634753506876
2016-04-10,TX_1,HOBBIES_1_020,12.68,0.0,0.18450224683333682
2016-04-11,TX_1,HOBBIES_1_020,12.68,0.0,0.1777374654842279
2016-04-12,TX_1,HOBBIES_1_020,12.68,0.0,0.1777374654842279
2016-04-13,TX_1,HOBBIES_1_020,12.68,0.0,0.1777374654842279
2016-04-14,TX_1,HOBBIES_1_020,12.68,0.0,0.20885262168330496
2016-04-15,TX_1,HOBBIES_1_020,12.68,0.0,0.20469202010206716
2016-04-16,TX_1,HOBBIES_1_020,12.68,0.0,0.20147502709164128
2016-04-17,TX_1,HOBBIES_1_020,12.68,0.0,0.1551540646778208
2016-04-18,TX_1,HOBBIES_1_020,12.68,0.0,0.14529622060106184
2016-04-19,TX_1,HOBBIES_1_020,12.68,0.0,0.14529622060106184
2016-04-20,TX_1,HOBBIES_1_020,12.68,1.0,0.14529622060106184
2016-04-21,TX_1,HOBBIES_1_020,12.68,0.0,0.17641137680013894
2016-04-22,TX_1,HOBBIES_1_020,12.68,0.0,0.266606695934479
2016-04-23,TX_1,HOBBIES_1_020,12.68,0.0,0.2497850090202955
2016-03-26,TX_1,HOBBIES_1_021,11.88,0.0,0.3850196049408972
2016-03-27,TX_1,HOBBIES_1_021,11.88,0.0,0.34015967860620316
2016-03-28,TX_1,HOBBIES_1_021,11.88,0.0,0.2836170509647665
2016-03-29,TX_1,HOBBIES_1_021,11.88,0.0,0.2793735362536781
2016-03-30,TX_1,HOBBIES_1_021,11.88,0.0,0.2566267964355634
2016-03-31,TX_1,HOBBIES_1_021,11.88,2.0,0.26847789000743105
2016-04-01,TX_1,HOBBIES_1_021,11.88,0.0,0.2871559991847428
2016-04-02,TX_1,HOBBIES_1_021,11.88,0.0,0.3986242988446547
2016-04-03,TX_1,HOBBIES_1_021,11.88,0.0,0.3082251373864851
2016-04-04,TX_1,HOBBIES_1_021,11.88,0.0,0.27254545834568467
2016-04-05,TX_1,HOBBIES_1_021,11.88,2.0,0.27254545834568467
2016-04-06,TX_1,HOBBIES_1_021,11.88,0.0,0.27254545834568467
2016-04-07,TX_1,HOBBIES_1_021,11.88,0.0,0.3968522532457879
2016-04-08,TX_1,HOBBIES_1_021,11.88,1.0,0.4082395754771185
2016-04-09,TX_1,HOBBIES_1_021,11.88,0.0,0.37819152703290376
2016-04-10,TX_1,HOBBIES_1_021,11.88,0.0,0.33591616389511486
2016-04-11,TX_1,HOBBIES_1_021,11.88,0.0,0.320192174247136
2016-04-12,TX_1,HOBBIES_1_021,11.88,1.0,0.320192174247136
2016-04-13,TX_1,HOBBIES_1_021,11.88,0.0,0.30268344246715995
2016-04-14,TX_1,HOBBIES_1_021,11.88,1.0,0.35410253590187757
2016-04-15,TX_1,HOBBIES_1_021,11.88,0.0,0.40371663241649985
2016-04-16,TX_1,HOBBIES_1_021,11.88,0.0,0.464506178920374
2016-04-17,TX_1,HOBBIES_1_021,11.88,0.0,0.33722239605775733
2016-04-18,TX_1,HOBBIES_1_021,11.88,1.0,0.32510054022144863
2016-04-19,TX_1,HOBBIES_1_021,11.88,1.0,0.29744543442902105
2016-04-20,TX_1,HOBBIES_1_021,11.88,0.0,0.32545781508107097
2016-04-21,TX_1,HOBBIES_1_021,11.88,0.0,0.3768492757199926
2016-04-22,TX_1,HOBBIES_1_021,11.88,0.0,0.4264633722346148
2016-04-23,TX_1,HOBBIES_1_021,11.88,1.0,0.40049963940607397
2016-03-26,TX_1,HOBBIES_1_022,7.18,0.0,0.30720212132014313
2016-03-27,TX_1,HOBBIES_1_022,7.18,0.0,0.238499042115781
2016-03-28,TX_1,HOBBIES_1_022,7.18,0.0,0.12941063459439067
2016-03-29,TX_1,HOBBIES_1_022,7.18,0.0,0.12941063459439067
2016-03-30,TX_1,HOBBIES_1_022,7.18,0.0,0.12941063459439067
2016-03-31,TX_1,HOBBIES_1_022,7.18,0.0,0.16814463952219807
2016-04-01,TX_1,HOBBIES_1_022,7.18,0.0,0.20270027314097233
2016-04-02,TX_1,HOBBIES_1_022,7.18,1.0,0.17992548170168296
2016-04-03,TX_1,HOBBIES_1_022,7.18,0.0,0.12358124905179729
2016-04-04,TX_1,HOBBIES_1_022,7.18,0.0,0.16711752031149144
2016-04-05,TX_1,HOBBIES_1_022,7.18,2.0,0.16185187947755655
2016-04-06,TX_1,HOBBIES_1_022,7.18,0.0,0.16185187947755655
2016-04-07,TX_1,HOBBIES_1_022,7.18,0.0,0.2938968599019574
2016-04-08,TX_1,HOBBIES_1_022,7.18,0.0,0.3324526365136228
2016-04-09,TX_1,HOBBIES_1_022,7.18,0.0,0.3292356435031969
2016-04-10,TX_1,HOBBIES_1_022,7.18,0.0,0.2549276456361966
2016-04-11,TX_1,HOBBIES_1_022,7.18,0.0,0.23121991501940348
2016-04-12,TX_1,HOBBIES_1_022,7.18,0.0,0.23121991501940348
2016-04-13,TX_1,HOBBIES_1_022,7.18,0.0,0.23121991501940348
2016-04-14,TX_1,HOBBIES_1_022,7.18,0.0,0.20249894263330614
2016-04-15,TX_1,HOBBIES_1_022,7.18,2.0,0.2370545762520804
2016-04-16,TX_1,HOBBIES_1_022,7.18,0.0,0.23383758324165452
2016-04-17,TX_1,HOBBIES_1_022,7.18,0.0,0.2986487790173204
2016-04-18,TX_1,HOBBIES_1_022,7.18,0.0,0.23064149578199128
2016-04-19,TX_1,HOBBIES_1_022,7.18,0.0,0.23064149578199128
2016-04-20,TX_1,HOBBIES_1_022,7.18,0.0,0.23064149578199128
2016-04-21,TX_1,HOBBIES_1_022,7.18,0.0,0.27520018794136664
2016-04-22,TX_1,HOBBIES_1_022,7.18,1.0,0.319021605386967
2016-04-23,TX_1,HOBBIES_1_022,7.18,0.0,0.3158046123765411
2016-03-26,TX_1,HOBBIES_1_023,2.97,2.0,1.4095709204622036
2016-03-27,TX_1,HOBBIES_1_023,2.97,1.0,1.143289395244367
2016-03-28,TX_1,HOBBIES_1_023,2.97,0.0,0.9836883309070986
2016-03-29,TX_1,HOBBIES_1_023,2.97,0.0,0.945089296663598
2016-03-30,TX_1,HOBBIES_1_023,2.97,2.0,0.9088944835198968
2016-03-31,TX_1,HOBBIES_1_023,2.97,3.0,0.9459940565992749
2016-04-01,TX_1,HOBBIES_1_023,2.97,2.0,1.3377804637725266
2016-04-02,TX_1,HOBBIES_1_023,2.97,2.0,1.3845282568302257
2016-04-03,TX_1,HOBBIES_1_023,2.97,3.0,1.0506887166484902
2016-04-04,TX_1,HOBBIES_1_023,2.97,2.0,1.0263737086523508
2016-04-05,TX_1,HOBBIES_1_023,2.97,0.0,1.1801540756034554
2016-04-06,TX_1,HOBBIES_1_023,2.97,0.0,1.189470715260479
2016-04-07,TX_1,HOBBIES_1_023,2.97,2.0,1.300258392923413
2016-04-08,TX_1,HOBBIES_1_023,2.97,0.0,1.519790164568367
2016-04-09,TX_1,HOBBIES_1_023,2.97,3.0,1.6001199502433063
2016-04-10,TX_1,HOBBIES_1_023,2.97,1.0,1.225648433516419
2016-04-11,TX_1,HOBBIES_1_023,2.97,2.0,1.1136152293123722
2016-04-12,TX_1,HOBBIES_1_023,2.97,1.0,1.0688448586134325
2016-04-13,TX_1,HOBBIES_1_023,2.97,3.0,1.147457607496693
2016-04-14,TX_1,HOBBIES_1_023,2.97,1.0,1.3685295050744957
2016-04-15,TX_1,HOBBIES_1_023,2.97,1.0,1.7847653713340361
2016-04-16,TX_1,HOBBIES_1_023,2.97,2.0,1.802993872661144
2016-04-17,TX_1,HOBBIES_1_023,2.97,1.0,1.3608762338080833
2016-04-18,TX_1,HOBBIES_1_023,2.97,0.0,1.2673540800533778
2016-04-19,TX_1,HOBBIES_1_023,2.97,0.0,1.1963032398517286
2016-04-20,TX_1,HOBBIES_1_023,2.97,0.0,1.0771184154222058
2016-04-21,TX_1,HOBBIES_1_023,2.97,3.0,1.2985977168515157
2016-04-22,TX_1,HOBBIES_1_023,2.97,0.0,1.4270921244564592
2016-04-23,TX_1,HOBBIES_1_023,2.97,2.0,1.4790178919511512
2016-03-26,TX_1,HOBBIES_1_024,8.56,2.0,0.14583128230080034
2016-03-27,TX_1,HOBBIES_1_024,8.56,0.0,0.10593431040072405
2016-03-28,TX_1,HOBBIES_1_024,8.56,0.0,0.21371450809442877
2016-03-29,TX_1,HOBBIES_1_024,8.56,0.0,0.18889106883163045
2016-03-30,TX_1,HOBBIES_1_024,8.56,0.0,0.18889106883163045
2016-03-31,TX_1,HOBBIES_1_024,8.56,0.0,0.225929660589127
2016-04-01,TX_1,HOBBIES_1_024,8.56,0.0,0.2634760877178815
2016-04-02,TX_1,HOBBIES_1_024,8.56,0.0,0.2602590947074556
2016-04-03,TX_1,HOBBIES_1_024,8.56,0.0,0.18214544619979697
2016-04-04,TX_1,HOBBIES_1_024,8.56,0.0,0.0902554695949264
2016-04-05,TX_1,HOBBIES_1_024,8.56,0.0,0.0902554695949264
2016-04-06,TX_1,HOBBIES_1_024,8.56,0.0,0.0902554695949264
2016-04-07,TX_1,HOBBIES_1_024,8.56,0.0,0.12729406135242322
2016-04-08,TX_1,HOBBIES_1_024,8.56,0.0,0.14904827531122622
2016-04-09,TX_1,HOBBIES_1_024,8.56,0.0,0.14583128230080034
2016-04-10,TX_1,HOBBIES_1_024,8.56,0.0,0.10593431040072405
2016-04-11,TX_1,HOBBIES_1_024,8.56,0.0,0.0902554695949264
2016-04-12,TX_1,HOBBIES_1_024,8.56,0.0,0.0902554695949264
2016-04-13,TX_1,HOBBIES_1_024,8.56,0.0,0.0902554695949264
2016-04-14,TX_1,HOBBIES_1_024,8.56,0.0,0.12729406135242322
2016-04-15,TX_1,HOBBIES_1_024,8.56,0.0,0.14904827531122622
2016-04-16,TX_1,HOBBIES_1_024,8.56,0.0,0.14583128230080034
2016-04-17,TX_1,HOBBIES_1_024,8.56,0.0,0.10593431040072405
2016-04-18,TX_1,HOBBIES_1_024,8.56,0.0,0.0902554695949264
2016-04-19,TX_1,HOBBIES_1_024,8.56,0.0,0.0902554695949264
2016-04-20,TX_1,HOBBIES_1_024,8.56,0.0,0.0902554695949264
2016-04-21,TX_1,HOBBIES_1_024,8.56,2.0,0.12729406135242322
2016-04-22,TX_1,HOBBIES_1_024,8.56,0.0,0.14904827531122622
2016-04-23,TX_1,HOBBIES_1_024,8.56,0.0,0.29342158704007654
2016-03-26,TX_1,HOBBIES_1_025,3.98,3.0,0.2732793909014931
2016-03-27,TX_1,HOBBIES_1_025,3.98,1.0,0.252420444868462
2016-03-28,TX_1,HOBBIES_1_025,3.98,0.0,0.3774528024132394
2016-03-29,TX_1,HOBBIES_1_025,3.98,0.0,0.392270577946472
2016-03-30,TX_1,HOBBIES_1_025,3.98,0.0,0.3593498313201098
2016-03-31,TX_1,HOBBIES_1_025,3.98,0.0,0.4241848279193295
2016-04-01,TX_1,HOBBIES_1_025,3.98,0.0,0.49965623841909446
2016-04-02,TX_1,HOBBIES_1_025,3.98,1.0,0.458212471125377
2016-04-03,TX_1,HOBBIES_1_025,3.98,0.0,0.3423835444609668
2016-04-04,TX_1,HOBBIES_1_025,3.98,0.0,0.3104866611635544
2016-04-05,TX_1,HOBBIES_1_025,3.98,10.0,0.256767996816208
2016-04-06,TX_1,HOBBIES_1_025,3.98,0.0,0.256767996816208
2016-04-07,TX_1,HOBBIES_1_025,3.98,0.0,0.6489917315045111
2016-04-08,TX_1,HOBBIES_1_025,3.98,0.0,0.928808917310342
2016-04-09,TX_1,HOBBIES_1_025,3.98,1.0,0.8723808505566768
2016-04-10,TX_1,HOBBIES_1_025,3.98,0.0,0.6944655770299379
2016-04-11,TX_1,HOBBIES_1_025,3.98,0.0,0.6724838747695796
2016-04-12,TX_1,HOBBIES_1_025,3.98,2.0,0.6672182339356448
2016-04-13,TX_1,HOBBIES_1_025,3.98,0.0,0.586084236771273
2016-04-14,TX_1,HOBBIES_1_025,3.98,0.0,0.6277636492929948
2016-04-15,TX_1,HOBBIES_1_025,3.98,3.0,0.7615110565733152
2016-04-16,TX_1,HOBBIES_1_025,3.98,0.0,0.7582940635628893
2016-04-17,TX_1,HOBBIES_1_025,3.98,0.0,0.6343139552024794
2016-04-18,TX_1,HOBBIES_1_025,3.98,0.0,0.597740975906775
2016-04-19,TX_1,HOBBIES_1_025,3.98,0.0,0.597740975906775
2016-04-20,TX_1,HOBBIES_1_025,3.98,0.0,0.597740975906775
2016-04-21,TX_1,HOBBIES_1_025,3.98,0.0,0.6735858339656526
2016-04-22,TX_1,HOBBIES_1_025,3.98,0.0,0.8392648493511838
2016-04-23,TX_1,HOBBIES_1_025,3.98,0.0,0.836047856340758
2016-03-26,TX_1,HOBBIES_1_026,17.97,1.0,0.29754370007807446
2016-03-27,TX_1,HOBBIES_1_026,17.97,0.0,0.21397261652789812
2016-03-28,TX_1,HOBBIES_1_026,17.97,0.0,0.2618924372694984
2016-03-29,TX_1,HOBBIES_1_026,17.97,1.0,0.2566267964355634
2016-03-30,TX_1,HOBBIES_1_026,17.97,1.0,0.2566267964355634
2016-03-31,TX_1,HOBBIES_1_026,17.97,1.0,0.3507444686063981
2016-04-01,TX_1,HOBBIES_1_026,17.97,0.0,0.406084806566169
2016-04-02,TX_1,HOBBIES_1_026,17.97,0.0,0.4410945878390348
2016-04-03,TX_1,HOBBIES_1_026,17.97,0.0,0.31929673000556696
2016-04-04,TX_1,HOBBIES_1_026,17.97,1.0,0.30268344246715995
2016-04-05,TX_1,HOBBIES_1_026,17.97,0.0,0.30268344246715995
2016-04-06,TX_1,HOBBIES_1_026,17.97,0.0,0.31219259801218324
2016-04-07,TX_1,HOBBIES_1_026,17.97,0.0,0.3454788277724631
2016-04-08,TX_1,HOBBIES_1_026,17.97,0.0,0.36548985813320817
2016-04-09,TX_1,HOBBIES_1_026,17.97,0.0,0.3080186671758652
2016-04-10,TX_1,HOBBIES_1_026,17.97,0.0,0.23805227752944622
2016-04-11,TX_1,HOBBIES_1_026,17.97,0.0,0.22568250470212772
2016-04-12,TX_1,HOBBIES_1_026,17.97,1.0,0.22568250470212772
2016-04-13,TX_1,HOBBIES_1_026,17.97,0.0,0.16916159881741355
2016-04-14,TX_1,HOBBIES_1_026,17.97,0.0,0.27374353084136605
2016-04-15,TX_1,HOBBIES_1_026,17.97,1.0,0.31123566018629106
2016-04-16,TX_1,HOBBIES_1_026,17.97,2.0,0.28393900617431694
2016-04-17,TX_1,HOBBIES_1_026,17.97,0.0,0.2725987030745521
2016-04-18,TX_1,HOBBIES_1_026,17.97,0.0,0.32970132979215927
2016-04-19,TX_1,HOBBIES_1_026,17.97,0.0,0.3244356889582244
2016-04-20,TX_1,HOBBIES_1_026,17.97,1.0,0.3244356889582244
2016-04-21,TX_1,HOBBIES_1_026,17.97,0.0,0.3715836348860576
2016-04-22,TX_1,HOBBIES_1_026,17.97,0.0,0.4719666866418882
2016-04-23,TX_1,HOBBIES_1_026,17.97,2.0,0.4274898939352773
2016-03-26,TX_1,HOBBIES_1_027,19.98,0.0,0.19587290748032407
2016-03-27,TX_1,HOBBIES_1_027,19.98,0.0,0.14279801717466623
2016-03-28,TX_1,HOBBIES_1_027,19.98,0.0,0.1038117595113202
2016-03-29,TX_1,HOBBIES_1_027,19.98,0.0,0.1038117595113202
2016-03-30,TX_1,HOBBIES_1_027,19.98,0.0,0.08448035880133907
2016-03-31,TX_1,HOBBIES_1_027,19.98,0.0,0.10977082776884863
2016-04-01,TX_1,HOBBIES_1_027,19.98,0.0,0.13152504172765175
2016-04-02,TX_1,HOBBIES_1_027,19.98,1.0,0.12830804871722587
2016-04-03,TX_1,HOBBIES_1_027,19.98,0.0,0.09512234777121205
2016-04-04,TX_1,HOBBIES_1_027,19.98,1.0,0.12218724451844
2016-04-05,TX_1,HOBBIES_1_027,19.98,0.0,0.11692160368450517
2016-04-06,TX_1,HOBBIES_1_027,19.98,0.0,0.1724629369618567
2016-04-07,TX_1,HOBBIES_1_027,19.98,0.0,0.19248776509543125
2016-04-08,TX_1,HOBBIES_1_027,19.98,0.0,0.2300341922241855
2016-04-09,TX_1,HOBBIES_1_027,19.98,0.0,0.22681719921375962
2016-04-10,TX_1,HOBBIES_1_027,19.98,0.0,0.17374230890810174
2016-04-11,TX_1,HOBBIES_1_027,19.98,0.0,0.13625300439448632
2016-04-12,TX_1,HOBBIES_1_027,19.98,0.0,0.13625300439448632
2016-04-13,TX_1,HOBBIES_1_027,19.98,0.0,0.1038117595113202
2016-04-14,TX_1,HOBBIES_1_027,19.98,0.0,0.1291022284788298
2016-04-15,TX_1,HOBBIES_1_027,19.98,0.0,0.15738287178075802
2016-04-16,TX_1,HOBBIES_1_027,19.98,0.0,0.15416587877033214
2016-04-17,TX_1,HOBBIES_1_027,19.98,0.0,0.11344983501915012
2016-04-18,TX_1,HOBBIES_1_027,19.98,0.0,0.08448035880133907
2016-04-19,TX_1,HOBBIES_1_027,19.98,0.0,0.08448035880133907
2016-04-20,TX_1,HOBBIES_1_027,19.98,0.0,0.08448035880133907
2016-04-21,TX_1,HOBBIES_1_027,19.98,0.0,0.10977082776884863
2016-04-22,TX_1,HOBBIES_1_027,19.98,0.0,0.13152504172765175
2016-04-23,TX_1,HOBBIES_1_027,19.98,0.0,0.12830804871722587
2016-03-26,TX_1,HOBBIES_1_028,7.98,0.0,0.5079825982137918
2016-03-27,TX_1,HOBBIES_1_028,7.98,0.0,0.34803435868726945
2016-03-28,TX_1,HOBBIES_1_028,7.98,1.0,0.3308756510150359
2016-03-29,TX_1,HOBBIES_1_028,7.98,1.0,0.3308756510150359
2016-03-30,TX_1,HOBBIES_1_028,7.98,0.0,0.3588880316670858
2016-03-31,TX_1,HOBBIES_1_028,7.98,0.0,0.4552591992331718
2016-04-01,TX_1,HOBBIES_1_028,7.98,2.0,0.47164171161061713
2016-04-02,TX_1,HOBBIES_1_028,7.98,0.0,0.4456779787820762
2016-04-03,TX_1,HOBBIES_1_028,7.98,0.0,0.44442967269958816
2016-04-04,TX_1,HOBBIES_1_028,7.98,0.0,0.4176081951350846
2016-04-05,TX_1,HOBBIES_1_028,7.98,0.0,0.3794103148376534
2016-04-06,TX_1,HOBBIES_1_028,7.98,0.0,0.3751668001265651
2016-04-07,TX_1,HOBBIES_1_028,7.98,1.0,0.43892196578015497
2016-04-08,TX_1,HOBBIES_1_028,7.98,0.0,0.5135135592305813
2016-04-09,TX_1,HOBBIES_1_028,7.98,1.0,0.48202941250394865
2016-04-10,TX_1,HOBBIES_1_028,7.98,1.0,0.31709006695383385
2016-04-11,TX_1,HOBBIES_1_028,7.98,0.0,0.3084861860565433
2016-04-12,TX_1,HOBBIES_1_028,7.98,0.0,0.33123292587465825
2016-04-13,TX_1,HOBBIES_1_028,7.98,0.0,0.32596728504072336
2016-04-14,TX_1,HOBBIES_1_028,7.98,2.0,0.38910686846963227
2016-04-15,TX_1,HOBBIES_1_028,7.98,0.0,0.44398660581818955
2016-04-16,TX_1,HOBBIES_1_028,7.98,0.0,0.48627292721503695
2016-04-17,TX_1,HOBBIES_1_028,7.98,0.0,0.3750246132164728
2016-04-18,TX_1,HOBBIES_1_028,7.98,0.0,0.35362239083315095
2016-04-19,TX_1,HOBBIES_1_028,7.98,0.0,0.3467943129251575
2016-04-20,TX_1,HOBBIES_1_028,7.98,0.0,0.3467943129251575
2016-04-21,TX_1,HOBBIES_1_028,7.98,0.0,0.4099338963540664
2016-04-22,TX_1,HOBBIES_1_028,7.98,0.0,0.4371585279101961
2016-04-23,TX_1,HOBBIES_1_028,7.98,2.0,0.3071447782629296
2016-03-26,TX_1,HOBBIES_1_029,8.98,0.0,0.9540494522750425
2016-03-27,TX_1,HOBBIES_1_029,8.98,0.0,0.8161032107664303
2016-03-28,TX_1,HOBBIES_1_029,8.98,0.0,0.7752852388772924
2016-03-29,TX_1,HOBBIES_1_029,8.98,0.0,0.8267866283945263
2016-03-30,TX_1,HOBBIES_1_029,8.98,1.0,0.5824410233760522
2016-03-31,TX_1,HOBBIES_1_029,8.98,0.0,0.6872745876804258
2016-04-01,TX_1,HOBBIES_1_029,8.98,5.0,0.6693978281491276
2016-04-02,TX_1,HOBBIES_1_029,8.98,1.0,0.6525761412349445
2016-04-03,TX_1,HOBBIES_1_029,8.98,0.0,0.5788422776523766
2016-04-04,TX_1,HOBBIES_1_029,8.98,1.0,0.6267923021234687
2016-04-05,TX_1,HOBBIES_1_029,8.98,0.0,0.6215266612895339
2016-04-06,TX_1,HOBBIES_1_029,8.98,0.0,0.7084269671471497
2016-04-07,TX_1,HOBBIES_1_029,8.98,1.0,0.7929333795594501
2016-04-08,TX_1,HOBBIES_1_029,8.98,1.0,0.8353879246484953
2016-04-09,TX_1,HOBBIES_1_029,8.98,2.0,0.9227274301786702
2016-04-10,TX_1,HOBBIES_1_029,8.98,5.0,0.5942623988002085
2016-04-11,TX_1,HOBBIES_1_029,8.98,0.0,0.5789553792402746
2016-04-12,TX_1,HOBBIES_1_029,8.98,2.0,0.7449159307277327
2016-04-13,TX_1,HOBBIES_1_029,8.98,1.0,0.8097061148611314
2016-04-14,TX_1,HOBBIES_1_029,8.98,0.0,0.9766850630972368
2016-04-15,TX_1,HOBBIES_1_029,8.98,0.0,1.2236320208199039
2016-04-16,TX_1,HOBBIES_1_029,8.98,2.0,1.1850266270470187
2016-04-17,TX_1,HOBBIES_1_029,8.98,0.0,0.8510211451908154
2016-04-18,TX_1,HOBBIES_1_029,8.98,0.0,0.8842923982526502
2016-04-19,TX_1,HOBBIES_1_029,8.98,2.0,0.7461138135814093
2016-04-20,TX_1,HOBBIES_1_029,8.98,0.0,0.6645141798589461
2016-04-21,TX_1,HOBBIES_1_029,8.98,1.0,0.862792583030451
2016-04-22,TX_1,HOBBIES_1_029,8.98,0.0,1.0227000332873801
2016-04-23,TX_1,HOBBIES_1_029,8.98,4.0,1.1090948490918997
2016-03-26,TX_1,HOBBIES_1_030,0.7,4.0,2.861077223224349
2016-03-27,TX_1,HOBBIES_1_030,0.7,1.0,2.3293964689339144
2016-03-28,TX_1,HOBBIES_1_030,0.7,1.0,2.1156151632878424
2016-03-29,TX_1,HOBBIES_1_030,0.7,0.0,2.117265381870457
2016-03-30,TX_1,HOBBIES_1_030,0.7,0.0,2.1255677224580616
2016-03-31,TX_1,HOBBIES_1_030,0.7,1.0,2.496530038182421
2016-04-01,TX_1,HOBBIES_1_030,0.7,0.0,2.810508271628686
2016-04-02,TX_1,HOBBIES_1_030,0.7,0.0,2.430738911463024
2016-04-03,TX_1,HOBBIES_1_030,0.7,1.0,1.8772511534662317
2016-04-04,TX_1,HOBBIES_1_030,0.7,12.0,1.7231451477657311
2016-04-05,TX_1,HOBBIES_1_030,0.7,0.0,1.7599050977875927
2016-04-06,TX_1,HOBBIES_1_030,0.7,5.0,1.8143677839525187
2016-04-07,TX_1,HOBBIES_1_030,0.7,4.0,2.4852476211025594
2016-04-08,TX_1,HOBBIES_1_030,0.7,5.0,2.8202387654029164
2016-04-09,TX_1,HOBBIES_1_030,0.7,1.0,2.8180281800479356
2016-04-10,TX_1,HOBBIES_1_030,0.7,0.0,2.528618128224607
2016-04-11,TX_1,HOBBIES_1_030,0.7,2.0,2.1217829244541297
2016-04-12,TX_1,HOBBIES_1_030,0.7,2.0,2.0023860801030073
2016-04-13,TX_1,HOBBIES_1_030,0.7,3.0,2.223341054671897
2016-04-14,TX_1,HOBBIES_1_030,0.7,2.0,2.77452775187671
2016-04-15,TX_1,HOBBIES_1_030,0.7,1.0,3.0719893646166017
2016-04-16,TX_1,HOBBIES_1_030,0.7,5.0,2.8364864557055416
2016-04-17,TX_1,HOBBIES_1_030,0.7,3.0,2.348936797406145
2016-04-18,TX_1,HOBBIES_1_030,0.7,0.0,2.055711467082925
2016-04-19,TX_1,HOBBIES_1_030,0.7,15.0,2.158826089142206
2016-04-20,TX_1,HOBBIES_1_030,0.7,0.0,2.1086454615752386
2016-04-21,TX_1,HOBBIES_1_030,0.7,0.0,2.1764649299799634
2016-04-22,TX_1,HOBBIES_1_030,0.7,0.0,2.7932690345093336
2016-04-23,TX_1,HOBBIES_1_030,0.7,0.0,2.8372310458493146
2016-03-26,TX_2,HOBBIES_1_001,8.26,0.0,0.3933098711580359
2016-03-27,TX_2,HOBBIES_1_001,8.26,0.0,0.32447785908031296
2016-03-28,TX_2,HOBBIES_1_001,8.26,0.0,0.30346910060539967
2016-03-29,TX_2,HOBBIES_1_001,8.26,0.0,0.30346910060539967
2016-03-30,TX_2,HOBBIES_1_001,8.26,1.0,0.30346910060539967
2016-03-31,TX_2,HOBBIES_1_001,8.26,0.0,0.35801260870069007
2016-04-01,TX_2,HOBBIES_1_001,8.26,2.0,0.39837394353953165
2016-04-02,TX_2,HOBBIES_1_001,8.26,0.0,0.38155225662534836
2016-04-03,TX_2,HOBBIES_1_001,8.26,0.0,0.37613939023604587
2016-04-04,TX_2,HOBBIES_1_001,8.26,1.0,0.3277234429597148
2016-04-05,TX_2,HOBBIES_1_001,8.26,0.0,0.3277234429597148
2016-04-06,TX_2,HOBBIES_1_001,8.26,1.0,0.3372325985047381
2016-04-07,TX_2,HOBBIES_1_001,8.26,0.0,0.395106541099712
2016-04-08,TX_2,HOBBIES_1_001,8.26,0.0,0.49124607814445426
2016-04-09,TX_2,HOBBIES_1_001,8.26,1.0,0.47442439123027097
2016-04-10,TX_2,HOBBIES_1_001,8.26,1.0,0.34979051660626087
2016-04-11,TX_2,HOBBIES_1_001,8.26,0.0,0.3821885988794915
2016-04-12,TX_2,HOBBIES_1_001,8.26,0.0,0.4246299938880109
2016-04-13,TX_2,HOBBIES_1_001,8.26,0.0,0.41512083834298774
2016-04-14,TX_2,HOBBIES_1_001,8.26,0.0,0.41851813218105127
2016-04-15,TX_2,HOBBIES_1_001,8.26,0.0,0.4506511297114935
2016-04-16,TX_2,HOBBIES_1_001,8.26,0.0,0.44743413670106763
2016-04-17,TX_2,HOBBIES_1_001,8.26,0.0,0.34979051660626087
2016-04-18,TX_2,HOBBIES_1_001,8.26,0.0,0.3016875172005917
2016-04-19,TX_2,HOBBIES_1_001,8.26,1.0,0.2692462723174257
2016-04-20,TX_2,HOBBIES_1_001,8.26,0.0,0.2692462723174257
2016-04-21,TX_2,HOBBIES_1_001,8.26,0.0,0.39908081088952474
2016-04-22,TX_2,HOBBIES_1_001,8.26,0.0,0.35382495790233875
2016-04-23,TX_2,HOBBIES_1_001,8.26,0.0,0.35060796489191287
2016-03-26,TX_2,HOBBIES_1_002,3.97,0.0,0.14005482509756567
2016-03-27,TX_2,HOBBIES_1_002,3.97,0.0,0.0865877442417289
2016-03-28,TX_2,HOBBIES_1_002,3.97,0.0,0.07295530764510914
2016-03-29,TX_2,HOBBIES_1_002,3.97,1.0,0.07295530764510914
2016-03-30,TX_2,HOBBIES_1_002,3.97,0.0,0.07295530764510914
2016-03-31,TX_2,HOBBIES_1_002,3.97,0.0,0.1704529932658375
2016-04-01,TX_2,HOBBIES_1_002,3.97,0.0,0.20603564179380332
2016-04-02,TX_2,HOBBIES_1_002,3.97,0.0,0.20281864878337744
2016-04-03,TX_2,HOBBIES_1_002,3.97,0.0,0.1369927213730649
2016-04-04,TX_2,HOBBIES_1_002,3.97,0.0,0.12645334750409518
2016-04-05,TX_2,HOBBIES_1_002,3.97,0.0,0.12645334750409518
2016-04-06,TX_2,HOBBIES_1_002,3.97,0.0,0.12645334750409518
2016-04-07,TX_2,HOBBIES_1_002,3.97,0.0,0.1327461075487366
2016-04-08,TX_2,HOBBIES_1_002,3.97,0.0,0.16432861308381133
2016-04-09,TX_2,HOBBIES_1_002,3.97,0.0,0.16111162007338545
2016-04-10,TX_2,HOBBIES_1_002,3.97,0.0,0.0865877442417289
2016-04-11,TX_2,HOBBIES_1_002,3.97,0.0,0.07295530764510914
2016-04-12,TX_2,HOBBIES_1_002,3.97,0.0,0.07295530764510914
2016-04-13,TX_2,HOBBIES_1_002,3.97,0.0,0.07295530764510914
2016-04-14,TX_2,HOBBIES_1_002,3.97,0.0,0.11168931257291666
2016-04-15,TX_2,HOBBIES_1_002,3.97,1.0,0.14327181810799156
2016-04-16,TX_2,HOBBIES_1_002,3.97,0.0,0.14005482509756567
2016-04-17,TX_2,HOBBIES_1_002,3.97,2.0,0.14059485518473486
2016-04-18,TX_2,HOBBIES_1_002,3.97,0.0,0.12645334750409518
2016-04-19,TX_2,HOBBIES_1_002,3.97,1.0,0.22429921902842478
2016-04-20,TX_2,HOBBIES_1_002,3.97,0.0,0.2190335781944899
2016-04-21,TX_2,HOBBIES_1_002,3.97,0.0,0.2950280885597664
2016-04-22,TX_2,HOBBIES_1_002,3.97,0.0,0.3479005480057935
2016-04-23,TX_2,HOBBIES_1_002,3.97,1.0,0.3446835549953676
2016-03-26,TX_2,HOBBIES_1_003,2.97,0.0,0.16139164869070866
2016-03-27,TX_2,HOBBIES_1_003,2.97,0.0,0.10614874996334826
2016-03-28,TX_2,HOBBIES_1_003,2.97,1.0,0.09676885827572403
2016-03-29,TX_2,HOBBIES_1_003,2.97,0.0,0.09676885827572403
2016-03-30,TX_2,HOBBIES_1_003,2.97,0.0,0.13973714859181247
2016-03-31,TX_2,HOBBIES_1_003,2.97,0.0,0.17217781056819512
2016-04-01,TX_2,HOBBIES_1_003,2.97,0.0,0.22485766733530735
2016-04-02,TX_2,HOBBIES_1_003,2.97,0.0,0.2178372708547475
2016-04-03,TX_2,HOBBIES_1_003,2.97,0.0,0.1354969321188644
2016-04-04,TX_2,HOBBIES_1_003,2.97,0.0,0.12921010315889025
2016-04-05,TX_2,HOBBIES_1_003,2.97,0.0,0.12921010315889025
2016-04-06,TX_2,HOBBIES_1_003,2.97,1.0,0.09676885827572403
2016-04-07,TX_2,HOBBIES_1_003,2.97,0.0,0.13973656568502915
2016-04-08,TX_2,HOBBIES_1_003,2.97,0.0,0.26478056081387225
2016-04-09,TX_2,HOBBIES_1_003,2.97,0.0,0.23889406583056733
2016-04-10,TX_2,HOBBIES_1_003,2.97,0.0,0.15655372709468424
2016-04-11,TX_2,HOBBIES_1_003,2.97,0.0,0.15026689813471006
2016-04-12,TX_2,HOBBIES_1_003,2.97,0.0,0.15026689813471006
2016-04-13,TX_2,HOBBIES_1_003,2.97,0.0,0.15026689813471006
2016-04-14,TX_2,HOBBIES_1_003,2.97,0.0,0.19323460554401495
2016-04-15,TX_2,HOBBIES_1_003,2.97,0.0,0.18946884014708829
2016-04-16,TX_2,HOBBIES_1_003,2.97,1.0,0.18244844366652843
2016-04-17,TX_2,HOBBIES_1_003,2.97,0.0,0.1272055449391682
2016-04-18,TX_2,HOBBIES_1_003,2.97,0.0,0.1801253442776133
2016-04-19,TX_2,HOBBIES_1_003,2.97,0.0,0.16959829884469108
2016-04-20,TX_2,HOBBIES_1_003,2.97,0.0,0.16959829884469108
2016-04-21,TX_2,HOBBIES_1_003,2.97,0.0,0.212566006253996
2016-04-22,TX_2,HOBBIES_1_003,2.97,0.0,0.2717722923642336
2016-04-23,TX_2,HOBBIES_1_003,2.97,0.0,0.26475189588367387
2016-03-26,TX_2,HOBBIES_1_004,4.64,2.0,1.552007004361098
2016-03-27,TX_2,HOBBIES_1_004,4.64,0.0,1.2063680260768803
2016-03-28,TX_2,HOBBIES_1_004,4.64,0.0,1.032781957754108
2016-03-29,TX_2,HOBBIES_1_004,4.64,0.0,0.9938377799156596
2016-03-30,TX_2,HOBBIES_1_004,4.64,2.0,0.9938377799156596
2016-03-31,TX_2,HOBBIES_1_004,4.64,3.0,1.1469873879415333
2016-04-01,TX_2,HOBBIES_1_004,4.64,1.0,1.3996419407787333
2016-04-02,TX_2,HOBBIES_1_004,4.64,0.0,1.661683259413325
2016-04-03,TX_2,HOBBIES_1_004,4.64,0.0,1.344798755603083
2016-04-04,TX_2,HOBBIES_1_004,4.64,0.0,1.0146339265539923
2016-04-05,TX_2,HOBBIES_1_004,4.64,4.0,1.0146339265539923
2016-04-06,TX_2,HOBBIES_1_004,4.64,2.0,1.0146339265539923
2016-04-07,TX_2,HOBBIES_1_004,4.64,0.0,1.396403274791307
2016-04-08,TX_2,HOBBIES_1_004,4.64,4.0,1.7688313448585862
2016-04-09,TX_2,HOBBIES_1_004,4.64,2.0,1.7093549939466983
2016-04-10,TX_2,HOBBIES_1_004,4.64,0.0,1.410535315672437
2016-04-11,TX_2,HOBBIES_1_004,4.64,0.0,1.3904868064034326
2016-04-12,TX_2,HOBBIES_1_004,4.64,0.0,1.2916112757721792
2016-04-13,TX_2,HOBBIES_1_004,4.64,0.0,1.3713949464595891
2016-04-14,TX_2,HOBBIES_1_004,4.64,1.0,1.3767717830386463
2016-04-15,TX_2,HOBBIES_1_004,4.64,0.0,1.636280491244413
2016-04-16,TX_2,HOBBIES_1_004,4.64,2.0,1.8027433585378658
2016-04-17,TX_2,HOBBIES_1_004,4.64,2.0,1.1400197268288268
2016-04-18,TX_2,HOBBIES_1_004,4.64,2.0,0.8679598732864429
2016-04-19,TX_2,HOBBIES_1_004,4.64,1.0,0.8993419444588181
2016-04-20,TX_2,HOBBIES_1_004,4.64,3.0,0.9841309864582023
2016-04-21,TX_2,HOBBIES_1_004,4.64,0.0,1.2089446529570118
2016-04-22,TX_2,HOBBIES_1_004,4.64,3.0,1.5769495022260327
2016-04-23,TX_2,HOBBIES_1_004,4.64,3.0,1.4150550988872852
2016-03-26,TX_2,HOBBIES_1_005,2.73,1.0,0.8033508851737281
2016-03-27,TX_2,HOBBIES_1_005,2.73,0.0,0.6060522966499153
2016-03-28,TX_2,HOBBIES_1_005,2.73,1.0,0.6635591900433181
2016-03-29,TX_2,HOBBIES_1_005,2.73,0.0,0.6025994508220893
2016-03-30,TX_2,HOBBIES_1_005,2.73,0.0,0.5263050689615747
2016-03-31,TX_2,HOBBIES_1_005,2.73,1.0,0.601717010214367
2016-04-01,TX_2,HOBBIES_1_005,2.73,1.0,0.7162972955729037
2016-04-02,TX_2,HOBBIES_1_005,2.73,0.0,0.765922939483114
2016-04-03,TX_2,HOBBIES_1_005,2.73,0.0,0.5917579748244715
2016-04-04,TX_2,HOBBIES_1_005,2.73,0.0,0.5391399195812269
2016-04-05,TX_2,HOBBIES_1_005,2.73,0.0,0.5391399195812269
2016-04-06,TX_2,HOBBIES_1_005,2.73,0.0,0.5163931797631119
2016-04-07,TX_2,HOBBIES_1_005,2.73,0.0,0.6023321664488264
2016-04-08,TX_2,HOBBIES_1_005,2.73,0.0,0.7313304976428142
2016-04-09,TX_2,HOBBIES_1_005,2.73,1.0,0.6555858675407934
2016-04-10,TX_2,HOBBIES_1_005,2.73,2.0,0.4585685769391458
2016-04-11,TX_2,HOBBIES_1_005,2.73,1.0,0.47261403741002495
2016-04-12,TX_2,HOBBIES_1_005,2.73,0.0,0.5263050689615747
2016-04-13,TX_2,HOBBIES_1_005,2.73,0.0,0.47853573727651155
2016-04-14,TX_2,HOBBIES_1_005,2.73,0.0,0.5539476785293032
2016-04-15,TX_2,HOBBIES_1_005,2.73,1.0,0.6792913454627758
2016-04-16,TX_2,HOBBIES_1_005,2.73,0.0,0.672270948982216
2016-04-17,TX_2,HOBBIES_1_005,2.73,0.0,0.5317118712637444
2016-04-18,TX_2,HOBBIES_1_005,2.73,0.0,0.4856394720889484
2016-04-19,TX_2,HOBBIES_1_005,2.73,0.0,0.44101843731438606
2016-04-20,TX_2,HOBBIES_1_005,2.73,0.0,0.2998464371457902
2016-04-21,TX_2,HOBBIES_1_005,2.73,0.0,0.36891513622650735
2016-04-22,TX_2,HOBBIES_1_005,2.73,1.0,0.4454547325565479
2016-04-23,TX_2,HOBBIES_1_005,2.73,0.0,0.40020756179269645
2016-03-26,TX_2,HOBBIES_1_006,0.96,0.0,1.2213176352139121
2016-03-27,TX_2,HOBBIES_1_006,0.96,0.0,0.718686559806491
2016-03-28,TX_2,HOBBIES_1_006,0.96,0.0,0.612226130896887
2016-03-29,TX_2,HOBBIES_1_006,0.96,1.0,0.612226130896887
2016-03-30,TX_2,HOBBIES_1_006,0.96,3.0,0.612226130896887
2016-03-31,TX_2,HOBBIES_1_006,0.96,1.0,0.7657083321572397
2016-04-01,TX_2,HOBBIES_1_006,0.96,2.0,1.0505556406182408
2016-04-02,TX_2,HOBBIES_1_006,0.96,0.0,1.007604871424284
2016-04-03,TX_2,HOBBIES_1_006,0.96,0.0,0.8617751319936262
2016-04-04,TX_2,HOBBIES_1_006,0.96,0.0,0.8184879842077225
2016-04-05,TX_2,HOBBIES_1_006,0.96,0.0,0.8184879842077225
2016-04-06,TX_2,HOBBIES_1_006,0.96,0.0,0.8184879842077225
2016-04-07,TX_2,HOBBIES_1_006,0.96,0.0,0.9910186166461523
2016-04-08,TX_2,HOBBIES_1_006,0.96,0.0,0.8803733793989246
2016-04-09,TX_2,HOBBIES_1_006,0.96,0.0,0.8047295355897681
2016-04-10,TX_2,HOBBIES_1_006,0.96,2.0,0.5233056659728526
2016-04-11,TX_2,HOBBIES_1_006,0.96,0.0,0.49012810767893794
2016-04-12,TX_2,HOBBIES_1_006,0.96,0.0,0.7023236218493827
2016-04-13,TX_2,HOBBIES_1_006,0.96,0.0,0.6824509805930183
2016-04-14,TX_2,HOBBIES_1_006,0.96,2.0,0.6590300020877428
2016-04-15,TX_2,HOBBIES_1_006,0.96,0.0,0.7576905476534317
2016-04-16,TX_2,HOBBIES_1_006,0.96,1.0,0.8857583537651204
2016-04-17,TX_2,HOBBIES_1_006,0.96,0.0,0.6412761705754871
2016-04-18,TX_2,HOBBIES_1_006,0.96,2.0,0.63468176052466
2016-04-19,TX_2,HOBBIES_1_006,0.96,2.0,0.5876705628070087
2016-04-20,TX_2,HOBBIES_1_006,0.96,0.0,0.6562508072871978
2016-04-21,TX_2,HOBBIES_1_006,0.96,0.0,0.8490784812698758
2016-04-22,TX_2,HOBBIES_1_006,0.96,0.0,0.9416737829542317
2016-04-23,TX_2,HOBBIES_1_006,0.96,2.0,0.861381071750837
2016-03-26,TX_2,HOBBIES_1_007,7.88,0.0,0.24609659071632548
2016-03-27,TX_2,HOBBIES_1_007,7.88,0.0,0.21265930308638975
2016-03-28,TX_2,HOBBIES_1_007,7.88,0.0,0.1974753046586153
2016-03-29,TX_2,HOBBIES_1_007,7.88,0.0,0.1974753046586153
2016-03-30,TX_2,HOBBIES_1_007,7.88,0.0,0.17472856484050053
2016-03-31,TX_2,HOBBIES_1_007,7.88,0.0,0.18082286486456164
2016-04-01,TX_2,HOBBIES_1_007,7.88,0.0,0.21836929199331587
2016-04-02,TX_2,HOBBIES_1_007,7.88,1.0,0.21515229898288998
2016-04-03,TX_2,HOBBIES_1_007,7.88,1.0,0.12601795556765366
2016-04-04,TX_2,HOBBIES_1_007,7.88,0.0,0.16860771236986338
2016-04-05,TX_2,HOBBIES_1_007,7.88,0.0,0.22147866676417682
2016-04-06,TX_2,HOBBIES_1_007,7.88,0.0,0.21621302593024197
2016-04-07,TX_2,HOBBIES_1_007,7.88,0.0,0.25907630491930644
2016-04-08,TX_2,HOBBIES_1_007,7.88,0.0,0.2966227320480607
2016-04-09,TX_2,HOBBIES_1_007,7.88,1.0,0.29340573903763484
2016-04-10,TX_2,HOBBIES_1_007,7.88,0.0,0.22801465911527558
2016-04-11,TX_2,HOBBIES_1_007,7.88,1.0,0.22205708600158902
2016-04-12,TX_2,HOBBIES_1_007,7.88,0.0,0.18584715343421881
2016-04-13,TX_2,HOBBIES_1_007,7.88,0.0,0.2453440449805285
2016-04-14,TX_2,HOBBIES_1_007,7.88,0.0,0.2946219122418844
2016-04-15,TX_2,HOBBIES_1_007,7.88,0.0,0.3373796824207445
2016-04-16,TX_2,HOBBIES_1_007,7.88,1.0,0.3341626894103186
2016-04-17,TX_2,HOBBIES_1_007,7.88,0.0,0.2574850288098373
2016-04-18,TX_2,HOBBIES_1_007,7.88,0.0,0.2694237059820771
2016-04-19,TX_2,HOBBIES_1_007,7.88,0.0,0.2641580651481422
2016-04-20,TX_2,HOBBIES_1_007,7.88,1.0,0.20913411241315816
2016-04-21,TX_2,HOBBIES_1_007,7.88,0.0,0.23473496640453315
2016-04-22,TX_2,HOBBIES_1_007,7.88,0.0,0.3509843763245019
2016-04-23,TX_2,HOBBIES_1_007,7.88,0.0,0.3341626894103186
2016-03-26,TX_2,HOBBIES_1_008,0.48,0.0,3.1341058347184836
2016-03-27,TX_2,HOBBIES_1_008,0.48,6.0,2.1207661075227753
2016-03-28,TX_2,HOBBIES_1_008,0.48,1.0,2.0399030147722077
2016-03-29,TX_2,HOBBIES_1_008,0.48,2.0,2.904781294131153
2016-03-30,TX_2,HOBBIES_1_008,0.48,7.0,2.839021548636753
2016-03-31,TX_2,HOBBIES_1_008,0.48,0.0,2.9884803450646498
2016-04-01,TX_2,HOBBIES_1_008,0.48,7.0,3.4730860919630766
2016-04-02,TX_2,HOBBIES_1_008,0.48,1.0,2.66688295703974
2016-04-03,TX_2,HOBBIES_1_008,0.48,6.0,2.744433489413361
2016-04-04,TX_2,HOBBIES_1_008,0.48,0.0,2.9003771516104178
2016-04-05,TX_2,HOBBIES_1_008,0.48,1.0,2.919485327601056
2016-04-06,TX_2,HOBBIES_1_008,0.48,25.0,2.492425821521607
2016-04-07,TX_2,HOBBIES_1_008,0.48,0.0,3.5357182095070123
2016-04-08,TX_2,HOBBIES_1_008,0.48,0.0,3.079996126027222
2016-04-09,TX_2,HOBBIES_1_008,0.48,2.0,2.653467055676499
2016-04-10,TX_2,HOBBIES_1_008,0.48,1.0,2.204622692769047
2016-04-11,TX_2,HOBBIES_1_008,0.48,1.0,3.262992130259546
2016-04-12,TX_2,HOBBIES_1_008,0.48,4.0,3.181746179257318
2016-04-13,TX_2,HOBBIES_1_008,0.48,0.0,2.978789140174738
2016-04-14,TX_2,HOBBIES_1_008,0.48,7.0,3.971809122400488
2016-04-15,TX_2,HOBBIES_1_008,0.48,9.0,3.4647538675654417
2016-04-16,TX_2,HOBBIES_1_008,0.48,6.0,3.7964032427263374
2016-04-17,TX_2,HOBBIES_1_008,0.48,0.0,3.4862874542682882
2016-04-18,TX_2,HOBBIES_1_008,0.48,0.0,4.0124718364749
2016-04-19,TX_2,HOBBIES_1_008,0.48,0.0,3.2171180940859525
2016-04-20,TX_2,HOBBIES_1_008,0.48,6.0,3.2366417987861853
2016-04-21,TX_2,HOBBIES_1_008,0.48,0.0,3.4256926213002683
2016-04-22,TX_2,HOBBIES_1_008,0.48,1.0,4.41932609607177
2016-04-23,TX_2,HOBBIES_1_008,0.48,2.0,3.578138321739129
2016-03-26,TX_2,HOBBIES_1_009,1.63,0.0,0.5095140941627012
2016-03-27,TX_2,HOBBIES_1_009,1.63,0.0,0.34959063334371177
2016-03-28,TX_2,HOBBIES_1_009,1.63,0.0,0.3235187953465047
2016-03-29,TX_2,HOBBIES_1_009,1.63,2.0,0.23350064226720507
2016-03-30,TX_2,HOBBIES_1_009,1.63,0.0,0.23350064226720507
2016-03-31,TX_2,HOBBIES_1_009,1.63,0.0,0.47064662234273996
2016-04-01,TX_2,HOBBIES_1_009,1.63,0.0,0.5491248030859265
2016-04-02,TX_2,HOBBIES_1_009,1.63,4.0,0.5464605389691308
2016-04-03,TX_2,HOBBIES_1_009,1.63,2.0,0.4079690170180576
2016-04-04,TX_2,HOBBIES_1_009,1.63,0.0,0.6121772916352678
2016-04-05,TX_2,HOBBIES_1_009,1.63,0.0,0.49441667451569393
2016-04-06,TX_2,HOBBIES_1_009,1.63,1.0,0.48388962908277167
2016-04-07,TX_2,HOBBIES_1_009,1.63,0.0,0.4694343072122295
2016-04-08,TX_2,HOBBIES_1_009,1.63,2.0,0.5802583203020413
2016-04-09,TX_2,HOBBIES_1_009,1.63,1.0,0.5540450972956635
2016-04-10,TX_2,HOBBIES_1_009,1.63,2.0,0.5496910454247481
2016-04-11,TX_2,HOBBIES_1_009,1.63,2.0,0.4986541826929195
2016-04-12,TX_2,HOBBIES_1_009,1.63,0.0,0.5553016061395286
2016-04-13,TX_2,HOBBIES_1_009,1.63,0.0,0.6522411019052372
2016-04-14,TX_2,HOBBIES_1_009,1.63,0.0,0.7276530431580296
2016-04-15,TX_2,HOBBIES_1_009,1.63,4.0,0.8042662645743284
2016-04-16,TX_2,HOBBIES_1_009,1.63,4.0,0.8016020004575328
2016-04-17,TX_2,HOBBIES_1_009,1.63,0.0,0.7362896340836458
2016-04-18,TX_2,HOBBIES_1_009,1.63,0.0,0.8431142986771665
2016-04-19,TX_2,HOBBIES_1_009,1.63,0.0,0.7660484069531609
2016-04-20,TX_2,HOBBIES_1_009,1.63,1.0,0.764437689997069
2016-04-21,TX_2,HOBBIES_1_009,1.63,0.0,0.8703701063526754
2016-04-22,TX_2,HOBBIES_1_009,1.63,4.0,1.1578764078221386
2016-04-23,TX_2,HOBBIES_1_009,1.63,2.0,1.1316631848157606
2016-03-26,TX_2,HOBBIES_1_010,2.97,0.0,1.2760880542800912
2016-03-27,TX_2,HOBBIES_1_010,2.97,3.0,0.9871833786441117
2016-03-28,TX_2,HOBBIES_1_010,2.97,0.0,0.9017141303096866
2016-03-29,TX_2,HOBBIES_1_010,2.97,0.0,1.0457994282560668
2016-03-30,TX_2,HOBBIES_1_010,2.97,0.0,1.0352723828231445
2016-03-31,TX_2,HOBBIES_1_010,2.97,1.0,1.2216616429622564
2016-04-01,TX_2,HOBBIES_1_010,2.97,2.0,1.3715690099308169
2016-04-02,TX_2,HOBBIES_1_010,2.97,1.0,1.3423160931626992
2016-04-03,TX_2,HOBBIES_1_010,2.97,1.0,1.0645840273760567
2016-04-04,TX_2,HOBBIES_1_010,2.97,1.0,0.8150685700610311
2016-04-05,TX_2,HOBBIES_1_010,2.97,0.0,0.775430095814936
2016-04-06,TX_2,HOBBIES_1_010,2.97,1.0,0.8304902784394628
2016-04-07,TX_2,HOBBIES_1_010,2.97,2.0,0.9985779081985398
2016-04-08,TX_2,HOBBIES_1_010,2.97,1.0,1.1797052615082824
2016-04-09,TX_2,HOBBIES_1_010,2.97,1.0,1.3141999671403433
2016-04-10,TX_2,HOBBIES_1_010,2.97,3.0,0.9299277331703004
2016-04-11,TX_2,HOBBIES_1_010,2.97,3.0,0.8095919429089563
2016-04-12,TX_2,HOBBIES_1_010,2.97,2.0,0.969007479946864
2016-04-13,TX_2,HOBBIES_1_010,2.97,1.0,1.0333432340347646
2016-04-14,TX_2,HOBBIES_1_010,2.97,0.0,1.3125415962753266
2016-04-15,TX_2,HOBBIES_1_010,2.97,0.0,1.5497290606471268
2016-04-16,TX_2,HOBBIES_1_010,2.97,1.0,1.4232588786152591
2016-04-17,TX_2,HOBBIES_1_010,2.97,0.0,1.028588040174945
2016-04-18,TX_2,HOBBIES_1_010,2.97,2.0,1.0013798109536765
2016-04-19,TX_2,HOBBIES_1_010,2.97,0.0,0.856779265763929
2016-04-20,TX_2,HOBBIES_1_010,2.97,1.0,0.8911846057999273
2016-04-21,TX_2,HOBBIES_1_010,2.97,0.0,1.0164026545568527
2016-04-22,TX_2,HOBBIES_1_010,2.97,0.0,1.2701815936377538
2016-04-23,TX_2,HOBBIES_1_010,2.97,1.0,1.1993602341086915
2016-03-26,TX_2,HOBBIES_1_011,3.48,0.0,0.3503169324552489
2016-03-27,TX_2,HOBBIES_1_011,3.48,0.0,0.24962959572623128
2016-03-28,TX_2,HOBBIES_1_011,3.48,0.0,0.2337777547869642
2016-03-29,TX_2,HOBBIES_1_011,3.48,0.0,0.2337777547869642
2016-03-30,TX_2,HOBBIES_1_011,3.48,0.0,0.17950830399800188
2016-03-31,TX_2,HOBBIES_1_011,3.48,0.0,0.19374579661929683
2016-04-01,TX_2,HOBBIES_1_011,3.48,0.0,0.24112051532432266
2016-04-02,TX_2,HOBBIES_1_011,3.48,0.0,0.19619649360390493
2016-04-03,TX_2,HOBBIES_1_011,3.48,0.0,0.13784099757069537
2016-04-04,TX_2,HOBBIES_1_011,3.48,0.0,0.12514039645395791
2016-04-05,TX_2,HOBBIES_1_011,3.48,0.0,0.12514039645395791
2016-04-06,TX_2,HOBBIES_1_011,3.48,0.0,0.12514039645395791
2016-04-07,TX_2,HOBBIES_1_011,3.48,0.0,0.16130455173613087
2016-04-08,TX_2,HOBBIES_1_011,3.48,1.0,0.17985568818546732
2016-04-09,TX_2,HOBBIES_1_011,3.48,0.0,0.17663869517504144
2016-04-10,TX_2,HOBBIES_1_011,3.48,0.0,0.17079131353788135
2016-04-11,TX_2,HOBBIES_1_011,3.48,0.0,0.1575816413371238
2016-04-12,TX_2,HOBBIES_1_011,3.48,0.0,0.1575816413371238
2016-04-13,TX_2,HOBBIES_1_011,3.48,0.0,0.1575816413371238
2016-04-14,TX_2,HOBBIES_1_011,3.48,0.0,0.19374579661929683
2016-04-15,TX_2,HOBBIES_1_011,3.48,0.0,0.24112051532432266
2016-04-16,TX_2,HOBBIES_1_011,3.48,0.0,0.23790352231389691
2016-04-17,TX_2,HOBBIES_1_011,3.48,0.0,0.13784099757069537
2016-04-18,TX_2,HOBBIES_1_011,3.48,0.0,0.12514039645395791
2016-04-19,TX_2,HOBBIES_1_011,3.48,0.0,0.12514039645395791
2016-04-20,TX_2,HOBBIES_1_011,3.48,0.0,0.08625119731511308
2016-04-21,TX_2,HOBBIES_1_011,3.48,0.0,0.12241535259728632
2016-04-22,TX_2,HOBBIES_1_011,3.48,0.0,0.15399785813236103
2016-04-23,TX_2,HOBBIES_1_011,3.48,0.0,0.12972407014611537
2016-03-26,TX_2,HOBBIES_1_012,6.52,0.0,0.26974773831466714
2016-03-27,TX_2,HOBBIES_1_012,6.52,0.0,0.19651200632402063
2016-03-28,TX_2,HOBBIES_1_012,6.52,0.0,0.1769588333906118
2016-03-29,TX_2,HOBBIES_1_012,6.52,0.0,0.1530934551742601
2016-03-30,TX_2,HOBBIES_1_012,6.52,0.0,0.1311667925133821
2016-03-31,TX_2,HOBBIES_1_012,6.52,1.0,0.1699007974411895
2016-04-01,TX_2,HOBBIES_1_012,6.52,0.0,0.20445643105996375
2016-04-02,TX_2,HOBBIES_1_012,6.52,0.0,0.31524680228916857
2016-04-03,TX_2,HOBBIES_1_012,6.52,0.0,0.22733411051841063
2016-04-04,TX_2,HOBBIES_1_012,6.52,0.0,0.21647899179086144
2016-04-05,TX_2,HOBBIES_1_012,6.52,1.0,0.21647899179086144
2016-04-06,TX_2,HOBBIES_1_012,6.52,0.0,0.21647899179086144
2016-04-07,TX_2,HOBBIES_1_012,6.52,0.0,0.2888249399129554
2016-04-08,TX_2,HOBBIES_1_012,6.52,0.0,0.32738071652462075
2016-04-09,TX_2,HOBBIES_1_012,6.52,0.0,0.3082450616040735
2016-04-10,TX_2,HOBBIES_1_012,6.52,0.0,0.22733411051841063
2016-04-11,TX_2,HOBBIES_1_012,6.52,1.0,0.1945523291299835
2016-04-12,TX_2,HOBBIES_1_012,6.52,1.0,0.1945523291299835
2016-04-13,TX_2,HOBBIES_1_012,6.52,0.0,0.19617883344517623
2016-04-14,TX_2,HOBBIES_1_012,6.52,0.0,0.25447063680184734
2016-04-15,TX_2,HOBBIES_1_012,6.52,0.0,0.29302641341351265
2016-04-16,TX_2,HOBBIES_1_012,6.52,0.0,0.28980942040308677
2016-04-17,TX_2,HOBBIES_1_012,6.52,1.0,0.22110634119872494
2016-04-18,TX_2,HOBBIES_1_012,6.52,1.0,0.21047099104010478
2016-04-19,TX_2,HOBBIES_1_012,6.52,0.0,0.24449137244291108
2016-04-20,TX_2,HOBBIES_1_012,6.52,0.0,0.24506979168032322
2016-04-21,TX_2,HOBBIES_1_012,6.52,0.0,0.2835592990790205
2016-04-22,TX_2,HOBBIES_1_012,6.52,1.0,0.32738071652462075
2016-04-23,TX_2,HOBBIES_1_012,6.52,1.0,0.32416372351419487
2016-03-26,TX_2,HOBBIES_1_013,1.97,0.0,0.5028887492024745
2016-03-27,TX_2,HOBBIES_1_013,1.97,0.0,0.2701354746974027
2016-03-28,TX_2,HOBBIES_1_013,1.97,0.0,0.25902779915233265
2016-03-29,TX_2,HOBBIES_1_013,1.97,0.0,0.25902779915233265
2016-03-30,TX_2,HOBBIES_1_013,1.97,2.0,0.25902779915233265
2016-03-31,TX_2,HOBBIES_1_013,1.97,0.0,0.3195004228994313
2016-04-01,TX_2,HOBBIES_1_013,1.97,0.0,0.5219471662777854
2016-04-02,TX_2,HOBBIES_1_013,1.97,0.0,0.4578338970111894
2016-04-03,TX_2,HOBBIES_1_013,1.97,0.0,0.34030833455444115
2016-04-04,TX_2,HOBBIES_1_013,1.97,1.0,0.32920065900937123
2016-04-05,TX_2,HOBBIES_1_013,1.97,0.0,0.2818110917943413
2016-04-06,TX_2,HOBBIES_1_013,1.97,0.0,0.3232458761368051
2016-04-07,TX_2,HOBBIES_1_013,1.97,1.0,0.3731914544509815
2016-04-08,TX_2,HOBBIES_1_013,1.97,0.0,0.3839180520597747
2016-04-09,TX_2,HOBBIES_1_013,1.97,0.0,0.45001795202887673
2016-04-10,TX_2,HOBBIES_1_013,1.97,0.0,0.30107976643083817
2016-04-11,TX_2,HOBBIES_1_013,1.97,0.0,0.28997209088576814
2016-04-12,TX_2,HOBBIES_1_013,1.97,0.0,0.2658924298842199
2016-04-13,TX_2,HOBBIES_1_013,1.97,1.0,0.23494813815078422
2016-04-14,TX_2,HOBBIES_1_013,1.97,0.0,0.2954207618978831
2016-04-15,TX_2,HOBBIES_1_013,1.97,1.0,0.433728442295955
2016-04-16,TX_2,HOBBIES_1_013,1.97,1.0,0.37689765557921484
2016-04-17,TX_2,HOBBIES_1_013,1.97,2.0,0.2858636438399473
2016-04-18,TX_2,HOBBIES_1_013,1.97,1.0,0.3232458761368051
2016-04-19,TX_2,HOBBIES_1_013,1.97,0.0,0.37968712248793157
2016-04-20,TX_2,HOBBIES_1_013,1.97,0.0,0.4170088235450451
2016-04-21,TX_2,HOBBIES_1_013,1.97,0.0,0.4755504771928399
2016-04-22,TX_2,HOBBIES_1_013,1.97,1.0,0.5255317540407023
2016-04-23,TX_2,HOBBIES_1_013,1.97,0.0,0.5185113575601427
2016-03-26,TX_2,HOBBIES_1_014,1.16,8.0,5.297584535166242
2016-03-27,TX_2,HOBBIES_1_014,1.16,2.0,4.061179456811497
2016-03-28,TX_2,HOBBIES_1_014,1.16,4.0,3.4200662421341006
2016-03-29,TX_2,HOBBIES_1_014,1.16,0.0,3.5736789745883066
2016-03-30,TX_2,HOBBIES_1_014,1.16,4.0,3.623876440705148
2016-03-31,TX_2,HOBBIES_1_014,1.16,2.0,4.124887811064255
2016-04-01,TX_2,HOBBIES_1_014,1.16,1.0,4.835785110621746
2016-04-02,TX_2,HOBBIES_1_014,1.16,7.0,4.9727716688805295
2016-04-03,TX_2,HOBBIES_1_014,1.16,3.0,4.097342610388654
2016-04-04,TX_2,HOBBIES_1_014,1.16,2.0,3.352937557440301
2016-04-05,TX_2,HOBBIES_1_014,1.16,8.0,3.4679473848378333
2016-04-06,TX_2,HOBBIES_1_014,1.16,2.0,3.3877598499805623
2016-04-07,TX_2,HOBBIES_1_014,1.16,12.0,3.9263941434448038
2016-04-08,TX_2,HOBBIES_1_014,1.16,5.0,4.79843578425435
2016-04-09,TX_2,HOBBIES_1_014,1.16,6.0,5.1672228750442555
2016-04-10,TX_2,HOBBIES_1_014,1.16,2.0,4.134786421946992
2016-04-11,TX_2,HOBBIES_1_014,1.16,5.0,3.8450533772171767
2016-04-12,TX_2,HOBBIES_1_014,1.16,4.0,3.8241684847036
2016-04-13,TX_2,HOBBIES_1_014,1.16,4.0,4.1897207306031286
2016-04-14,TX_2,HOBBIES_1_014,1.16,10.0,4.581000021416901
2016-04-15,TX_2,HOBBIES_1_014,1.16,1.0,5.974595113285336
2016-04-16,TX_2,HOBBIES_1_014,1.16,5.0,5.16581231512205
2016-04-17,TX_2,HOBBIES_1_014,1.16,4.0,3.994559793531287
2016-04-18,TX_2,HOBBIES_1_014,1.16,4.0,3.7409334092533655
2016-04-19,TX_2,HOBBIES_1_014,1.16,8.0,3.6888049623156616
2016-04-20,TX_2,HOBBIES_1_014,1.16,5.0,3.7372128357344137
2016-04-21,TX_2,HOBBIES_1_014,1.16,4.0,4.291961796570559
2016-04-22,TX_2,HOBBIES_1_014,1.16,5.0,5.575123150882328
2016-04-23,TX_2,HOBBIES_1_014,1.16,5.0,4.803990262777167
2016-03-26,TX_2,HOBBIES_1_015,0.7,0.0,2.0674780535081068
2016-03-27,TX_2,HOBBIES_1_015,0.7,0.0,1.5213189010655417
2016-03-28,TX_2,HOBBIES_1_015,0.7,1.0,1.0031663651699505
2016-03-29,TX_2,HOBBIES_1_015,0.7,0.0,1.0842224290731788
2016-03-30,TX_2,HOBBIES_1_015,0.7,0.0,1.2100928925045642
2016-03-31,TX_2,HOBBIES_1_015,0.7,0.0,1.2526091477323642
2016-04-01,TX_2,HOBBIES_1_015,0.7,0.0,1.5630347969013556
2016-04-02,TX_2,HOBBIES_1_015,0.7,0.0,1.3625751512957736
2016-04-03,TX_2,HOBBIES_1_015,0.7,0.0,1.010870111561463
2016-04-04,TX_2,HOBBIES_1_015,0.7,0.0,0.8775844804699594
2016-04-05,TX_2,HOBBIES_1_015,0.7,0.0,0.9586405443731862
2016-04-06,TX_2,HOBBIES_1_015,0.7,0.0,0.6849455853562206
2016-04-07,TX_2,HOBBIES_1_015,0.7,0.0,0.8074335962701144
2016-04-08,TX_2,HOBBIES_1_015,0.7,0.0,1.0482328640098384
2016-04-09,TX_2,HOBBIES_1_015,0.7,0.0,0.9866973159667161
2016-04-10,TX_2,HOBBIES_1_015,0.7,14.0,0.7402682152721474
2016-04-11,TX_2,HOBBIES_1_015,0.7,2.0,0.6038895214529938
2016-04-12,TX_2,HOBBIES_1_015,0.7,0.0,1.3717769010398007
2016-04-13,TX_2,HOBBIES_1_015,0.7,1.0,1.5500384965290923
2016-04-14,TX_2,HOBBIES_1_015,0.7,0.0,1.6984669147441793
2016-04-15,TX_2,HOBBIES_1_015,0.7,4.0,2.0460464851270435
2016-04-16,TX_2,HOBBIES_1_015,0.7,5.0,1.7475005485406936
2016-04-17,TX_2,HOBBIES_1_015,0.7,1.0,1.9669100729498752
2016-04-18,TX_2,HOBBIES_1_015,0.7,14.0,1.572807635018564
2016-04-19,TX_2,HOBBIES_1_015,0.7,1.0,1.601386709716902
2016-04-20,TX_2,HOBBIES_1_015,0.7,0.0,1.6799267199642731
2016-04-21,TX_2,HOBBIES_1_015,0.7,2.0,2.1776284512824806
2016-04-22,TX_2,HOBBIES_1_015,0.7,1.0,2.5327435118245507
2016-04-23,TX_2,HOBBIES_1_015,0.7,1.0,2.651742651778073
2016-03-26,TX_2,HOBBIES_1_016,0.7,2.0,2.6436824028842465
2016-03-27,TX_2,HOBBIES_1_016,0.7,8.0,2.3526973031295517
2016-03-28,TX_2,HOBBIES_1_016,0.7,5.0,2.2311491644119856
2016-03-29,TX_2,HOBBIES_1_016,0.7,2.0,2.1833723786643575
2016-03-30,TX_2,HOBBIES_1_016,0.7,0.0,2.5770806101035073
2016-03-31,TX_2,HOBBIES_1_016,0.7,5.0,3.0176371668027224
2016-04-01,TX_2,HOBBIES_1_016,0.7,1.0,3.2933373879161634
2016-04-02,TX_2,HOBBIES_1_016,0.7,1.0,3.440452512143887
2016-04-03,TX_2,HOBBIES_1_016,0.7,1.0,2.766745048194351
2016-04-04,TX_2,HOBBIES_1_016,0.7,1.0,2.534433483590144
2016-04-05,TX_2,HOBBIES_1_016,0.7,0.0,2.4502762679224337
2016-04-06,TX_2,HOBBIES_1_016,0.7,0.0,2.4585065467711713
2016-04-07,TX_2,HOBBIES_1_016,0.7,0.0,2.765884411727596
2016-04-08,TX_2,HOBBIES_1_016,0.7,0.0,3.0235408522177183
2016-04-09,TX_2,HOBBIES_1_016,0.7,0.0,2.9470868736013416
2016-04-10,TX_2,HOBBIES_1_016,0.7,2.0,2.267692200240069
2016-04-11,TX_2,HOBBIES_1_016,0.7,0.0,1.7724431686499178
2016-04-12,TX_2,HOBBIES_1_016,0.7,4.0,2.067579275599159
2016-04-13,TX_2,HOBBIES_1_016,0.7,0.0,1.638726935489863
2016-04-14,TX_2,HOBBIES_1_016,0.7,10.0,2.394720455336669
2016-04-15,TX_2,HOBBIES_1_016,0.7,3.0,2.43835002993803
2016-04-16,TX_2,HOBBIES_1_016,0.7,2.0,2.5980286239995873
2016-04-17,TX_2,HOBBIES_1_016,0.7,0.0,2.6023184691366072
2016-04-18,TX_2,HOBBIES_1_016,0.7,8.0,2.247990854241929
2016-04-19,TX_2,HOBBIES_1_016,0.7,3.0,2.1745165261989077
2016-04-20,TX_2,HOBBIES_1_016,0.7,2.0,2.3079082271847167
2016-04-21,TX_2,HOBBIES_1_016,0.7,0.0,2.844688635159137
2016-04-22,TX_2,HOBBIES_1_016,0.7,2.0,3.3295412997721487
2016-04-23,TX_2,HOBBIES_1_016,0.7,4.0,2.995284650891647
2016-03-26,TX_2,HOBBIES_1_017,1.98,1.0,1.2120673570893208
2016-03-27,TX_2,HOBBIES_1_017,1.98,2.0,0.9881763237346435
2016-03-28,TX_2,HOBBIES_1_017,1.98,1.0,0.8217653704562509
2016-03-29,TX_2,HOBBIES_1_017,1.98,0.0,0.8428110593675172
2016-03-30,TX_2,HOBBIES_1_017,1.98,1.0,0.8219127238370105
2016-03-31,TX_2,HOBBIES_1_017,1.98,5.0,0.9443115326316137
2016-04-01,TX_2,HOBBIES_1_017,1.98,1.0,1.3369798264356103
2016-04-02,TX_2,HOBBIES_1_017,1.98,1.0,1.5037698259924446
2016-04-03,TX_2,HOBBIES_1_017,1.98,3.0,1.1544077476896146
2016-04-04,TX_2,HOBBIES_1_017,1.98,3.0,1.0784805700252693
2016-04-05,TX_2,HOBBIES_1_017,1.98,0.0,1.1592839311428442
2016-04-06,TX_2,HOBBIES_1_017,1.98,1.0,1.2420512297753217
2016-04-07,TX_2,HOBBIES_1_017,1.98,2.0,1.4654604562635394
2016-04-08,TX_2,HOBBIES_1_017,1.98,2.0,1.6619948536837905
2016-04-09,TX_2,HOBBIES_1_017,1.98,1.0,1.6690826050232352
2016-04-10,TX_2,HOBBIES_1_017,1.98,1.0,1.2949786588886463
2016-04-11,TX_2,HOBBIES_1_017,1.98,2.0,1.1682124719443563
2016-04-12,TX_2,HOBBIES_1_017,1.98,2.0,1.101673625653273
2016-04-13,TX_2,HOBBIES_1_017,1.98,0.0,1.0736421559594123
2016-04-14,TX_2,HOBBIES_1_017,1.98,3.0,1.4226387694267209
2016-04-15,TX_2,HOBBIES_1_017,1.98,0.0,1.6090451023030619
2016-04-16,TX_2,HOBBIES_1_017,1.98,1.0,1.8145912750163555
2016-04-17,TX_2,HOBBIES_1_017,1.98,2.0,1.3274928619284039
2016-04-18,TX_2,HOBBIES_1_017,1.98,4.0,1.0256991041284085
2016-04-19,TX_2,HOBBIES_1_017,1.98,0.0,1.0982349437666208
2016-04-20,TX_2,HOBBIES_1_017,1.98,1.0,1.256756971300997
2016-04-21,TX_2,HOBBIES_1_017,1.98,1.0,1.3971653578622056
2016-04-22,TX_2,HOBBIES_1_017,1.98,1.0,1.7679094434239055
2016-04-23,TX_2,HOBBIES_1_017,1.98,3.0,1.7494425864313303
2016-03-26,TX_2,HOBBIES_1_018,11.88,0.0,0.24813115556161427
2016-03-27,TX_2,HOBBIES_1_018,11.88,1.0,0.19505626525595657
2016-03-28,TX_2,HOBBIES_1_018,11.88,0.0,0.15756696074234125
2016-03-29,TX_2,HOBBIES_1_018,11.88,0.0,0.21570355597058952
2016-03-30,TX_2,HOBBIES_1_018,11.88,0.0,0.1794936234032193
2016-03-31,TX_2,HOBBIES_1_018,11.88,0.0,0.21060877960229638
2016-04-01,TX_2,HOBBIES_1_018,11.88,0.0,0.24815520673105054
2016-04-02,TX_2,HOBBIES_1_018,11.88,0.0,0.217186863828179
2016-04-03,TX_2,HOBBIES_1_018,11.88,0.0,0.16411197352252116
2016-04-04,TX_2,HOBBIES_1_018,11.88,0.0,0.15756696074234125
2016-04-05,TX_2,HOBBIES_1_018,11.88,0.0,0.12512571585917537
2016-04-06,TX_2,HOBBIES_1_018,11.88,0.0,0.12512571585917537
2016-04-07,TX_2,HOBBIES_1_018,11.88,0.0,0.15041618482668473
2016-04-08,TX_2,HOBBIES_1_018,11.88,1.0,0.17869682812861296
2016-04-09,TX_2,HOBBIES_1_018,11.88,0.0,0.17547983511818707
2016-04-10,TX_2,HOBBIES_1_018,11.88,0.0,0.1898605385639982
2016-04-11,TX_2,HOBBIES_1_018,11.88,0.0,0.15756696074234125
2016-04-12,TX_2,HOBBIES_1_018,11.88,0.0,0.15756696074234125
2016-04-13,TX_2,HOBBIES_1_018,11.88,0.0,0.15756696074234125
2016-04-14,TX_2,HOBBIES_1_018,11.88,0.0,0.18285742970985067
2016-04-15,TX_2,HOBBIES_1_018,11.88,0.0,0.2204038568386049
2016-04-16,TX_2,HOBBIES_1_018,11.88,0.0,0.217186863828179
2016-04-17,TX_2,HOBBIES_1_018,11.88,0.0,0.1347637913670052
2016-04-18,TX_2,HOBBIES_1_018,11.88,0.0,0.1055679174303116
2016-04-19,TX_2,HOBBIES_1_018,11.88,0.0,0.1055679174303116
2016-04-20,TX_2,HOBBIES_1_018,11.88,0.0,0.08623651672033047
2016-04-21,TX_2,HOBBIES_1_018,11.88,0.0,0.11152698568784003
2016-04-22,TX_2,HOBBIES_1_018,11.88,0.0,0.13328119964664317
2016-04-23,TX_2,HOBBIES_1_018,11.88,0.0,0.1300642066362173
2016-03-26,TX_2,HOBBIES_1_019,0.48,2.0,5.122122586362363
2016-03-27,TX_2,HOBBIES_1_019,0.48,6.0,4.150802031359522
2016-03-28,TX_2,HOBBIES_1_019,0.48,2.0,4.6214410784780435
2016-03-29,TX_2,HOBBIES_1_019,0.48,4.0,4.725043958715208
2016-03-30,TX_2,HOBBIES_1_019,0.48,2.0,4.639834343342211
2016-03-31,TX_2,HOBBIES_1_019,0.48,5.0,5.507784086447585
2016-04-01,TX_2,HOBBIES_1_019,0.48,13.0,6.0144132746297965
2016-04-02,TX_2,HOBBIES_1_019,0.48,4.0,5.4673647270683485
2016-04-03,TX_2,HOBBIES_1_019,0.48,0.0,4.662283691417244
2016-04-04,TX_2,HOBBIES_1_019,0.48,2.0,4.272012711002164
2016-04-05,TX_2,HOBBIES_1_019,0.48,1.0,3.4792645728489915
2016-04-06,TX_2,HOBBIES_1_019,0.48,8.0,4.161911999103655
2016-04-07,TX_2,HOBBIES_1_019,0.48,7.0,4.5030890799647185
2016-04-08,TX_2,HOBBIES_1_019,0.48,10.0,5.408086147959143
2016-04-09,TX_2,HOBBIES_1_019,0.48,3.0,5.1231427445203375
2016-04-10,TX_2,HOBBIES_1_019,0.48,3.0,4.087476889256915
2016-04-11,TX_2,HOBBIES_1_019,0.48,2.0,4.638929494794281
2016-04-12,TX_2,HOBBIES_1_019,0.48,2.0,4.592543875911659
2016-04-13,TX_2,HOBBIES_1_019,0.48,4.0,4.600846216499263
2016-04-14,TX_2,HOBBIES_1_019,0.48,7.0,5.457883327030375
2016-04-15,TX_2,HOBBIES_1_019,0.48,0.0,5.927920086543738
2016-04-16,TX_2,HOBBIES_1_019,0.48,2.0,5.521032691233096
2016-04-17,TX_2,HOBBIES_1_019,0.48,2.0,3.9925658760975082
2016-04-18,TX_2,HOBBIES_1_019,0.48,0.0,4.309982978129179
2016-04-19,TX_2,HOBBIES_1_019,0.48,0.0,4.07130125177028
2016-04-20,TX_2,HOBBIES_1_019,0.48,3.0,3.428094161461335
2016-04-21,TX_2,HOBBIES_1_019,0.48,8.0,3.9174257653002225
2016-04-22,TX_2,HOBBIES_1_019,0.48,6.0,5.175862252785242
2016-04-23,TX_2,HOBBIES_1_019,0.48,0.0,4.404233623199681
2016-03-26,TX_2,HOBBIES_1_020,12.68,0.0,0.1976290653993155
2016-03-27,TX_2,HOBBIES_1_020,12.68,0.0,0.14455417509365764
2016-03-28,TX_2,HOBBIES_1_020,12.68,0.0,0.11867776160349658
2016-03-29,TX_2,HOBBIES_1_020,12.68,0.0,0.0976209666276767
2016-03-30,TX_2,HOBBIES_1_020,12.68,0.0,0.0976209666276767
2016-03-31,TX_2,HOBBIES_1_020,12.68,0.0,0.09047019071202016
2016-04-01,TX_2,HOBBIES_1_020,12.68,0.0,0.11222440467082315
2016-04-02,TX_2,HOBBIES_1_020,12.68,0.0,0.10900741166039726
2016-04-03,TX_2,HOBBIES_1_020,12.68,0.0,0.07582171071438362
2016-04-04,TX_2,HOBBIES_1_020,12.68,0.0,0.06517972174451066
2016-04-05,TX_2,HOBBIES_1_020,12.68,1.0,0.06517972174451066
2016-04-06,TX_2,HOBBIES_1_020,12.68,0.0,0.06517972174451066
2016-04-07,TX_2,HOBBIES_1_020,12.68,0.0,0.14923387140494104
2016-04-08,TX_2,HOBBIES_1_020,12.68,0.0,0.17498822835663516
2016-04-09,TX_2,HOBBIES_1_020,12.68,0.0,0.17177123534620928
2016-04-10,TX_2,HOBBIES_1_020,12.68,0.0,0.12622668784571967
2016-04-11,TX_2,HOBBIES_1_020,12.68,0.0,0.11867776160349658
2016-04-12,TX_2,HOBBIES_1_020,12.68,0.0,0.11867776160349658
2016-04-13,TX_2,HOBBIES_1_020,12.68,0.0,0.11867776160349658
2016-04-14,TX_2,HOBBIES_1_020,12.68,0.0,0.11152698568784003
2016-04-15,TX_2,HOBBIES_1_020,12.68,1.0,0.13328119964664317
2016-04-16,TX_2,HOBBIES_1_020,12.68,1.0,0.1300642066362173
2016-04-17,TX_2,HOBBIES_1_020,12.68,0.0,0.1481563089053276
2016-04-18,TX_2,HOBBIES_1_020,12.68,0.0,0.1937768933097116
2016-04-19,TX_2,HOBBIES_1_020,12.68,0.0,0.1885112524757767
2016-04-20,TX_2,HOBBIES_1_020,12.68,0.0,0.1885112524757767
2016-04-21,TX_2,HOBBIES_1_020,12.68,0.0,0.19424392301442267
2016-04-22,TX_2,HOBBIES_1_020,12.68,1.0,0.23179035014317692
2016-04-23,TX_2,HOBBIES_1_020,12.68,0.0,0.22857335713275104
2016-03-26,TX_2,HOBBIES_1_021,11.88,2.0,0.5395554487609971
2016-03-27,TX_2,HOBBIES_1_021,11.88,3.0,0.3617252937948638
2016-03-28,TX_2,HOBBIES_1_021,11.88,0.0,0.37049168715015823
2016-03-29,TX_2,HOBBIES_1_021,11.88,0.0,0.5423785499208434
2016-03-30,TX_2,HOBBIES_1_021,11.88,0.0,0.4832415334119501
2016-03-31,TX_2,HOBBIES_1_021,11.88,2.0,0.5242403760205836
2016-04-01,TX_2,HOBBIES_1_021,11.88,0.0,0.5707158310571456
2016-04-02,TX_2,HOBBIES_1_021,11.88,0.0,0.6827311848432724
2016-04-03,TX_2,HOBBIES_1_021,11.88,0.0,0.5382531737287765
2016-04-04,TX_2,HOBBIES_1_021,11.88,0.0,0.45573865998430185
2016-04-05,TX_2,HOBBIES_1_021,11.88,1.0,0.4025176496414069
2016-04-06,TX_2,HOBBIES_1_021,11.88,0.0,0.4025176496414069
2016-04-07,TX_2,HOBBIES_1_021,11.88,1.0,0.49189603230410994
2016-04-08,TX_2,HOBBIES_1_021,11.88,0.0,0.579550817847228
2016-04-09,TX_2,HOBBIES_1_021,11.88,0.0,0.5671917789224444
2016-04-10,TX_2,HOBBIES_1_021,11.88,0.0,0.4227137678079487
2016-04-11,TX_2,HOBBIES_1_021,11.88,0.0,0.3865989877312853
2016-04-12,TX_2,HOBBIES_1_021,11.88,1.0,0.3865989877312853
2016-04-13,TX_2,HOBBIES_1_021,11.88,0.0,0.34840110743385466
2016-04-14,TX_2,HOBBIES_1_021,11.88,1.0,0.45069974933681634
2016-04-15,TX_2,HOBBIES_1_021,11.88,0.0,0.5200257019533079
2016-04-16,TX_2,HOBBIES_1_021,11.88,0.0,0.5671917789224444
2016-04-17,TX_2,HOBBIES_1_021,11.88,0.0,0.4227137678079487
2016-04-18,TX_2,HOBBIES_1_021,11.88,0.0,0.4050485308804639
2016-04-19,TX_2,HOBBIES_1_021,11.88,0.0,0.4050485308804639
2016-04-20,TX_2,HOBBIES_1_021,11.88,0.0,0.3865989877312853
2016-04-21,TX_2,HOBBIES_1_021,11.88,0.0,0.3762919364720152
2016-04-22,TX_2,HOBBIES_1_021,11.88,1.0,0.40218360439448314
2016-04-23,TX_2,HOBBIES_1_021,11.88,2.0,0.3572595826740654
2016-03-26,TX_2,HOBBIES_1_022,7.18,0.0,0.6882373839844356
2016-03-27,TX_2,HOBBIES_1_022,7.18,0.0,0.508779391589855
2016-03-28,TX_2,HOBBIES_1_022,7.18,1.0,0.4182375903432376
2016-03-29,TX_2,HOBBIES_1_022,7.18,1.0,0.4085709950785513
2016-03-30,TX_2,HOBBIES_1_022,7.18,1.0,0.4520345162099174
2016-03-31,TX_2,HOBBIES_1_022,7.18,0.0,0.5427627160909897
2016-04-01,TX_2,HOBBIES_1_022,7.18,0.0,0.6737711784944292
2016-04-02,TX_2,HOBBIES_1_022,7.18,3.0,0.6159008251431843
2016-04-03,TX_2,HOBBIES_1_022,7.18,0.0,0.4693993190337425
2016-04-04,TX_2,HOBBIES_1_022,7.18,0.0,0.5599061669752166
2016-04-05,TX_2,HOBBIES_1_022,7.18,2.0,0.5546405261412818
2016-04-06,TX_2,HOBBIES_1_022,7.18,0.0,0.5449739308765955
2016-04-07,TX_2,HOBBIES_1_022,7.18,0.0,0.6653952825160034
2016-04-08,TX_2,HOBBIES_1_022,7.18,0.0,0.7751594116972759
2016-04-09,TX_2,HOBBIES_1_022,7.18,0.0,0.77194241868685
2016-04-10,TX_2,HOBBIES_1_022,7.18,0.0,0.5863986857721308
2016-04-11,TX_2,HOBBIES_1_022,7.18,0.0,0.5242241128071203
2016-04-12,TX_2,HOBBIES_1_022,7.18,0.0,0.48340188574365306
2016-04-13,TX_2,HOBBIES_1_022,7.18,0.0,0.4490198195928602
2016-04-14,TX_2,HOBBIES_1_022,7.18,0.0,0.4514209052703542
2016-04-15,TX_2,HOBBIES_1_022,7.18,0.0,0.5413505381374274
2016-04-16,TX_2,HOBBIES_1_022,7.18,1.0,0.5381335451270015
2016-04-17,TX_2,HOBBIES_1_022,7.18,0.0,0.4039908855720353
2016-04-18,TX_2,HOBBIES_1_022,7.18,0.0,0.38979172653787886
2016-04-19,TX_2,HOBBIES_1_022,7.18,0.0,0.38014531580123523
2016-04-20,TX_2,HOBBIES_1_022,7.18,1.0,0.3616957726520569
2016-04-21,TX_2,HOBBIES_1_022,7.18,1.0,0.39577654908652
2016-04-22,TX_2,HOBBIES_1_022,7.18,0.0,0.5593899987884162
2016-04-23,TX_2,HOBBIES_1_022,7.18,2.0,0.4920219397707164
2016-03-26,TX_2,HOBBIES_1_023,2.97,1.0,1.688296671231443
2016-03-27,TX_2,HOBBIES_1_023,2.97,0.0,1.3055328160912076
2016-03-28,TX_2,HOBBIES_1_023,2.97,4.0,1.1955950895213356
2016-03-29,TX_2,HOBBIES_1_023,2.97,4.0,1.1727960372092596
2016-03-30,TX_2,HOBBIES_1_023,2.97,0.0,1.3916036125521025
2016-03-31,TX_2,HOBBIES_1_023,2.97,3.0,1.7413383832557277
2016-04-01,TX_2,HOBBIES_1_023,2.97,7.0,1.9109063684989864
2016-04-02,TX_2,HOBBIES_1_023,2.97,2.0,1.9474861739190157
2016-04-03,TX_2,HOBBIES_1_023,2.97,3.0,1.673081241181742
2016-04-04,TX_2,HOBBIES_1_023,2.97,4.0,1.6155352331193908
2016-04-05,TX_2,HOBBIES_1_023,2.97,3.0,1.7057859227514518
2016-04-06,TX_2,HOBBIES_1_023,2.97,4.0,1.8260986532849381
2016-04-07,TX_2,HOBBIES_1_023,2.97,2.0,2.2923797708329907
2016-04-08,TX_2,HOBBIES_1_023,2.97,3.0,2.680158246639726
2016-04-09,TX_2,HOBBIES_1_023,2.97,4.0,2.701133435975045
2016-04-10,TX_2,HOBBIES_1_023,2.97,5.0,2.2311833657683393
2016-04-11,TX_2,HOBBIES_1_023,2.97,3.0,2.035175410557632
2016-04-12,TX_2,HOBBIES_1_023,2.97,2.0,2.1835662231231336
2016-04-13,TX_2,HOBBIES_1_023,2.97,5.0,2.3077873081085247
2016-04-14,TX_2,HOBBIES_1_023,2.97,2.0,2.9204261877066835
2016-04-15,TX_2,HOBBIES_1_023,2.97,3.0,3.0131612723455046
2016-04-16,TX_2,HOBBIES_1_023,2.97,7.0,3.0435947328548956
2016-04-17,TX_2,HOBBIES_1_023,2.97,2.0,2.442759191339336
2016-04-18,TX_2,HOBBIES_1_023,2.97,1.0,2.3916963051443716
2016-04-19,TX_2,HOBBIES_1_023,2.97,2.0,2.381047178705599
2016-04-20,TX_2,HOBBIES_1_023,2.97,3.0,2.3583095044628335
2016-04-21,TX_2,HOBBIES_1_023,2.97,3.0,2.793557257625249
2016-04-22,TX_2,HOBBIES_1_023,2.97,7.0,3.220251801472517
2016-04-23,TX_2,HOBBIES_1_023,2.97,4.0,3.2173477355681057
2016-03-26,TX_2,HOBBIES_1_024,8.56,0.0,0.37184704431562426
2016-03-27,TX_2,HOBBIES_1_024,8.56,0.0,0.2574850288098373
2016-03-28,TX_2,HOBBIES_1_024,8.56,0.0,0.24007840414659362
2016-03-29,TX_2,HOBBIES_1_024,8.56,0.0,0.24007840414659362
2016-03-30,TX_2,HOBBIES_1_024,8.56,0.0,0.24007840414659362
2016-03-31,TX_2,HOBBIES_1_024,8.56,0.0,0.2946219122418844
2016-04-01,TX_2,HOBBIES_1_024,8.56,0.0,0.3064353906873089
2016-04-02,TX_2,HOBBIES_1_024,8.56,1.0,0.2615113689668909
2016-04-03,TX_2,HOBBIES_1_024,8.56,1.0,0.1677221852263242
2016-04-04,TX_2,HOBBIES_1_024,8.56,0.0,0.1911127942681537
2016-04-05,TX_2,HOBBIES_1_024,8.56,1.0,0.2453440449805285
2016-04-06,TX_2,HOBBIES_1_024,8.56,0.0,0.24007840414659362
2016-04-07,TX_2,HOBBIES_1_024,8.56,0.0,0.3226342928939341
2016-04-08,TX_2,HOBBIES_1_024,8.56,0.0,0.3601264222388593
2016-04-09,TX_2,HOBBIES_1_024,8.56,1.0,0.35690942922843344
2016-04-10,TX_2,HOBBIES_1_024,8.56,1.0,0.2802317686279521
2016-04-11,TX_2,HOBBIES_1_024,8.56,1.0,0.2680907847986437
2016-04-12,TX_2,HOBBIES_1_024,8.56,0.0,0.2921704458001918
2016-04-13,TX_2,HOBBIES_1_024,8.56,1.0,0.31972386672476205
2016-04-14,TX_2,HOBBIES_1_024,8.56,0.0,0.36475821927502916
2016-04-15,TX_2,HOBBIES_1_024,8.56,1.0,0.4635909723520267
2016-04-16,TX_2,HOBBIES_1_024,8.56,1.0,0.4085425111545517
2016-04-17,TX_2,HOBBIES_1_024,8.56,0.0,0.336809137244585
2016-04-18,TX_2,HOBBIES_1_024,8.56,0.0,0.34896904238704407
2016-04-19,TX_2,HOBBIES_1_024,8.56,0.0,0.35962206346323067
2016-04-20,TX_2,HOBBIES_1_024,8.56,0.0,0.35537854875214236
2016-04-21,TX_2,HOBBIES_1_024,8.56,0.0,0.41851813218105127
2016-04-22,TX_2,HOBBIES_1_024,8.56,0.0,0.42299602391906593
2016-04-23,TX_2,HOBBIES_1_024,8.56,1.0,0.38155225662534836
2016-03-26,TX_2,HOBBIES_1_025,3.98,0.0,0.5706028621981655
2016-03-27,TX_2,HOBBIES_1_025,3.98,1.0,0.44189638680532456
2016-03-28,TX_2,HOBBIES_1_025,3.98,1.0,0.3943745736318838
2016-03-29,TX_2,HOBBIES_1_025,3.98,0.0,0.44083649743311215
2016-03-30,TX_2,HOBBIES_1_025,3.98,1.0,0.4452172673358209
2016-03-31,TX_2,HOBBIES_1_025,3.98,0.0,0.5078495133310711
2016-04-01,TX_2,HOBBIES_1_025,3.98,1.0,0.591668063823437
2016-04-02,TX_2,HOBBIES_1_025,3.98,2.0,0.5748463769092538
2016-04-03,TX_2,HOBBIES_1_025,3.98,0.0,0.46407218967616765
2016-04-04,TX_2,HOBBIES_1_025,3.98,0.0,0.4881372512035346
2016-04-05,TX_2,HOBBIES_1_025,3.98,1.0,0.47320501510491364
2016-04-06,TX_2,HOBBIES_1_025,3.98,0.0,0.4618259214583337
2016-04-07,TX_2,HOBBIES_1_025,3.98,0.0,0.5287377625226742
2016-04-08,TX_2,HOBBIES_1_025,3.98,0.0,0.6256051275704205
2016-04-09,TX_2,HOBBIES_1_025,3.98,2.0,0.6223881345599946
2016-04-10,TX_2,HOBBIES_1_025,3.98,4.0,0.4000963726962233
2016-04-11,TX_2,HOBBIES_1_025,3.98,0.0,0.44083649743311215
2016-04-12,TX_2,HOBBIES_1_025,3.98,0.0,0.5540306713064629
2016-04-13,TX_2,HOBBIES_1_025,3.98,1.0,0.5487650304725281
2016-04-14,TX_2,HOBBIES_1_025,3.98,1.0,0.612634036513783
2016-04-15,TX_2,HOBBIES_1_025,3.98,3.0,0.8010348851464677
2016-04-16,TX_2,HOBBIES_1_025,3.98,0.0,0.8975574005023407
2016-04-17,TX_2,HOBBIES_1_025,3.98,0.0,0.7727816116576379
2016-04-18,TX_2,HOBBIES_1_025,3.98,2.0,0.648979309129778
2016-04-19,TX_2,HOBBIES_1_025,3.98,0.0,0.5641687711338806
2016-04-20,TX_2,HOBBIES_1_025,3.98,0.0,0.6247005747441855
2016-04-21,TX_2,HOBBIES_1_025,3.98,0.0,0.7109024003267967
2016-04-22,TX_2,HOBBIES_1_025,3.98,3.0,0.8320791702780899
2016-04-23,TX_2,HOBBIES_1_025,3.98,2.0,0.8191955820029777
2016-03-26,TX_2,HOBBIES_1_026,17.97,0.0,0.43860723104693783
2016-03-27,TX_2,HOBBIES_1_026,17.97,0.0,0.31680937321346997
2016-03-28,TX_2,HOBBIES_1_026,17.97,1.0,0.30443960038615137
2016-03-29,TX_2,HOBBIES_1_026,17.97,1.0,0.30443960038615137
2016-03-30,TX_2,HOBBIES_1_026,17.97,0.0,0.30446723318194735
2016-03-31,TX_2,HOBBIES_1_026,17.97,0.0,0.4062605394314116
2016-04-01,TX_2,HOBBIES_1_026,17.97,0.0,0.3666828496568327
2016-04-02,TX_2,HOBBIES_1_026,17.97,0.0,0.3407191168282921
2016-04-03,TX_2,HOBBIES_1_026,17.97,1.0,0.27075272718187343
2016-04-04,TX_2,HOBBIES_1_026,17.97,0.0,0.25838295435455483
2016-04-05,TX_2,HOBBIES_1_026,17.97,0.0,0.2863953350066045
2016-04-06,TX_2,HOBBIES_1_026,17.97,0.0,0.25838295435455483
2016-04-07,TX_2,HOBBIES_1_026,17.97,0.0,0.27023404792642247
2016-04-08,TX_2,HOBBIES_1_026,17.97,2.0,0.3129918181052825
2016-04-09,TX_2,HOBBIES_1_026,17.97,0.0,0.3097748250948566
2016-04-10,TX_2,HOBBIES_1_026,17.97,0.0,0.32041150702514004
2016-04-11,TX_2,HOBBIES_1_026,17.97,0.0,0.30443960038615137
2016-04-12,TX_2,HOBBIES_1_026,17.97,0.0,0.2976115224781579
2016-04-13,TX_2,HOBBIES_1_026,17.97,1.0,0.2743016162646761
2016-04-14,TX_2,HOBBIES_1_026,17.97,0.0,0.3170970015699792
2016-04-15,TX_2,HOBBIES_1_026,17.97,0.0,0.403597449774072
2016-04-16,TX_2,HOBBIES_1_026,17.97,0.0,0.3867757628598886
2016-04-17,TX_2,HOBBIES_1_026,17.97,1.0,0.26311834166191955
2016-04-18,TX_2,HOBBIES_1_026,17.97,0.0,0.25074856883460095
2016-04-19,TX_2,HOBBIES_1_026,17.97,0.0,0.30446723318194735
2016-04-20,TX_2,HOBBIES_1_026,17.97,0.0,0.25838295435455483
2016-04-21,TX_2,HOBBIES_1_026,17.97,0.0,0.30117833965985796
2016-04-22,TX_2,HOBBIES_1_026,17.97,0.0,0.3129918181052825
2016-04-23,TX_2,HOBBIES_1_026,17.97,0.0,0.28569516409330836
2016-03-26,TX_2,HOBBIES_1_027,19.98,0.0,0.29609015257648
2016-03-27,TX_2,HOBBIES_1_027,19.98,0.0,0.22380564970442596
2016-03-28,TX_2,HOBBIES_1_027,19.98,0.0,0.21043791513665464
2016-03-29,TX_2,HOBBIES_1_027,19.98,0.0,0.1794936234032193
2016-03-30,TX_2,HOBBIES_1_027,19.98,0.0,0.1794936234032193
2016-03-31,TX_2,HOBBIES_1_027,19.98,1.0,0.21060877960229638
2016-04-01,TX_2,HOBBIES_1_027,19.98,0.0,0.24815520673105054
2016-04-02,TX_2,HOBBIES_1_027,19.98,1.0,0.2585429076243822
2016-04-03,TX_2,HOBBIES_1_027,19.98,0.0,0.18625840475232824
2016-04-04,TX_2,HOBBIES_1_027,19.98,0.0,0.21570355597058952
2016-04-05,TX_2,HOBBIES_1_027,19.98,0.0,0.21043791513665464
2016-04-06,TX_2,HOBBIES_1_027,19.98,0.0,0.21043791513665464
2016-04-07,TX_2,HOBBIES_1_027,19.98,0.0,0.2415530713357316
2016-04-08,TX_2,HOBBIES_1_027,19.98,0.0,0.25134814857204013
2016-04-09,TX_2,HOBBIES_1_027,19.98,0.0,0.217186863828179
2016-04-10,TX_2,HOBBIES_1_027,19.98,3.0,0.16411197352252116
2016-04-11,TX_2,HOBBIES_1_027,19.98,0.0,0.12512571585917537
2016-04-12,TX_2,HOBBIES_1_027,19.98,0.0,0.27463645493311073
2016-04-13,TX_2,HOBBIES_1_027,19.98,0.0,0.26937081409917574
2016-04-14,TX_2,HOBBIES_1_027,19.98,0.0,0.3121661994044789
2016-04-15,TX_2,HOBBIES_1_027,19.98,4.0,0.3549239695833389
2016-04-16,TX_2,HOBBIES_1_027,19.98,0.0,0.351706976572913
2016-04-17,TX_2,HOBBIES_1_027,19.98,0.0,0.4231129599438658
2016-04-18,TX_2,HOBBIES_1_027,19.98,1.0,0.4064039955330454
2016-04-19,TX_2,HOBBIES_1_027,19.98,0.0,0.33986692266638974
2016-04-20,TX_2,HOBBIES_1_027,19.98,0.0,0.38416676293933216
2016-04-21,TX_2,HOBBIES_1_027,19.98,0.0,0.4302925827443187
2016-04-22,TX_2,HOBBIES_1_027,19.98,0.0,0.4908401552425548
2016-04-23,TX_2,HOBBIES_1_027,19.98,0.0,0.45528519605286377
2016-03-26,TX_2,HOBBIES_1_028,7.98,0.0,0.5188808020471406
2016-03-27,TX_2,HOBBIES_1_028,7.98,1.0,0.38038290494713417
2016-03-28,TX_2,HOBBIES_1_028,7.98,2.0,0.3319669576708031
2016-03-29,TX_2,HOBBIES_1_028,7.98,1.0,0.33298908379364967
2016-03-30,TX_2,HOBBIES_1_028,7.98,0.0,0.3978112072371598
2016-03-31,TX_2,HOBBIES_1_028,7.98,1.0,0.5065923310961739
2016-04-01,TX_2,HOBBIES_1_028,7.98,1.0,0.5377204034152349
2016-04-02,TX_2,HOBBIES_1_028,7.98,0.0,0.5577746995732527
2016-04-03,TX_2,HOBBIES_1_028,7.98,0.0,0.46723151952984615
2016-04-04,TX_2,HOBBIES_1_028,7.98,0.0,0.4404100419653424
2016-04-05,TX_2,HOBBIES_1_028,7.98,1.0,0.43074344670065623
2016-04-06,TX_2,HOBBIES_1_028,7.98,0.0,0.41512083834298774
2016-04-07,TX_2,HOBBIES_1_028,7.98,1.0,0.5094192658876839
2016-04-08,TX_2,HOBBIES_1_028,7.98,0.0,0.5602956753549977
2016-04-09,TX_2,HOBBIES_1_028,7.98,2.0,0.5324854959508979
2016-04-10,TX_2,HOBBIES_1_028,7.98,0.0,0.3773955619802755
2016-04-11,TX_2,HOBBIES_1_028,7.98,0.0,0.4430795370371894
2016-04-12,TX_2,HOBBIES_1_028,7.98,0.0,0.4378138962032545
2016-04-13,TX_2,HOBBIES_1_028,7.98,0.0,0.4378138962032545
2016-04-14,TX_2,HOBBIES_1_028,7.98,2.0,0.5041536250537492
2016-04-15,TX_2,HOBBIES_1_028,7.98,0.0,0.5970740514308026
2016-04-16,TX_2,HOBBIES_1_028,7.98,2.0,0.65890290747032
2016-04-17,TX_2,HOBBIES_1_028,7.98,0.0,0.5077136254017615
2016-04-18,TX_2,HOBBIES_1_028,7.98,0.0,0.5385945122033308
2016-04-19,TX_2,HOBBIES_1_028,7.98,0.0,0.4755849091660297
2016-04-20,TX_2,HOBBIES_1_028,7.98,1.0,0.4755849091660297
2016-04-21,TX_2,HOBBIES_1_028,7.98,0.0,0.5379639999545759
2016-04-22,TX_2,HOBBIES_1_028,7.98,1.0,0.673498994127326
2016-04-23,TX_2,HOBBIES_1_028,7.98,0.0,0.6252952360407673
2016-03-26,TX_2,HOBBIES_1_029,8.98,0.0,1.4230122338945974
2016-03-27,TX_2,HOBBIES_1_029,8.98,0.0,1.1590638290875428
2016-03-28,TX_2,HOBBIES_1_029,8.98,1.0,1.0495782319916949
2016-03-29,TX_2,HOBBIES_1_029,8.98,0.0,0.926176502697547
2016-03-30,TX_2,HOBBIES_1_029,8.98,0.0,1.0099090082798716
2016-03-31,TX_2,HOBBIES_1_029,8.98,0.0,1.036126544566315
2016-04-01,TX_2,HOBBIES_1_029,8.98,0.0,1.1983898682178533
2016-04-02,TX_2,HOBBIES_1_029,8.98,3.0,1.0816237047494657
2016-04-03,TX_2,HOBBIES_1_029,8.98,2.0,0.6939219988150519
2016-04-04,TX_2,HOBBIES_1_029,8.98,2.0,0.6908766783826614
2016-04-05,TX_2,HOBBIES_1_029,8.98,1.0,0.7953791047842317
2016-04-06,TX_2,HOBBIES_1_029,8.98,1.0,0.8888069499877169
2016-04-07,TX_2,HOBBIES_1_029,8.98,1.0,1.0883861973019047
2016-04-08,TX_2,HOBBIES_1_029,8.98,1.0,1.3055484608094134
2016-04-09,TX_2,HOBBIES_1_029,8.98,1.0,1.3146034746781412
2016-04-10,TX_2,HOBBIES_1_029,8.98,1.0,1.0552903733571846
2016-04-11,TX_2,HOBBIES_1_029,8.98,1.0,0.9123392146391341
2016-04-12,TX_2,HOBBIES_1_029,8.98,4.0,0.9033798568336591
2016-04-13,TX_2,HOBBIES_1_029,8.98,1.0,0.8170812211522377
2016-04-14,TX_2,HOBBIES_1_029,8.98,1.0,1.1577384630192145
2016-04-15,TX_2,HOBBIES_1_029,8.98,0.0,1.409943845253037
2016-04-16,TX_2,HOBBIES_1_029,8.98,1.0,1.406726852242611
2016-04-17,TX_2,HOBBIES_1_029,8.98,2.0,1.0978610732263183
2016-04-18,TX_2,HOBBIES_1_029,8.98,1.0,0.9695948601129455
2016-04-19,TX_2,HOBBIES_1_029,8.98,0.0,1.0560330679117753
2016-04-20,TX_2,HOBBIES_1_029,8.98,0.0,1.1508322467443708
2016-04-21,TX_2,HOBBIES_1_029,8.98,1.0,1.0347422651918528
2016-04-22,TX_2,HOBBIES_1_029,8.98,1.0,1.1826304054031465
2016-04-23,TX_2,HOBBIES_1_029,8.98,1.0,1.101935697972164
2016-03-26,TX_2,HOBBIES_1_030,0.7,7.0,3.1024397595084627
2016-03-27,TX_2,HOBBIES_1_030,0.7,5.0,2.7760656791769986
2016-03-28,TX_2,HOBBIES_1_030,0.7,4.0,2.3892715302829473
2016-03-29,TX_2,HOBBIES_1_030,0.7,0.0,2.6640246310017086
2016-03-30,TX_2,HOBBIES_1_030,0.7,0.0,2.4217788053134686
2016-03-31,TX_2,HOBBIES_1_030,0.7,6.0,2.8170854551465294
2016-04-01,TX_2,HOBBIES_1_030,0.7,6.0,3.3319637245426734
2016-04-02,TX_2,HOBBIES_1_030,0.7,1.0,3.68284711599425
2016-04-03,TX_2,HOBBIES_1_030,0.7,0.0,3.2299210323384995
2016-04-04,TX_2,HOBBIES_1_030,0.7,1.0,2.873787234010038
2016-04-05,TX_2,HOBBIES_1_030,0.7,0.0,2.559461018186636
2016-04-06,TX_2,HOBBIES_1_030,0.7,0.0,2.4011859970344727
2016-04-07,TX_2,HOBBIES_1_030,0.7,9.0,2.756635097751596
2016-04-08,TX_2,HOBBIES_1_030,0.7,4.0,3.0861928054994476
2016-04-09,TX_2,HOBBIES_1_030,0.7,0.0,3.384524685995095
2016-04-10,TX_2,HOBBIES_1_030,0.7,2.0,2.9182927012460764
2016-04-11,TX_2,HOBBIES_1_030,0.7,0.0,2.3178049791386055
2016-04-12,TX_2,HOBBIES_1_030,0.7,8.0,2.3928146582032164
2016-04-13,TX_2,HOBBIES_1_030,0.7,3.0,2.32610731972621
2016-04-14,TX_2,HOBBIES_1_030,0.7,0.0,3.011428052359132
2016-04-15,TX_2,HOBBIES_1_030,0.7,2.0,3.645448676126828
2016-04-16,TX_2,HOBBIES_1_030,0.7,8.0,3.094130999790432
2016-04-17,TX_2,HOBBIES_1_030,0.7,0.0,2.732754006927986
2016-04-18,TX_2,HOBBIES_1_030,0.7,2.0,2.285995101923793
2016-04-19,TX_2,HOBBIES_1_030,0.7,3.0,2.366362878772904
2016-04-20,TX_2,HOBBIES_1_030,0.7,1.0,2.5041225465229173
2016-04-21,TX_2,HOBBIES_1_030,0.7,3.0,2.9286353840283086
2016-04-22,TX_2,HOBBIES_1_030,0.7,7.0,3.252368877491073
2016-04-23,TX_2,HOBBIES_1_030,0.7,0.0,3.4868094499333266
2016-03-26,TX_3,HOBBIES_1_001,8.26,1.0,0.5641945980086548
2016-03-27,TX_3,HOBBIES_1_001,8.26,0.0,0.45066096302387576
2016-03-28,TX_3,HOBBIES_1_001,8.26,1.0,0.45540031796524405
2016-03-29,TX_3,HOBBIES_1_001,8.26,0.0,0.39348725368469917
2016-03-30,TX_3,HOBBIES_1_001,8.26,0.0,0.45176855034929797
2016-03-31,TX_3,HOBBIES_1_001,8.26,1.0,0.5170861530769459
2016-04-01,TX_3,HOBBIES_1_001,8.26,0.0,0.49414618997548093
2016-04-02,TX_3,HOBBIES_1_001,8.26,0.0,0.5654785109843579
2016-04-03,TX_3,HOBBIES_1_001,8.26,1.0,0.4383401820958212
2016-04-04,TX_3,HOBBIES_1_001,8.26,0.0,0.3923740985248727
2016-04-05,TX_3,HOBBIES_1_001,8.26,0.0,0.4203864791769226
2016-04-06,TX_3,HOBBIES_1_001,8.26,1.0,0.35417621822744194
2016-04-07,TX_3,HOBBIES_1_001,8.26,0.0,0.39577139236293624
2016-04-08,TX_3,HOBBIES_1_001,8.26,1.0,0.5304976236973525
2016-04-09,TX_3,HOBBIES_1_001,8.26,0.0,0.4422292714370964
2016-04-10,TX_3,HOBBIES_1_001,8.26,0.0,0.3484842844436183
2016-04-11,TX_3,HOBBIES_1_001,8.26,1.0,0.3277234429597148
2016-04-12,TX_3,HOBBIES_1_001,8.26,0.0,0.30497670314159975
2016-04-13,TX_3,HOBBIES_1_001,8.26,0.0,0.33298908379364967
2016-04-14,TX_3,HOBBIES_1_001,8.26,0.0,0.3908630263886237
2016-04-15,TX_3,HOBBIES_1_001,8.26,3.0,0.4177911586550947
2016-04-16,TX_3,HOBBIES_1_001,8.26,0.0,0.4145741656446688
2016-04-17,TX_3,HOBBIES_1_001,8.26,0.0,0.45850661154663414
2016-04-18,TX_3,HOBBIES_1_001,8.26,0.0,0.4316851339821304
2016-04-19,TX_3,HOBBIES_1_001,8.26,0.0,0.4316851339821304
2016-04-20,TX_3,HOBBIES_1_001,8.26,0.0,0.4274416192710422
2016-04-21,TX_3,HOBBIES_1_001,8.26,0.0,0.5438132889988092
2016-04-22,TX_3,HOBBIES_1_001,8.26,0.0,0.4528586794012642
2016-04-23,TX_3,HOBBIES_1_001,8.26,0.0,0.4496416863908383
2016-03-26,TX_3,HOBBIES_1_002,3.97,0.0,0.2863028140549766
2016-03-27,TX_3,HOBBIES_1_002,3.97,0.0,0.12597202646548694
2016-03-28,TX_3,HOBBIES_1_002,3.97,0.0,0.11334350333091008
2016-03-29,TX_3,HOBBIES_1_002,3.97,0.0,0.11334350333091008
2016-03-30,TX_3,HOBBIES_1_002,3.97,1.0,0.11334350333091008
2016-03-31,TX_3,HOBBIES_1_002,3.97,0.0,0.1520775082587177
2016-04-01,TX_3,HOBBIES_1_002,3.97,0.0,0.2650559641795308
2016-04-02,TX_3,HOBBIES_1_002,3.97,0.0,0.24823427726534722
2016-04-03,TX_3,HOBBIES_1_002,3.97,0.0,0.17487800704986645
2016-04-04,TX_3,HOBBIES_1_002,3.97,0.0,0.16534254664293965
2016-04-05,TX_3,HOBBIES_1_002,3.97,0.0,0.1457847482140762
2016-04-06,TX_3,HOBBIES_1_002,3.97,1.0,0.1457847482140762
2016-04-07,TX_3,HOBBIES_1_002,3.97,0.0,0.18451875314188362
2016-04-08,TX_3,HOBBIES_1_002,3.97,0.0,0.2650559641795308
2016-04-09,TX_3,HOBBIES_1_002,3.97,0.0,0.24823427726534722
2016-04-10,TX_3,HOBBIES_1_002,3.97,0.0,0.17487800704986645
2016-04-11,TX_3,HOBBIES_1_002,3.97,0.0,0.16534254664293965
2016-04-12,TX_3,HOBBIES_1_002,3.97,0.0,0.16534254664293965
2016-04-13,TX_3,HOBBIES_1_002,3.97,0.0,0.16534254664293965
2016-04-14,TX_3,HOBBIES_1_002,3.97,0.0,0.20407655157074714
2016-04-15,TX_3,HOBBIES_1_002,3.97,0.0,0.20974424156578111
2016-04-16,TX_3,HOBBIES_1_002,3.97,1.0,0.20652724855535523
2016-04-17,TX_3,HOBBIES_1_002,3.97,0.0,0.10764453921754871
2016-04-18,TX_3,HOBBIES_1_002,3.97,0.0,0.15105038904801107
2016-04-19,TX_3,HOBBIES_1_002,3.97,0.0,0.1457847482140762
2016-04-20,TX_3,HOBBIES_1_002,3.97,0.0,0.1457847482140762
2016-04-21,TX_3,HOBBIES_1_002,3.97,0.0,0.18451875314188362
2016-04-22,TX_3,HOBBIES_1_002,3.97,0.0,0.23189347184690956
2016-04-23,TX_3,HOBBIES_1_002,3.97,1.0,0.22867647883648368
2016-03-26,TX_3,HOBBIES_1_003,2.97,1.0,0.31206104420498293
2016-03-27,TX_3,HOBBIES_1_003,2.97,0.0,0.21658544400129284
2016-03-28,TX_3,HOBBIES_1_003,2.97,1.0,0.25313251633820266
2016-03-29,TX_3,HOBBIES_1_003,2.97,0.0,0.24260547090528023
2016-03-30,TX_3,HOBBIES_1_003,2.97,0.0,0.299166215135257
2016-03-31,TX_3,HOBBIES_1_003,2.97,1.0,0.3491117934494334
2016-04-01,TX_3,HOBBIES_1_003,2.97,0.0,0.39078268279166195
2016-04-02,TX_3,HOBBIES_1_003,2.97,0.0,0.4494547856335098
2016-04-03,TX_3,HOBBIES_1_003,2.97,1.0,0.29974684524740475
2016-04-04,TX_3,HOBBIES_1_003,2.97,0.0,0.2658924298842199
2016-04-05,TX_3,HOBBIES_1_003,2.97,0.0,0.3232458761368051
2016-04-06,TX_3,HOBBIES_1_003,2.97,0.0,0.28997209088576814
2016-04-07,TX_3,HOBBIES_1_003,2.97,1.0,0.3504447146328668
2016-04-08,TX_3,HOBBIES_1_003,2.97,0.0,0.4148623437932102
2016-04-09,TX_3,HOBBIES_1_003,2.97,0.0,0.45001795202887673
2016-04-10,TX_3,HOBBIES_1_003,2.97,0.0,0.27700010542928993
2016-04-11,TX_3,HOBBIES_1_003,2.97,1.0,0.2658924298842199
2016-04-12,TX_3,HOBBIES_1_003,2.97,0.0,0.23494813815078422
2016-04-13,TX_3,HOBBIES_1_003,2.97,1.0,0.27641947531714217
2016-04-14,TX_3,HOBBIES_1_003,2.97,1.0,0.32636505363131857
2016-04-15,TX_3,HOBBIES_1_003,2.97,0.0,0.4564751821140697
2016-04-16,TX_3,HOBBIES_1_003,2.97,0.0,0.47276469184699166
2016-04-17,TX_3,HOBBIES_1_003,2.97,1.0,0.3471364124624347
2016-04-18,TX_3,HOBBIES_1_003,2.97,0.0,0.3360287369173647
2016-04-19,TX_3,HOBBIES_1_003,2.97,0.0,0.3683080288413514
2016-04-20,TX_3,HOBBIES_1_003,2.97,0.0,0.3535374686973407
2016-04-21,TX_3,HOBBIES_1_003,2.97,0.0,0.4226061677780579
2016-04-22,TX_3,HOBBIES_1_003,2.97,0.0,0.4381722500066918
2016-04-23,TX_3,HOBBIES_1_003,2.97,0.0,0.40020756179269645
2016-03-26,TX_3,HOBBIES_1_004,4.64,0.0,0.4490761674038952
2016-03-27,TX_3,HOBBIES_1_004,4.64,0.0,0.5748214282977955
2016-03-28,TX_3,HOBBIES_1_004,4.64,0.0,0.5371265993384751
2016-03-29,TX_3,HOBBIES_1_004,4.64,0.0,0.5126313475091411
2016-03-30,TX_3,HOBBIES_1_004,4.64,0.0,0.5126313475091411
2016-03-31,TX_3,HOBBIES_1_004,4.64,1.0,0.5849100042410355
2016-04-01,TX_3,HOBBIES_1_004,4.64,4.0,0.6868582312241881
2016-04-02,TX_3,HOBBIES_1_004,4.64,0.0,0.7534502052959314
2016-04-03,TX_3,HOBBIES_1_004,4.64,4.0,0.6659812418317986
2016-04-04,TX_3,HOBBIES_1_004,4.64,0.0,0.608192176004539
2016-04-05,TX_3,HOBBIES_1_004,4.64,0.0,0.7493512090903338
2016-04-06,TX_3,HOBBIES_1_004,4.64,0.0,0.7509510820223027
2016-04-07,TX_3,HOBBIES_1_004,4.64,1.0,0.8424185484388487
2016-04-08,TX_3,HOBBIES_1_004,4.64,4.0,1.0245291194705848
2016-04-09,TX_3,HOBBIES_1_004,4.64,2.0,1.1122830593285338
2016-04-10,TX_3,HOBBIES_1_004,4.64,1.0,0.9634603865276367
2016-04-11,TX_3,HOBBIES_1_004,4.64,0.0,1.0103893099921586
2016-04-12,TX_3,HOBBIES_1_004,4.64,0.0,0.9535864675237598
2016-04-13,TX_3,HOBBIES_1_004,4.64,0.0,0.948320826689825
2016-04-14,TX_3,HOBBIES_1_004,4.64,0.0,1.081156326252226
2016-04-15,TX_3,HOBBIES_1_004,4.64,0.0,1.0845312319015974
2016-04-16,TX_3,HOBBIES_1_004,4.64,0.0,1.0392863138309942
2016-04-17,TX_3,HOBBIES_1_004,4.64,0.0,0.7111729602163503
2016-04-18,TX_3,HOBBIES_1_004,4.64,0.0,0.6010595362010338
2016-04-19,TX_3,HOBBIES_1_004,4.64,0.0,0.568618291317868
2016-04-20,TX_3,HOBBIES_1_004,4.64,0.0,0.568618291317868
2016-04-21,TX_3,HOBBIES_1_004,4.64,0.0,0.6703170051919771
2016-04-22,TX_3,HOBBIES_1_004,4.64,4.0,0.780201394155348
2016-04-23,TX_3,HOBBIES_1_004,4.64,2.0,0.7914265633696803
2016-03-26,TX_3,HOBBIES_1_005,2.73,0.0,0.6931704737572244
2016-03-27,TX_3,HOBBIES_1_005,2.73,0.0,0.4800310615861169
2016-03-28,TX_3,HOBBIES_1_005,2.73,0.0,0.4593844072297921
2016-03-29,TX_3,HOBBIES_1_005,2.73,0.0,0.4593844072297921
2016-03-30,TX_3,HOBBIES_1_005,2.73,2.0,0.4366376674116772
2016-03-31,TX_3,HOBBIES_1_005,2.73,0.0,0.48220573489163326
2016-04-01,TX_3,HOBBIES_1_005,2.73,1.0,0.7063398442358202
2016-04-02,TX_3,HOBBIES_1_005,2.73,0.0,0.655994491099163
2016-04-03,TX_3,HOBBIES_1_005,2.73,2.0,0.48465108528568596
2016-04-04,TX_3,HOBBIES_1_005,2.73,1.0,0.4593844072297921
2016-04-05,TX_3,HOBBIES_1_005,2.73,0.0,0.5233050739831573
2016-04-06,TX_3,HOBBIES_1_005,2.73,1.0,0.5673537353986362
2016-04-07,TX_3,HOBBIES_1_005,2.73,0.0,0.6427656766514285
2016-04-08,TX_3,HOBBIES_1_005,2.73,0.0,0.7941244606323069
2016-04-09,TX_3,HOBBIES_1_005,2.73,1.0,0.7682379656490024
2016-04-10,TX_3,HOBBIES_1_005,2.73,1.0,0.5676340524140842
2016-04-11,TX_3,HOBBIES_1_005,2.73,1.0,0.5652895733718174
2016-04-12,TX_3,HOBBIES_1_005,2.73,2.0,0.530548583672663
2016-04-13,TX_3,HOBBIES_1_005,2.73,0.0,0.5539104797252373
2016-04-14,TX_3,HOBBIES_1_005,2.73,0.0,0.6881176685454407
2016-04-15,TX_3,HOBBIES_1_005,2.73,1.0,0.7752583621295622
2016-04-16,TX_3,HOBBIES_1_005,2.73,0.0,0.7682379656490024
2016-04-17,TX_3,HOBBIES_1_005,2.73,1.0,0.5757605326792236
2016-04-18,TX_3,HOBBIES_1_005,2.73,0.0,0.4970185657355284
2016-04-19,TX_3,HOBBIES_1_005,2.73,0.0,0.5419276773192431
2016-04-20,TX_3,HOBBIES_1_005,2.73,0.0,0.4856394720889484
2016-04-21,TX_3,HOBBIES_1_005,2.73,0.0,0.5269574240000999
2016-04-22,TX_3,HOBBIES_1_005,2.73,1.0,0.6363328440946654
2016-04-23,TX_3,HOBBIES_1_005,2.73,1.0,0.6155050502390742
2016-03-26,TX_3,HOBBIES_1_006,0.96,0.0,0.7123579127197689
2016-03-27,TX_3,HOBBIES_1_006,0.96,0.0,0.5613779881719881
2016-03-28,TX_3,HOBBIES_1_006,0.96,0.0,0.538719553677315
2016-03-29,TX_3,HOBBIES_1_006,0.96,1.0,0.538719553677315
2016-03-30,TX_3,HOBBIES_1_006,0.96,0.0,0.4934471111628265
2016-03-31,TX_3,HOBBIES_1_006,0.96,0.0,0.6342538861580428
2016-04-01,TX_3,HOBBIES_1_006,0.96,0.0,0.5884655198886468
2016-04-02,TX_3,HOBBIES_1_006,0.96,0.0,0.5571728790373809
2016-04-03,TX_3,HOBBIES_1_006,0.96,2.0,0.44025452258785336
2016-04-04,TX_3,HOBBIES_1_006,0.96,0.0,0.44658415751926944
2016-04-05,TX_3,HOBBIES_1_006,0.96,0.0,0.602575021709818
2016-04-06,TX_3,HOBBIES_1_006,0.96,1.0,0.5827023804534537
2016-04-07,TX_3,HOBBIES_1_006,0.96,0.0,0.6230661454993277
2016-04-08,TX_3,HOBBIES_1_006,0.96,0.0,0.8127868553965508
2016-04-09,TX_3,HOBBIES_1_006,0.96,1.0,0.7457378388844217
2016-04-10,TX_3,HOBBIES_1_006,0.96,0.0,0.5838164056547123
2016-04-11,TX_3,HOBBIES_1_006,0.96,0.0,0.602575021709818
2016-04-12,TX_3,HOBBIES_1_006,0.96,1.0,0.49907285854611966
2016-04-13,TX_3,HOBBIES_1_006,0.96,1.0,0.47752844925270505
2016-04-14,TX_3,HOBBIES_1_006,0.96,1.0,0.6342538861580428
2016-04-15,TX_3,HOBBIES_1_006,0.96,0.0,0.7797028714931066
2016-04-16,TX_3,HOBBIES_1_006,0.96,1.0,0.7484102306418406
2016-04-17,TX_3,HOBBIES_1_006,0.96,0.0,0.5456185253572813
2016-04-18,TX_3,HOBBIES_1_006,0.96,1.0,0.602575021709818
2016-04-19,TX_3,HOBBIES_1_006,0.96,0.0,0.5827023804534537
2016-04-20,TX_3,HOBBIES_1_006,0.96,0.0,0.5484584795022658
2016-04-21,TX_3,HOBBIES_1_006,0.96,0.0,0.6143812449016784
2016-04-22,TX_3,HOBBIES_1_006,0.96,0.0,0.6371863474395585
2016-04-23,TX_3,HOBBIES_1_006,0.96,1.0,0.5604620649783889
2016-03-26,TX_3,HOBBIES_1_007,7.88,0.0,0.4179036903472208
2016-03-27,TX_3,HOBBIES_1_007,7.88,0.0,0.30431142962950025
2016-03-28,TX_3,HOBBIES_1_007,7.88,0.0,0.23321377341470637
2016-03-29,TX_3,HOBBIES_1_007,7.88,0.0,0.23321377341470637
2016-03-30,TX_3,HOBBIES_1_007,7.88,0.0,0.20913411241315816
2016-03-31,TX_3,HOBBIES_1_007,7.88,0.0,0.2636776205084488
2016-04-01,TX_3,HOBBIES_1_007,7.88,1.0,0.27228139353328756
2016-04-02,TX_3,HOBBIES_1_007,7.88,0.0,0.2273573718128696
2016-04-03,TX_3,HOBBIES_1_007,7.88,0.0,0.2301428708880715
2016-04-04,TX_3,HOBBIES_1_007,7.88,0.0,0.20913411241315816
2016-04-05,TX_3,HOBBIES_1_007,7.88,0.0,0.20913411241315816
2016-04-06,TX_3,HOBBIES_1_007,7.88,0.0,0.20913411241315816
2016-04-07,TX_3,HOBBIES_1_007,7.88,1.0,0.23473496640453315
2016-04-08,TX_3,HOBBIES_1_007,7.88,1.0,0.27228139353328756
2016-04-09,TX_3,HOBBIES_1_007,7.88,0.0,0.34776738331407603
2016-04-10,TX_3,HOBBIES_1_007,7.88,0.0,0.2851668236230555
2016-04-11,TX_3,HOBBIES_1_007,7.88,1.0,0.2641580651481422
2016-04-12,TX_3,HOBBIES_1_007,7.88,0.0,0.2641580651481422
2016-04-13,TX_3,HOBBIES_1_007,7.88,0.0,0.2921704458001918
2016-04-14,TX_3,HOBBIES_1_007,7.88,0.0,0.3173686520599992
2016-04-15,TX_3,HOBBIES_1_007,7.88,1.0,0.3601264222388593
2016-04-16,TX_3,HOBBIES_1_007,7.88,0.0,0.3341626894103186
2016-04-17,TX_3,HOBBIES_1_007,7.88,0.0,0.2851668236230555
2016-04-18,TX_3,HOBBIES_1_007,7.88,1.0,0.21679144516765414
2016-04-19,TX_3,HOBBIES_1_007,7.88,0.0,0.21679144516765414
2016-04-20,TX_3,HOBBIES_1_007,7.88,0.0,0.2453440449805285
2016-04-21,TX_3,HOBBIES_1_007,7.88,0.0,0.2946219122418844
2016-04-22,TX_3,HOBBIES_1_007,7.88,0.0,0.3373796824207445
2016-04-23,TX_3,HOBBIES_1_007,7.88,1.0,0.30000869225629717
2016-03-26,TX_3,HOBBIES_1_008,0.48,6.0,2.903591527192152
2016-03-27,TX_3,HOBBIES_1_008,0.48,2.0,2.5863720565035133
2016-03-28,TX_3,HOBBIES_1_008,0.48,2.0,2.855901022095533
2016-03-29,TX_3,HOBBIES_1_008,0.48,5.0,2.892172137827434
2016-03-30,TX_3,HOBBIES_1_008,0.48,4.0,2.9208244551978493
2016-03-31,TX_3,HOBBIES_1_008,0.48,1.0,3.6380902750826047
2016-04-01,TX_3,HOBBIES_1_008,0.48,2.0,3.759038241852952
2016-04-02,TX_3,HOBBIES_1_008,0.48,0.0,3.4458001717037625
2016-04-03,TX_3,HOBBIES_1_008,0.48,0.0,2.917380787367253
2016-04-04,TX_3,HOBBIES_1_008,0.48,0.0,2.5738965151139905
2016-04-05,TX_3,HOBBIES_1_008,0.48,13.0,2.523721421756992
2016-04-06,TX_3,HOBBIES_1_008,0.48,0.0,2.3587824778257995
2016-04-07,TX_3,HOBBIES_1_008,0.48,0.0,3.170612976076387
2016-04-08,TX_3,HOBBIES_1_008,0.48,0.0,2.876068655103434
2016-04-09,TX_3,HOBBIES_1_008,0.48,0.0,2.831048195337685
2016-04-10,TX_3,HOBBIES_1_008,0.48,6.0,2.230641814972737
2016-04-11,TX_3,HOBBIES_1_008,0.48,2.0,2.1930939291693448
2016-04-12,TX_3,HOBBIES_1_008,0.48,4.0,2.718602393009778
2016-04-13,TX_3,HOBBIES_1_008,0.48,0.0,2.8723764286204374
2016-04-14,TX_3,HOBBIES_1_008,0.48,4.0,3.2795757115929476
2016-04-15,TX_3,HOBBIES_1_008,0.48,2.0,3.1723746176587193
2016-04-16,TX_3,HOBBIES_1_008,0.48,2.0,3.1595293368891877
2016-04-17,TX_3,HOBBIES_1_008,0.48,0.0,2.588800124828924
2016-04-18,TX_3,HOBBIES_1_008,0.48,7.0,2.7005472779438344
2016-04-19,TX_3,HOBBIES_1_008,0.48,0.0,2.3588080913089136
2016-04-20,TX_3,HOBBIES_1_008,0.48,6.0,2.905573711884773
2016-04-21,TX_3,HOBBIES_1_008,0.48,0.0,2.9442394334914423
2016-04-22,TX_3,HOBBIES_1_008,0.48,0.0,3.879876761922573
2016-04-23,TX_3,HOBBIES_1_008,0.48,1.0,3.1573942187361648
2016-03-26,TX_3,HOBBIES_1_009,1.63,0.0,0.37550704007389124
2016-03-27,TX_3,HOBBIES_1_009,1.63,0.0,0.2628203901812815
2016-03-28,TX_3,HOBBIES_1_009,1.63,0.0,0.22853245991365
2016-03-29,TX_3,HOBBIES_1_009,1.63,1.0,0.2044527989121017
2016-03-30,TX_3,HOBBIES_1_009,1.63,0.0,0.2044527989121017
2016-03-31,TX_3,HOBBIES_1_009,1.63,0.0,0.34532111201700344
2016-04-01,TX_3,HOBBIES_1_009,1.63,3.0,0.36015699364287374
2016-04-02,TX_3,HOBBIES_1_009,1.63,1.0,0.3482116346726109
2016-04-03,TX_3,HOBBIES_1_009,1.63,1.0,0.3854049307663808
2016-04-04,TX_3,HOBBIES_1_009,1.63,0.0,0.4173111582088605
2016-04-05,TX_3,HOBBIES_1_009,1.63,0.0,0.42697775347354666
2016-04-06,TX_3,HOBBIES_1_009,1.63,1.0,0.4164507080406244
2016-04-07,TX_3,HOBBIES_1_009,1.63,0.0,0.4672567365230369
2016-04-08,TX_3,HOBBIES_1_009,1.63,1.0,0.5493627830833978
2016-04-09,TX_3,HOBBIES_1_009,1.63,0.0,0.5185513256103903
2016-04-10,TX_3,HOBBIES_1_009,1.63,0.0,0.39639405605180833
2016-04-11,TX_3,HOBBIES_1_009,1.63,0.0,0.35209213539008094
2016-04-12,TX_3,HOBBIES_1_009,1.63,0.0,0.32934539557196624
2016-04-13,TX_3,HOBBIES_1_009,1.63,0.0,0.32934539557196624
2016-04-14,TX_3,HOBBIES_1_009,1.63,0.0,0.389818019319065
2016-04-15,TX_3,HOBBIES_1_009,1.63,0.0,0.42499360501710576
2016-04-16,TX_3,HOBBIES_1_009,1.63,0.0,0.4130482460468428
2016-04-17,TX_3,HOBBIES_1_009,1.63,0.0,0.2395104839677994
2016-04-18,TX_3,HOBBIES_1_009,1.63,0.0,0.22853245991365
2016-04-19,TX_3,HOBBIES_1_009,1.63,0.0,0.22853245991365
2016-04-20,TX_3,HOBBIES_1_009,1.63,0.0,0.22853245991365
2016-04-21,TX_3,HOBBIES_1_009,1.63,0.0,0.2890050836607487
2016-04-22,TX_3,HOBBIES_1_009,1.63,0.0,0.331120583811352
2016-04-23,TX_3,HOBBIES_1_009,1.63,0.0,0.3191752248410892
2016-03-26,TX_3,HOBBIES_1_010,2.97,1.0,0.7307015189276358
2016-03-27,TX_3,HOBBIES_1_010,2.97,0.0,0.4895949442500597
2016-03-28,TX_3,HOBBIES_1_010,2.97,1.0,0.4919230028107824
2016-03-29,TX_3,HOBBIES_1_010,2.97,0.0,0.4593844072297921
2016-03-30,TX_3,HOBBIES_1_010,2.97,1.0,0.47853573727651155
2016-03-31,TX_3,HOBBIES_1_010,2.97,0.0,0.5539476785293032
2016-04-01,TX_3,HOBBIES_1_010,2.97,2.0,0.7219624525934886
2016-04-02,TX_3,HOBBIES_1_010,2.97,2.0,0.6696899676775797
2016-04-03,TX_3,HOBBIES_1_010,2.97,1.0,0.5878766844713215
2016-04-04,TX_3,HOBBIES_1_010,2.97,0.0,0.608175962462104
2016-04-05,TX_3,HOBBIES_1_010,2.97,0.0,0.632671214291438
2016-04-06,TX_3,HOBBIES_1_010,2.97,0.0,0.5976489170291819
2016-04-07,TX_3,HOBBIES_1_010,2.97,1.0,0.6933500859272254
2016-04-08,TX_3,HOBBIES_1_010,2.97,2.0,0.8293232409180346
2016-04-09,TX_3,HOBBIES_1_010,2.97,0.0,0.8125301222311402
2016-04-10,TX_3,HOBBIES_1_010,2.97,1.0,0.6285631265504447
2016-04-11,TX_3,HOBBIES_1_010,2.97,0.0,0.5608437653032087
2016-04-12,TX_3,HOBBIES_1_010,2.97,0.0,0.5713708107361308
2016-04-13,TX_3,HOBBIES_1_010,2.97,0.0,0.5608437653032087
2016-04-14,TX_3,HOBBIES_1_010,2.97,2.0,0.6565449342012522
2016-04-15,TX_3,HOBBIES_1_010,2.97,1.0,0.7638792684829822
2016-04-16,TX_3,HOBBIES_1_010,2.97,2.0,0.8411689429402194
2016-04-17,TX_3,HOBBIES_1_010,2.97,2.0,0.5764975908247414
2016-04-18,TX_3,HOBBIES_1_010,2.97,0.0,0.608175962462104
2016-04-19,TX_3,HOBBIES_1_010,2.97,0.0,0.6638731855268124
2016-04-20,TX_3,HOBBIES_1_010,2.97,0.0,0.6533461400938902
2016-04-21,TX_3,HOBBIES_1_010,2.97,1.0,0.7490473089919337
2016-04-22,TX_3,HOBBIES_1_010,2.97,0.0,0.8946870592474292
2016-04-23,TX_3,HOBBIES_1_010,2.97,0.0,0.8508355382049057
2016-03-26,TX_3,HOBBIES_1_011,3.48,0.0,0.49678102634713617
2016-03-27,TX_3,HOBBIES_1_011,3.48,0.0,0.36904601470964243
2016-03-28,TX_3,HOBBIES_1_011,3.48,2.0,0.3496181185533376
2016-03-29,TX_3,HOBBIES_1_011,3.48,0.0,0.3496181185533376
2016-03-30,TX_3,HOBBIES_1_011,3.48,0.0,0.41886956368920625
2016-03-31,TX_3,HOBBIES_1_011,3.48,0.0,0.4790692152304429
2016-04-01,TX_3,HOBBIES_1_011,3.48,0.0,0.5690476165681057
2016-04-02,TX_3,HOBBIES_1_011,3.48,1.0,0.5208046653522551
2016-04-03,TX_3,HOBBIES_1_011,3.48,1.0,0.3855794674645748
2016-04-04,TX_3,HOBBIES_1_011,3.48,0.0,0.37642816868068674
2016-04-05,TX_3,HOBBIES_1_011,3.48,0.0,0.41886956368920625
2016-04-06,TX_3,HOBBIES_1_011,3.48,0.0,0.3866136683260679
2016-04-07,TX_3,HOBBIES_1_011,3.48,0.0,0.4181245951148971
2016-04-08,TX_3,HOBBIES_1_011,3.48,0.0,0.4973396148776235
2016-04-09,TX_3,HOBBIES_1_011,3.48,1.0,0.4941226218671984
2016-04-10,TX_3,HOBBIES_1_011,3.48,2.0,0.36966080555445374
2016-04-11,TX_3,HOBBIES_1_011,3.48,0.0,0.3918793091600029
2016-04-12,TX_3,HOBBIES_1_011,3.48,1.0,0.43745636203000504
2016-04-13,TX_3,HOBBIES_1_011,3.48,0.0,0.43219072119607016
2016-04-14,TX_3,HOBBIES_1_011,3.48,2.0,0.48857837077546584
2016-04-15,TX_3,HOBBIES_1_011,3.48,0.0,0.573291131279194
2016-04-16,TX_3,HOBBIES_1_011,3.48,0.0,0.6572623599743037
2016-04-17,TX_3,HOBBIES_1_011,3.48,0.0,0.48958638026681617
2016-04-18,TX_3,HOBBIES_1_011,3.48,0.0,0.4407424793165582
2016-04-19,TX_3,HOBBIES_1_011,3.48,1.0,0.40936040814418295
2016-04-20,TX_3,HOBBIES_1_011,3.48,0.0,0.37116252784675186
2016-04-21,TX_3,HOBBIES_1_011,3.48,1.0,0.44613697576694644
2016-04-22,TX_3,HOBBIES_1_011,3.48,0.0,0.5308497362706744
2016-04-23,TX_3,HOBBIES_1_011,3.48,0.0,0.5077273157709555
2016-03-26,TX_3,HOBBIES_1_012,6.52,0.0,0.20123943804953787
2016-03-27,TX_3,HOBBIES_1_012,6.52,0.0,0.1448952053996522
2016-03-28,TX_3,HOBBIES_1_012,6.52,0.0,0.1311667925133821
2016-03-29,TX_3,HOBBIES_1_012,6.52,0.0,0.1311667925133821
2016-03-30,TX_3,HOBBIES_1_012,6.52,0.0,0.1311667925133821
2016-03-31,TX_3,HOBBIES_1_012,6.52,0.0,0.1699007974411895
2016-04-01,TX_3,HOBBIES_1_012,6.52,1.0,0.20445643105996375
2016-04-02,TX_3,HOBBIES_1_012,6.52,0.0,0.15582380956756808
2016-04-03,TX_3,HOBBIES_1_012,6.52,0.0,0.15828772293797463
2016-04-04,TX_3,HOBBIES_1_012,6.52,0.0,0.1440502389676845
2016-04-05,TX_3,HOBBIES_1_012,6.52,1.0,0.1440502389676845
2016-04-06,TX_3,HOBBIES_1_012,6.52,0.0,0.1440502389676845
2016-04-07,TX_3,HOBBIES_1_012,6.52,1.0,0.21899417646286237
2016-04-08,TX_3,HOBBIES_1_012,6.52,0.0,0.2575499530745279
2016-04-09,TX_3,HOBBIES_1_012,6.52,0.0,0.3102421922148376
2016-04-10,TX_3,HOBBIES_1_012,6.52,0.0,0.20518767928860354
2016-04-11,TX_3,HOBBIES_1_012,6.52,0.0,0.17499453070112
2016-04-12,TX_3,HOBBIES_1_012,6.52,0.0,0.17499453070112
2016-04-13,TX_3,HOBBIES_1_012,6.52,0.0,0.17499453070112
2016-04-14,TX_3,HOBBIES_1_012,6.52,0.0,0.18278424389549194
2016-04-15,TX_3,HOBBIES_1_012,6.52,2.0,0.2266056613410922
2016-04-16,TX_3,HOBBIES_1_012,6.52,0.0,0.18168163962067438
2016-04-17,TX_3,HOBBIES_1_012,6.52,0.0,0.2468549062402017
2016-04-18,TX_3,HOBBIES_1_012,6.52,0.0,0.2323976537009827
2016-04-19,TX_3,HOBBIES_1_012,6.52,1.0,0.2323976537009827
2016-04-20,TX_3,HOBBIES_1_012,6.52,1.0,0.2323976537009827
2016-04-21,TX_3,HOBBIES_1_012,6.52,0.0,0.2956530178209488
2016-04-22,TX_3,HOBBIES_1_012,6.52,1.0,0.38621100020148125
2016-04-23,TX_3,HOBBIES_1_012,6.52,0.0,0.36938931328729785
2016-03-26,TX_3,HOBBIES_1_013,1.97,0.0,0.16139164869070866
2016-03-27,TX_3,HOBBIES_1_013,1.97,0.0,0.10614874996334826
2016-03-28,TX_3,HOBBIES_1_013,1.97,0.0,0.09676885827572403
2016-03-29,TX_3,HOBBIES_1_013,1.97,0.0,0.09676885827572403
2016-03-30,TX_3,HOBBIES_1_013,1.97,0.0,0.09676885827572403
2016-03-31,TX_3,HOBBIES_1_013,1.97,0.0,0.13973656568502915
2016-04-01,TX_3,HOBBIES_1_013,1.97,0.0,0.1684120451712685
2016-04-02,TX_3,HOBBIES_1_013,1.97,0.0,0.16139164869070866
2016-04-03,TX_3,HOBBIES_1_013,1.97,0.0,0.10614874996334826
2016-04-04,TX_3,HOBBIES_1_013,1.97,0.0,0.09676885827572403
2016-04-05,TX_3,HOBBIES_1_013,1.97,0.0,0.05429026266522834
2016-04-06,TX_3,HOBBIES_1_013,1.97,0.0,0.05429026266522834
2016-04-07,TX_3,HOBBIES_1_013,1.97,0.0,0.07982220836934047
2016-04-08,TX_3,HOBBIES_1_013,1.97,0.0,0.10159980570478938
2016-04-09,TX_3,HOBBIES_1_013,1.97,0.0,0.09457940922422951
2016-04-10,TX_3,HOBBIES_1_013,1.97,0.0,0.059890791091776814
2016-04-11,TX_3,HOBBIES_1_013,1.97,0.0,0.05429026266522834
2016-04-12,TX_3,HOBBIES_1_013,1.97,0.0,0.05429026266522834
2016-04-13,TX_3,HOBBIES_1_013,1.97,0.0,0.05429026266522834
2016-04-14,TX_3,HOBBIES_1_013,1.97,0.0,0.07982220836934047
2016-04-15,TX_3,HOBBIES_1_013,1.97,0.0,0.10159980570478938
2016-04-16,TX_3,HOBBIES_1_013,1.97,0.0,0.09457940922422951
2016-04-17,TX_3,HOBBIES_1_013,1.97,0.0,0.059890791091776814
2016-04-18,TX_3,HOBBIES_1_013,1.97,0.0,0.05429026266522834
2016-04-19,TX_3,HOBBIES_1_013,1.97,0.0,0.05429026266522834
2016-04-20,TX_3,HOBBIES_1_013,1.97,0.0,0.05429026266522834
2016-04-21,TX_3,HOBBIES_1_013,1.97,0.0,0.07982220836934047
2016-04-22,TX_3,HOBBIES_1_013,1.97,0.0,0.10159980570478938
2016-04-23,TX_3,HOBBIES_1_013,1.97,1.0,0.09457940922422951
2016-03-26,TX_3,HOBBIES_1_014,1.16,3.0,3.236748555069621
2016-03-27,TX_3,HOBBIES_1_014,1.16,2.0,2.8994016589610117
2016-03-28,TX_3,HOBBIES_1_014,1.16,3.0,2.6352200542978705
2016-03-29,TX_3,HOBBIES_1_014,1.16,0.0,2.920234187565696
2016-03-30,TX_3,HOBBIES_1_014,1.16,3.0,2.6243217510462156
2016-03-31,TX_3,HOBBIES_1_014,1.16,2.0,3.1571683825483245
2016-04-01,TX_3,HOBBIES_1_014,1.16,0.0,3.3637204060421797
2016-04-02,TX_3,HOBBIES_1_014,1.16,2.0,3.151246640360569
2016-04-03,TX_3,HOBBIES_1_014,1.16,3.0,2.3470671849094553
2016-04-04,TX_3,HOBBIES_1_014,1.16,2.0,2.1284283554853696
2016-04-05,TX_3,HOBBIES_1_014,1.16,0.0,2.124097748957081
2016-04-06,TX_3,HOBBIES_1_014,1.16,1.0,2.138519279761934
2016-04-07,TX_3,HOBBIES_1_014,1.16,6.0,2.586037667386928
2016-04-08,TX_3,HOBBIES_1_014,1.16,1.0,2.8235049451580716
2016-04-09,TX_3,HOBBIES_1_014,1.16,2.0,2.7315889210935826
2016-04-10,TX_3,HOBBIES_1_014,1.16,1.0,2.2727863292389845
2016-04-11,TX_3,HOBBIES_1_014,1.16,7.0,1.8611052334018443
2016-04-12,TX_3,HOBBIES_1_014,1.16,7.0,1.9084610859754676
2016-04-13,TX_3,HOBBIES_1_014,1.16,4.0,1.9899932754074916
2016-04-14,TX_3,HOBBIES_1_014,1.16,3.0,3.007375246012417
2016-04-15,TX_3,HOBBIES_1_014,1.16,2.0,3.358198701699261
2016-04-16,TX_3,HOBBIES_1_014,1.16,3.0,3.005263711625473
2016-04-17,TX_3,HOBBIES_1_014,1.16,0.0,2.5262945329460083
2016-04-18,TX_3,HOBBIES_1_014,1.16,1.0,2.3122728217433255
2016-04-19,TX_3,HOBBIES_1_014,1.16,1.0,2.2893519059034073
2016-04-20,TX_3,HOBBIES_1_014,1.16,0.0,2.2922591374304964
2016-04-21,TX_3,HOBBIES_1_014,1.16,10.0,2.5974366382502616
2016-04-22,TX_3,HOBBIES_1_014,1.16,6.0,2.7222936382728378
2016-04-23,TX_3,HOBBIES_1_014,1.16,3.0,2.5842419382310213
2016-03-26,TX_3,HOBBIES_1_015,0.7,15.0,5.235919117917378
2016-03-27,TX_3,HOBBIES_1_015,0.7,0.0,3.8659404127948798
2016-03-28,TX_3,HOBBIES_1_015,0.7,0.0,7.07046764656097
2016-03-29,TX_3,HOBBIES_1_015,0.7,2.0,2.504456914573058
2016-03-30,TX_3,HOBBIES_1_015,0.7,6.0,2.843471653832712
2016-03-31,TX_3,HOBBIES_1_015,0.7,14.0,3.424649370629616
2016-04-01,TX_3,HOBBIES_1_015,0.7,4.0,4.0828639581810755
2016-04-02,TX_3,HOBBIES_1_015,0.7,10.0,3.6783910595166014
2016-04-03,TX_3,HOBBIES_1_015,0.7,0.0,3.031141893552122
2016-04-04,TX_3,HOBBIES_1_015,0.7,0.0,3.0845906242704544
2016-04-05,TX_3,HOBBIES_1_015,0.7,1.0,3.5473428083521035
2016-04-06,TX_3,HOBBIES_1_015,0.7,1.0,3.1301449097827
2016-04-07,TX_3,HOBBIES_1_015,0.7,3.0,3.9227768908089
2016-04-08,TX_3,HOBBIES_1_015,0.7,2.0,4.2336774416667025
2016-04-09,TX_3,HOBBIES_1_015,0.7,4.0,5.13129476178685
2016-04-10,TX_3,HOBBIES_1_015,0.7,2.0,3.263471746805957
2016-04-11,TX_3,HOBBIES_1_015,0.7,1.0,3.1783856032878006
2016-04-12,TX_3,HOBBIES_1_015,0.7,2.0,3.201110185830042
2016-04-13,TX_3,HOBBIES_1_015,0.7,6.0,3.2147191700453965
2016-04-14,TX_3,HOBBIES_1_015,0.7,0.0,3.7469789562795754
2016-04-15,TX_3,HOBBIES_1_015,0.7,1.0,5.074187441407166
2016-04-16,TX_3,HOBBIES_1_015,0.7,6.0,4.3423486596658805
2016-04-17,TX_3,HOBBIES_1_015,0.7,3.0,4.090875118759538
2016-04-18,TX_3,HOBBIES_1_015,0.7,1.0,3.409720559433041
2016-04-19,TX_3,HOBBIES_1_015,0.7,8.0,3.530601623311259
2016-04-20,TX_3,HOBBIES_1_015,0.7,12.0,3.2772328455083817
2016-04-21,TX_3,HOBBIES_1_015,0.7,2.0,3.870609366715948
2016-04-22,TX_3,HOBBIES_1_015,0.7,2.0,4.452481382676542
2016-04-23,TX_3,HOBBIES_1_015,0.7,27.0,5.7423012557398225
2016-03-26,TX_3,HOBBIES_1_016,0.7,0.0,0.24062701806743866
2016-03-27,TX_3,HOBBIES_1_016,0.7,0.0,0.18921823850009203
2016-03-28,TX_3,HOBBIES_1_016,0.7,0.0,0.18688022405645252
2016-03-29,TX_3,HOBBIES_1_016,0.7,0.0,0.18688022405645252
2016-03-30,TX_3,HOBBIES_1_016,0.7,0.0,0.18688022405645252
2016-03-31,TX_3,HOBBIES_1_016,0.7,0.0,0.23215750465843882
2016-04-01,TX_3,HOBBIES_1_016,0.7,3.0,0.2729131675635831
2016-04-02,TX_3,HOBBIES_1_016,0.7,1.0,0.24062701806743866
2016-04-03,TX_3,HOBBIES_1_016,0.7,0.0,0.8052724548952185
2016-04-04,TX_3,HOBBIES_1_016,0.7,0.0,0.822117182599901
2016-04-05,TX_3,HOBBIES_1_016,0.7,0.0,0.741684392801613
2016-04-06,TX_3,HOBBIES_1_016,0.7,0.0,0.741684392801613
2016-04-07,TX_3,HOBBIES_1_016,0.7,0.0,0.7926173685285754
2016-04-08,TX_3,HOBBIES_1_016,0.7,0.0,0.8625887517646984
2016-04-09,TX_3,HOBBIES_1_016,0.7,0.0,0.8303026022685542
2016-04-10,TX_3,HOBBIES_1_016,0.7,0.0,0.5236827295470309
2016-04-11,TX_3,HOBBIES_1_016,0.7,0.0,0.25116236131711533
2016-04-12,TX_3,HOBBIES_1_016,0.7,0.0,0.25116236131711533
2016-04-13,TX_3,HOBBIES_1_016,0.7,6.0,0.25116236131711533
2016-04-14,TX_3,HOBBIES_1_016,0.7,0.0,0.3020953370440775
2016-04-15,TX_3,HOBBIES_1_016,0.7,0.0,1.0196904065499992
2016-04-16,TX_3,HOBBIES_1_016,0.7,0.0,0.8745846529050083
2016-04-17,TX_3,HOBBIES_1_016,0.7,0.0,0.769030758420662
2016-04-18,TX_3,HOBBIES_1_016,0.7,0.0,0.7685419604452953
2016-04-19,TX_3,HOBBIES_1_016,0.7,0.0,0.7685419604452953
2016-04-20,TX_3,HOBBIES_1_016,0.7,0.0,0.7768443010328996
2016-04-21,TX_3,HOBBIES_1_016,0.7,0.0,0.8363733520934805
2016-04-22,TX_3,HOBBIES_1_016,0.7,0.0,0.428473819233678
2016-04-23,TX_3,HOBBIES_1_016,0.7,0.0,0.39618766973753383
2016-03-26,TX_3,HOBBIES_1_017,1.98,0.0,1.0397035024076278
2016-03-27,TX_3,HOBBIES_1_017,1.98,2.0,0.7449242500610117
2016-03-28,TX_3,HOBBIES_1_017,1.98,1.0,0.690518123134368
2016-03-29,TX_3,HOBBIES_1_017,1.98,0.0,0.7598074874572677
2016-03-30,TX_3,HOBBIES_1_017,1.98,0.0,0.8094445895281964
2016-03-31,TX_3,HOBBIES_1_017,1.98,0.0,0.9775322192872734
2016-04-01,TX_3,HOBBIES_1_017,1.98,0.0,1.0386211819603788
2016-04-02,TX_3,HOBBIES_1_017,1.98,2.0,0.9776831455815254
2016-04-03,TX_3,HOBBIES_1_017,1.98,3.0,0.6534243287995354
2016-04-04,TX_3,HOBBIES_1_017,1.98,0.0,0.6735743458353172
2016-04-05,TX_3,HOBBIES_1_017,1.98,1.0,0.761401892935814
2016-04-06,TX_3,HOBBIES_1_017,1.98,0.0,0.7133310418556582
2016-04-07,TX_3,HOBBIES_1_017,1.98,1.0,0.8787441372027293
2016-04-08,TX_3,HOBBIES_1_017,1.98,1.0,1.0681019527786797
2016-04-09,TX_3,HOBBIES_1_017,1.98,1.0,1.004932057124098
2016-04-10,TX_3,HOBBIES_1_017,1.98,5.0,0.8513404204554185
2016-04-11,TX_3,HOBBIES_1_017,1.98,0.0,0.6638731855268124
2016-04-12,TX_3,HOBBIES_1_017,1.98,0.0,0.787771008702051
2016-04-13,TX_3,HOBBIES_1_017,1.98,3.0,0.7545168120646645
2016-04-14,TX_3,HOBBIES_1_017,1.98,0.0,0.7973956157547073
2016-04-15,TX_3,HOBBIES_1_017,1.98,2.0,1.1400766419076123
2016-04-16,TX_3,HOBBIES_1_017,1.98,0.0,1.0600692867182506
2016-04-17,TX_3,HOBBIES_1_017,1.98,0.0,0.9015568548459668
2016-04-18,TX_3,HOBBIES_1_017,1.98,4.0,0.7667888189438183
2016-04-19,TX_3,HOBBIES_1_017,1.98,0.0,0.6596086185157424
2016-04-20,TX_3,HOBBIES_1_017,1.98,0.0,0.8758149165159329
2016-04-21,TX_3,HOBBIES_1_017,1.98,0.0,0.9982137253105369
2016-04-22,TX_3,HOBBIES_1_017,1.98,0.0,1.1436378030751058
2016-04-23,TX_3,HOBBIES_1_017,1.98,0.0,1.0673065249431006
2016-03-26,TX_3,HOBBIES_1_018,11.88,0.0,0.49615270319959465
2016-03-27,TX_3,HOBBIES_1_018,11.88,1.0,0.38250226126088444
2016-03-28,TX_3,HOBBIES_1_018,11.88,0.0,0.28501557081725293
2016-03-29,TX_3,HOBBIES_1_018,11.88,0.0,0.36092033683178504
2016-03-30,TX_3,HOBBIES_1_018,11.88,0.0,0.35565469599785005
2016-03-31,TX_3,HOBBIES_1_018,11.88,0.0,0.4144898167694462
2016-04-01,TX_3,HOBBIES_1_018,11.88,1.0,0.48387654495590154
2016-04-02,TX_3,HOBBIES_1_018,11.88,1.0,0.48065955194547566
2016-04-03,TX_3,HOBBIES_1_018,11.88,1.0,0.408383613459864
2016-04-04,TX_3,HOBBIES_1_018,11.88,0.0,0.37641348808590414
2016-04-05,TX_3,HOBBIES_1_018,11.88,1.0,0.41461136838333523
2016-04-06,TX_3,HOBBIES_1_018,11.88,0.0,0.40934572754940024
2016-04-07,TX_3,HOBBIES_1_018,11.88,0.0,0.496139547015198
2016-04-08,TX_3,HOBBIES_1_018,11.88,1.0,0.5418110912185401
2016-04-09,TX_3,HOBBIES_1_018,11.88,2.0,0.500396217910683
2016-04-10,TX_3,HOBBIES_1_018,11.88,0.0,0.39717598769163615
2016-04-11,TX_3,HOBBIES_1_018,11.88,0.0,0.44868351989018207
2016-04-12,TX_3,HOBBIES_1_018,11.88,0.0,0.41358924226048854
2016-04-13,TX_3,HOBBIES_1_018,11.88,0.0,0.41358924226048854
2016-04-14,TX_3,HOBBIES_1_018,11.88,0.0,0.42998296802356517
2016-04-15,TX_3,HOBBIES_1_018,11.88,0.0,0.49936969621002053
2016-04-16,TX_3,HOBBIES_1_018,11.88,0.0,0.44745277767163666
2016-04-17,TX_3,HOBBIES_1_018,11.88,0.0,0.32724211009444276
2016-04-18,TX_3,HOBBIES_1_018,11.88,2.0,0.1949974177379533
2016-04-19,TX_3,HOBBIES_1_018,11.88,0.0,0.1949974177379533
2016-04-20,TX_3,HOBBIES_1_018,11.88,0.0,0.32038589509206894
2016-04-21,TX_3,HOBBIES_1_018,11.88,0.0,0.3665117148970556
2016-04-22,TX_3,HOBBIES_1_018,11.88,2.0,0.4161865869816415
2016-04-23,TX_3,HOBBIES_1_018,11.88,0.0,0.41296959397121563
2016-03-26,TX_3,HOBBIES_1_019,0.48,0.0,0.6790994064889522
2016-03-27,TX_3,HOBBIES_1_019,0.48,0.0,0.5687297496648192
2016-03-28,TX_3,HOBBIES_1_019,0.48,0.0,0.5318400835226028
2016-03-29,TX_3,HOBBIES_1_019,0.48,0.0,0.48742132486735823
2016-03-30,TX_3,HOBBIES_1_019,0.48,0.0,0.4424409363474707
2016-03-31,TX_3,HOBBIES_1_019,0.48,0.0,0.5167180165774236
2016-04-01,TX_3,HOBBIES_1_019,0.48,0.0,0.45827677245898824
2016-04-02,TX_3,HOBBIES_1_019,0.48,0.0,0.4259906229628442
2016-04-03,TX_3,HOBBIES_1_019,0.48,0.0,0.32068257154855084
2016-04-04,TX_3,HOBBIES_1_019,0.48,0.0,0.249067922659887
2016-04-05,TX_3,HOBBIES_1_019,0.48,0.0,0.249067922659887
2016-04-06,TX_3,HOBBIES_1_019,0.48,0.0,0.2276305428070272
2016-04-07,TX_3,HOBBIES_1_019,0.48,0.0,0.2707855649733882
2016-04-08,TX_3,HOBBIES_1_019,0.48,0.0,0.30122132730999907
2016-04-09,TX_3,HOBBIES_1_019,0.48,0.0,0.2689351778138548
2016-04-10,TX_3,HOBBIES_1_019,0.48,0.0,0.2289882080047615
2016-04-11,TX_3,HOBBIES_1_019,0.48,0.0,0.2080727443781637
2016-04-12,TX_3,HOBBIES_1_019,0.48,0.0,0.2080727443781637
2016-04-13,TX_3,HOBBIES_1_019,0.48,0.0,0.2080727443781637
2016-04-14,TX_3,HOBBIES_1_019,0.48,0.0,0.2318963658345437
2016-04-15,TX_3,HOBBIES_1_019,0.48,0.0,0.2558056988280293
2016-04-16,TX_3,HOBBIES_1_019,0.48,2.0,0.09984569773953562
2016-04-17,TX_3,HOBBIES_1_019,0.48,0.0,0.08798335133051839
2016-04-18,TX_3,HOBBIES_1_019,0.48,2.0,1.8378937704153906
2016-04-19,TX_3,HOBBIES_1_019,0.48,0.0,0.5278645988699504
2016-04-20,TX_3,HOBBIES_1_019,0.48,5.0,2.0621244939564183
2016-04-21,TX_3,HOBBIES_1_019,0.48,0.0,0.7952503445773408
2016-04-22,TX_3,HOBBIES_1_019,0.48,0.0,2.6852949351387427
2016-04-23,TX_3,HOBBIES_1_019,0.48,0.0,1.2279392516042837
2016-03-26,TX_3,HOBBIES_1_020,12.68,0.0,0.2098341382292951
2016-03-27,TX_3,HOBBIES_1_020,12.68,0.0,0.15691022259681223
2016-03-28,TX_3,HOBBIES_1_020,12.68,0.0,0.14705237852005326
2016-03-29,TX_3,HOBBIES_1_020,12.68,0.0,0.14705237852005326
2016-03-30,TX_3,HOBBIES_1_020,12.68,0.0,0.14705237852005326
2016-03-31,TX_3,HOBBIES_1_020,12.68,0.0,0.17816753471913035
2016-04-01,TX_3,HOBBIES_1_020,12.68,0.0,0.17869682812861296
2016-04-02,TX_3,HOBBIES_1_020,12.68,1.0,0.15592203668932356
2016-04-03,TX_3,HOBBIES_1_020,12.68,0.0,0.11520599293814153
2016-04-04,TX_3,HOBBIES_1_020,12.68,0.0,0.16283260157627613
2016-04-05,TX_3,HOBBIES_1_020,12.68,0.0,0.15756696074234125
2016-04-06,TX_3,HOBBIES_1_020,12.68,0.0,0.15756696074234125
2016-04-07,TX_3,HOBBIES_1_020,12.68,0.0,0.18285742970985067
2016-04-08,TX_3,HOBBIES_1_020,12.68,0.0,0.17498822835663516
2016-04-09,TX_3,HOBBIES_1_020,12.68,0.0,0.15071444037038947
2016-04-10,TX_3,HOBBIES_1_020,12.68,0.0,0.10516989286989968
2016-04-11,TX_3,HOBBIES_1_020,12.68,0.0,0.06517972174451066
2016-04-12,TX_3,HOBBIES_1_020,12.68,0.0,0.06517972174451066
2016-04-13,TX_3,HOBBIES_1_020,12.68,1.0,0.06517972174451066
2016-04-14,TX_3,HOBBIES_1_020,12.68,0.0,0.09047019071202016
2016-04-15,TX_3,HOBBIES_1_020,12.68,0.0,0.1885929222603926
2016-04-16,TX_3,HOBBIES_1_020,12.68,0.0,0.17177123534620928
2016-04-17,TX_3,HOBBIES_1_020,12.68,0.0,0.12622668784571967
2016-04-18,TX_3,HOBBIES_1_020,12.68,0.0,0.11867776160349658
2016-04-19,TX_3,HOBBIES_1_020,12.68,0.0,0.11867776160349658
2016-04-20,TX_3,HOBBIES_1_020,12.68,0.0,0.11867776160349658
2016-04-21,TX_3,HOBBIES_1_020,12.68,0.0,0.14396823057100616
2016-04-22,TX_3,HOBBIES_1_020,12.68,0.0,0.13328119964664317
2016-04-23,TX_3,HOBBIES_1_020,12.68,0.0,0.1300642066362173
2016-03-26,TX_3,HOBBIES_1_021,11.88,2.0,0.643821301547886
2016-03-27,TX_3,HOBBIES_1_021,11.88,0.0,0.5737678298089403
2016-03-28,TX_3,HOBBIES_1_021,11.88,0.0,0.5891616994948653
2016-03-29,TX_3,HOBBIES_1_021,11.88,0.0,0.6122241538162213
2016-03-30,TX_3,HOBBIES_1_021,11.88,1.0,0.4732247070383493
2016-03-31,TX_3,HOBBIES_1_021,11.88,0.0,0.5204407663710012
2016-04-01,TX_3,HOBBIES_1_021,11.88,0.0,0.65077089527978
2016-04-02,TX_3,HOBBIES_1_021,11.88,2.0,0.6339492083655969
2016-04-03,TX_3,HOBBIES_1_021,11.88,1.0,0.47689868524645435
2016-04-04,TX_3,HOBBIES_1_021,11.88,0.0,0.48945452783137433
2016-04-05,TX_3,HOBBIES_1_021,11.88,0.0,0.49369804254246286
2016-04-06,TX_3,HOBBIES_1_021,11.88,1.0,0.48843240170852786
2016-04-07,TX_3,HOBBIES_1_021,11.88,1.0,0.5566941499524463
2016-04-08,TX_3,HOBBIES_1_021,11.88,0.0,0.6957943468573112
2016-04-09,TX_3,HOBBIES_1_021,11.88,1.0,0.7422618634672309
2016-04-10,TX_3,HOBBIES_1_021,11.88,2.0,0.5486861068116994
2016-04-11,TX_3,HOBBIES_1_021,11.88,0.0,0.53452026960593
2016-04-12,TX_3,HOBBIES_1_021,11.88,2.0,0.5771013344878843
2016-04-13,TX_3,HOBBIES_1_021,11.88,1.0,0.5718356936539495
2016-04-14,TX_3,HOBBIES_1_021,11.88,1.0,0.7059526745296516
2016-04-15,TX_3,HOBBIES_1_021,11.88,1.0,0.9217811416965223
2016-04-16,TX_3,HOBBIES_1_021,11.88,2.0,0.9185641486860964
2016-04-17,TX_3,HOBBIES_1_021,11.88,0.0,0.7202575989358637
2016-04-18,TX_3,HOBBIES_1_021,11.88,0.0,0.7078592669118399
2016-04-19,TX_3,HOBBIES_1_021,11.88,1.0,0.6589610372988299
2016-04-20,TX_3,HOBBIES_1_021,11.88,1.0,0.6226631032394689
2016-04-21,TX_3,HOBBIES_1_021,11.88,1.0,0.6647918602088184
2016-04-22,TX_3,HOBBIES_1_021,11.88,1.0,0.8205784635921572
2016-04-23,TX_3,HOBBIES_1_021,11.88,0.0,0.8849684077084274
2016-03-26,TX_3,HOBBIES_1_022,7.18,0.0,0.419521349051437
2016-03-27,TX_3,HOBBIES_1_022,7.18,0.0,0.3181656762759603
2016-03-28,TX_3,HOBBIES_1_022,7.18,0.0,0.2742983772687837
2016-03-29,TX_3,HOBBIES_1_022,7.18,2.0,0.24185713238561743
2016-03-30,TX_3,HOBBIES_1_022,7.18,0.0,0.24185713238561743
2016-03-31,TX_3,HOBBIES_1_022,7.18,1.0,0.4479051435640116
2016-04-01,TX_3,HOBBIES_1_022,7.18,1.0,0.4696012957054201
2016-04-02,TX_3,HOBBIES_1_022,7.18,0.0,0.5355170000347029
2016-04-03,TX_3,HOBBIES_1_022,7.18,1.0,0.44550528202171463
2016-04-04,TX_3,HOBBIES_1_022,7.18,0.0,0.3814324386172643
2016-04-05,TX_3,HOBBIES_1_022,7.18,0.0,0.39807717309777924
2016-04-06,TX_3,HOBBIES_1_022,7.18,0.0,0.39281153226384435
2016-04-07,TX_3,HOBBIES_1_022,7.18,0.0,0.4204795112119815
2016-04-08,TX_3,HOBBIES_1_022,7.18,1.0,0.44877426782098595
2016-04-09,TX_3,HOBBIES_1_022,7.18,1.0,0.42281053499244503
2016-04-10,TX_3,HOBBIES_1_022,7.18,0.0,0.3527121018210659
2016-04-11,TX_3,HOBBIES_1_022,7.18,0.0,0.3609101554466967
2016-04-12,TX_3,HOBBIES_1_022,7.18,1.0,0.3328977747946468
2016-04-13,TX_3,HOBBIES_1_022,7.18,0.0,0.3328977747946468
2016-04-14,TX_3,HOBBIES_1_022,7.18,0.0,0.4257451520459164
2016-04-15,TX_3,HOBBIES_1_022,7.18,1.0,0.4157523588016655
2016-04-16,TX_3,HOBBIES_1_022,7.18,0.0,0.4125353657912396
2016-04-17,TX_3,HOBBIES_1_022,7.18,0.0,0.34780373584675334
2016-04-18,TX_3,HOBBIES_1_022,7.18,1.0,0.3052426690022192
2016-04-19,TX_3,HOBBIES_1_022,7.18,0.0,0.28773393722224316
2016-04-20,TX_3,HOBBIES_1_022,7.18,0.0,0.3332550496542691
2016-04-21,TX_3,HOBBIES_1_022,7.18,2.0,0.3700776656014389
2016-04-22,TX_3,HOBBIES_1_022,7.18,1.0,0.4260275280028709
2016-04-23,TX_3,HOBBIES_1_022,7.18,0.0,0.5397605147457912
2016-03-26,TX_3,HOBBIES_1_023,2.97,0.0,2.5884114311099666
2016-03-27,TX_3,HOBBIES_1_023,2.97,0.0,1.8270002674006947
2016-03-28,TX_3,HOBBIES_1_023,2.97,0.0,1.6553405097209433
2016-03-29,TX_3,HOBBIES_1_023,2.97,0.0,1.631072119616271
2016-03-30,TX_3,HOBBIES_1_023,2.97,3.0,1.496812309518515
2016-03-31,TX_3,HOBBIES_1_023,2.97,0.0,1.7894668300550007
2016-04-01,TX_3,HOBBIES_1_023,2.97,1.0,2.060147967837618
2016-04-02,TX_3,HOBBIES_1_023,2.97,2.0,1.8681463358402826
2016-04-03,TX_3,HOBBIES_1_023,2.97,5.0,1.4733655327779462
2016-04-04,TX_3,HOBBIES_1_023,2.97,5.0,1.3718849999998004
2016-04-05,TX_3,HOBBIES_1_023,2.97,5.0,1.5818958879073683
2016-04-06,TX_3,HOBBIES_1_023,2.97,4.0,1.7015657434221712
2016-04-07,TX_3,HOBBIES_1_023,2.97,4.0,2.309931101623899
2016-04-08,TX_3,HOBBIES_1_023,2.97,2.0,2.8515406945115696
2016-04-09,TX_3,HOBBIES_1_023,2.97,5.0,2.841790255912831
2016-04-10,TX_3,HOBBIES_1_023,2.97,3.0,2.3436213104704313
2016-04-11,TX_3,HOBBIES_1_023,2.97,4.0,2.242183914026875
2016-04-12,TX_3,HOBBIES_1_023,2.97,2.0,2.1728764124284523
2016-04-13,TX_3,HOBBIES_1_023,2.97,3.0,2.121023073794901
2016-04-14,TX_3,HOBBIES_1_023,2.97,2.0,2.916987505820031
2016-04-15,TX_3,HOBBIES_1_023,2.97,0.0,2.9556840850019612
2016-04-16,TX_3,HOBBIES_1_023,2.97,1.0,2.841902329933029
2016-04-17,TX_3,HOBBIES_1_023,2.97,5.0,2.2483424028083876
2016-04-18,TX_3,HOBBIES_1_023,2.97,2.0,1.8880664251261576
2016-04-19,TX_3,HOBBIES_1_023,2.97,1.0,1.8321197259626076
2016-04-20,TX_3,HOBBIES_1_023,2.97,4.0,1.8766338840938686
2016-04-21,TX_3,HOBBIES_1_023,2.97,5.0,2.3402495636094915
2016-04-22,TX_3,HOBBIES_1_023,2.97,5.0,2.654116009207449
2016-04-23,TX_3,HOBBIES_1_023,2.97,3.0,2.5996681404377613
2016-03-26,TX_3,HOBBIES_1_024,8.56,0.0,0.2656543891451891
2016-03-27,TX_3,HOBBIES_1_024,8.56,0.0,0.2058682278854685
2016-03-28,TX_3,HOBBIES_1_024,8.56,0.0,0.19428636326936402
2016-03-29,TX_3,HOBBIES_1_024,8.56,0.0,0.19428636326936402
2016-03-30,TX_3,HOBBIES_1_024,8.56,0.0,0.1633420715359285
2016-03-31,TX_3,HOBBIES_1_024,8.56,0.0,0.20038066329342516
2016-04-01,TX_3,HOBBIES_1_024,8.56,0.0,0.19622006171218742
2016-04-02,TX_3,HOBBIES_1_024,8.56,0.0,0.19300306870176154
2016-04-03,TX_3,HOBBIES_1_024,8.56,0.0,0.14557575399651715
2016-04-04,TX_3,HOBBIES_1_024,8.56,0.0,0.13090082665276262
2016-04-05,TX_3,HOBBIES_1_024,8.56,0.0,0.13090082665276262
2016-04-06,TX_3,HOBBIES_1_024,8.56,0.0,0.11134302822389895
2016-04-07,TX_3,HOBBIES_1_024,8.56,0.0,0.1483816199813957
2016-04-08,TX_3,HOBBIES_1_024,8.56,0.0,0.17666226328332393
2016-04-09,TX_3,HOBBIES_1_024,8.56,0.0,0.17344527027289805
2016-04-10,TX_3,HOBBIES_1_024,8.56,0.0,0.12601795556765366
2016-04-11,TX_3,HOBBIES_1_024,8.56,0.0,0.11134302822389895
2016-04-12,TX_3,HOBBIES_1_024,8.56,0.0,0.11134302822389895
2016-04-13,TX_3,HOBBIES_1_024,8.56,0.0,0.11134302822389895
2016-04-14,TX_3,HOBBIES_1_024,8.56,0.0,0.1483816199813957
2016-04-15,TX_3,HOBBIES_1_024,8.56,0.0,0.15080443323021764
2016-04-16,TX_3,HOBBIES_1_024,8.56,1.0,0.14758744021979175
2016-04-17,TX_3,HOBBIES_1_024,8.56,1.0,0.10769046831971546
2016-04-18,TX_3,HOBBIES_1_024,8.56,0.0,0.14904991394099992
2016-04-19,TX_3,HOBBIES_1_024,8.56,0.0,0.1995520041032989
2016-04-20,TX_3,HOBBIES_1_024,8.56,0.0,0.17472856484050053
2016-04-21,TX_3,HOBBIES_1_024,8.56,0.0,0.2117671565979972
2016-04-22,TX_3,HOBBIES_1_024,8.56,0.0,0.2234557536736451
2016-04-23,TX_3,HOBBIES_1_024,8.56,0.0,0.2202387606632192
2016-03-26,TX_3,HOBBIES_1_025,3.98,0.0,0.6779856036348784
2016-03-27,TX_3,HOBBIES_1_025,3.98,1.0,0.5076676962995947
2016-03-28,TX_3,HOBBIES_1_025,3.98,0.0,0.47758538427304076
2016-03-29,TX_3,HOBBIES_1_025,3.98,1.0,0.5286121849043476
2016-03-30,TX_3,HOBBIES_1_025,3.98,1.0,0.5233465440704128
2016-03-31,TX_3,HOBBIES_1_025,3.98,0.0,0.6891343865920094
2016-04-01,TX_3,HOBBIES_1_025,3.98,0.0,0.6768222274771772
2016-04-02,TX_3,HOBBIES_1_025,3.98,0.0,0.6443779322053257
2016-04-03,TX_3,HOBBIES_1_025,3.98,1.0,0.4700339385284405
2016-04-04,TX_3,HOBBIES_1_025,3.98,0.0,0.439951626501886
2016-04-05,TX_3,HOBBIES_1_025,3.98,0.0,0.46284804758118026
2016-04-06,TX_3,HOBBIES_1_025,3.98,0.0,0.439951626501886
2016-04-07,TX_3,HOBBIES_1_025,3.98,0.0,0.5010214354230783
2016-04-08,TX_3,HOBBIES_1_025,3.98,0.0,0.5076703698290738
2016-04-09,TX_3,HOBBIES_1_025,3.98,2.0,0.4280983454982624
2016-04-10,TX_3,HOBBIES_1_025,3.98,5.0,0.32208948171166657
2016-04-11,TX_3,HOBBIES_1_025,3.98,0.0,0.3841890739865026
2016-04-12,TX_3,HOBBIES_1_025,3.98,1.0,0.5402816831627911
2016-04-13,TX_3,HOBBIES_1_025,3.98,0.0,0.5487650304725281
2016-04-14,TX_3,HOBBIES_1_025,3.98,0.0,0.7095305453515608
2016-04-15,TX_3,HOBBIES_1_025,3.98,1.0,0.7604960117282277
2016-04-16,TX_3,HOBBIES_1_025,3.98,3.0,0.7525961583309643
2016-04-17,TX_3,HOBBIES_1_025,3.98,0.0,0.6428265026673758
2016-04-18,TX_3,HOBBIES_1_025,3.98,2.0,0.6665169568428666
2016-04-19,TX_3,HOBBIES_1_025,3.98,0.0,0.5641687711338806
2016-04-20,TX_3,HOBBIES_1_025,3.98,0.0,0.6322656480873495
2016-04-21,TX_3,HOBBIES_1_025,3.98,0.0,0.7006311955069987
2016-04-22,TX_3,HOBBIES_1_025,3.98,1.0,0.7956723337787442
2016-04-23,TX_3,HOBBIES_1_025,3.98,1.0,0.7541499247945529
2016-03-26,TX_3,HOBBIES_1_026,17.97,0.0,0.2758825054540602
2016-03-27,TX_3,HOBBIES_1_026,17.97,0.0,0.22740778351609595
2016-03-28,TX_3,HOBBIES_1_026,17.97,0.0,0.1800720426406315
2016-03-29,TX_3,HOBBIES_1_026,17.97,0.0,0.1800720426406315
2016-03-30,TX_3,HOBBIES_1_026,17.97,0.0,0.1800720426406315
2016-03-31,TX_3,HOBBIES_1_026,17.97,1.0,0.21721173282095874
2016-04-01,TX_3,HOBBIES_1_026,17.97,2.0,0.24815520673105054
2016-04-02,TX_3,HOBBIES_1_026,17.97,0.0,0.29609015257648
2016-04-03,TX_3,HOBBIES_1_026,17.97,0.0,0.2971016008116582
2016-04-04,TX_3,HOBBIES_1_026,17.97,0.0,0.28112969417266953
2016-04-05,TX_3,HOBBIES_1_026,17.97,0.0,0.28112969417266953
2016-04-06,TX_3,HOBBIES_1_026,17.97,0.0,0.28112969417266953
2016-04-07,TX_3,HOBBIES_1_026,17.97,0.0,0.32392507947797267
2016-04-08,TX_3,HOBBIES_1_026,17.97,1.0,0.3666828496568327
2016-04-09,TX_3,HOBBIES_1_026,17.97,0.0,0.35663777873841335
2016-04-10,TX_3,HOBBIES_1_026,17.97,0.0,0.2667204754735895
2016-04-11,TX_3,HOBBIES_1_026,17.97,0.0,0.25074856883460095
2016-04-12,TX_3,HOBBIES_1_026,17.97,1.0,0.22743866262111914
2016-04-13,TX_3,HOBBIES_1_026,17.97,0.0,0.2033590016195709
2016-04-14,TX_3,HOBBIES_1_026,17.97,0.0,0.30644398049379296
2016-04-15,TX_3,HOBBIES_1_026,17.97,0.0,0.343936109838718
2016-04-16,TX_3,HOBBIES_1_026,17.97,0.0,0.3407191168282921
2016-04-17,TX_3,HOBBIES_1_026,17.97,0.0,0.21572877444688954
2016-04-18,TX_3,HOBBIES_1_026,17.97,0.0,0.1800720426406315
2016-04-19,TX_3,HOBBIES_1_026,17.97,1.0,0.1800720426406315
2016-04-20,TX_3,HOBBIES_1_026,17.97,0.0,0.1800720426406315
2016-04-21,TX_3,HOBBIES_1_026,17.97,0.0,0.251420027758809
2016-04-22,TX_3,HOBBIES_1_026,17.97,1.0,0.28891215710373425
2016-04-23,TX_3,HOBBIES_1_026,17.97,1.0,0.28569516409330836
2016-03-26,TX_3,HOBBIES_1_027,19.98,0.0,0.217186863828179
2016-03-27,TX_3,HOBBIES_1_027,19.98,0.0,0.16411197352252116
2016-03-28,TX_3,HOBBIES_1_027,19.98,0.0,0.13800916231347773
2016-03-29,TX_3,HOBBIES_1_027,19.98,0.0,0.13800916231347773
2016-03-30,TX_3,HOBBIES_1_027,19.98,2.0,0.13800916231347773
2016-03-31,TX_3,HOBBIES_1_027,19.98,1.0,0.16329963128098715
2016-04-01,TX_3,HOBBIES_1_027,19.98,1.0,0.2808715043859192
2016-04-02,TX_3,HOBBIES_1_027,19.98,0.0,0.3122339391759324
2016-04-03,TX_3,HOBBIES_1_027,19.98,1.0,0.2543980380452992
2016-04-04,TX_3,HOBBIES_1_027,19.98,0.0,0.23800658890326987
2016-04-05,TX_3,HOBBIES_1_027,19.98,0.0,0.2779382823627248
2016-04-06,TX_3,HOBBIES_1_027,19.98,0.0,0.2493856825498499
2016-04-07,TX_3,HOBBIES_1_027,19.98,0.0,0.2865253727301774
2016-04-08,TX_3,HOBBIES_1_027,19.98,1.0,0.3084491915012633
2016-04-09,TX_3,HOBBIES_1_027,19.98,0.0,0.2824854586727226
2016-04-10,TX_3,HOBBIES_1_027,19.98,0.0,0.25027519999199527
2016-04-11,TX_3,HOBBIES_1_027,19.98,0.0,0.23430329335300631
2016-04-12,TX_3,HOBBIES_1_027,19.98,0.0,0.2033590016195709
2016-04-13,TX_3,HOBBIES_1_027,19.98,0.0,0.2033590016195709
2016-04-14,TX_3,HOBBIES_1_027,19.98,0.0,0.24615438692487396
2016-04-15,TX_3,HOBBIES_1_027,19.98,0.0,0.28891215710373425
2016-04-16,TX_3,HOBBIES_1_027,19.98,1.0,0.28569516409330836
2016-04-17,TX_3,HOBBIES_1_027,19.98,1.0,0.18638059229137363
2016-04-18,TX_3,HOBBIES_1_027,19.98,0.0,0.232704303455054
2016-04-19,TX_3,HOBBIES_1_027,19.98,0.0,0.2869585014019713
2016-04-20,TX_3,HOBBIES_1_027,19.98,0.0,0.28169286056803644
2016-04-21,TX_3,HOBBIES_1_027,19.98,0.0,0.3244882458733396
2016-04-22,TX_3,HOBBIES_1_027,19.98,0.0,0.343936109838718
2016-04-23,TX_3,HOBBIES_1_027,19.98,0.0,0.3407191168282921
2016-03-26,TX_3,HOBBIES_1_028,7.98,0.0,0.5886521931564055
2016-03-27,TX_3,HOBBIES_1_028,7.98,0.0,0.44944439234758254
2016-03-28,TX_3,HOBBIES_1_028,7.98,0.0,0.3474381050574502
2016-03-29,TX_3,HOBBIES_1_028,7.98,0.0,0.3474381050574502
2016-03-30,TX_3,HOBBIES_1_028,7.98,0.0,0.2907906816108402
2016-03-31,TX_3,HOBBIES_1_028,7.98,0.0,0.3323858557463347
2016-04-01,TX_3,HOBBIES_1_028,7.98,2.0,0.3451398382116672
2016-04-02,TX_3,HOBBIES_1_028,7.98,0.0,0.34192284520124133
2016-04-03,TX_3,HOBBIES_1_028,7.98,1.0,0.3693113123280524
2016-04-04,TX_3,HOBBIES_1_028,7.98,0.0,0.3485504708441489
2016-04-05,TX_3,HOBBIES_1_028,7.98,1.0,0.3821885988794915
2016-04-06,TX_3,HOBBIES_1_028,7.98,0.0,0.37692295804555653
2016-04-07,TX_3,HOBBIES_1_028,7.98,0.0,0.49521323744959433
2016-04-08,TX_3,HOBBIES_1_028,7.98,1.0,0.5211364445046835
2016-04-09,TX_3,HOBBIES_1_028,7.98,1.0,0.46921952596629973
2016-04-10,TX_3,HOBBIES_1_028,7.98,0.0,0.37613939023604587
2016-04-11,TX_3,HOBBIES_1_028,7.98,0.0,0.38643211359057983
2016-04-12,TX_3,HOBBIES_1_028,7.98,0.0,0.37692295804555653
2016-04-13,TX_3,HOBBIES_1_028,7.98,0.0,0.37692295804555653
2016-04-14,TX_3,HOBBIES_1_028,7.98,2.0,0.39577139236293624
2016-04-15,TX_3,HOBBIES_1_028,7.98,2.0,0.38476924963577425
2016-04-16,TX_3,HOBBIES_1_028,7.98,0.0,0.48282421987005714
2016-04-17,TX_3,HOBBIES_1_028,7.98,0.0,0.4351265067824353
2016-04-18,TX_3,HOBBIES_1_028,7.98,0.0,0.34772642048551006
2016-04-19,TX_3,HOBBIES_1_028,7.98,0.0,0.34772642048551006
2016-04-20,TX_3,HOBBIES_1_028,7.98,1.0,0.34772642048551006
2016-04-21,TX_3,HOBBIES_1_028,7.98,0.0,0.41086600391441896
2016-04-22,TX_3,HOBBIES_1_028,7.98,0.0,0.5131797693417693
2016-04-23,TX_3,HOBBIES_1_028,7.98,1.0,0.46497601125521143
2016-03-26,TX_3,HOBBIES_1_029,8.98,3.0,3.434891189862127
2016-03-27,TX_3,HOBBIES_1_029,8.98,3.0,2.631389813703396
2016-03-28,TX_3,HOBBIES_1_029,8.98,7.0,2.5507667627925787
2016-03-29,TX_3,HOBBIES_1_029,8.98,1.0,2.5730161829444524
2016-03-30,TX_3,HOBBIES_1_029,8.98,4.0,2.5899794808773873
2016-03-31,TX_3,HOBBIES_1_029,8.98,3.0,3.1008808936592858
2016-04-01,TX_3,HOBBIES_1_029,8.98,8.0,3.359621011900676
2016-04-02,TX_3,HOBBIES_1_029,8.98,5.0,3.5667227399116554
2016-04-03,TX_3,HOBBIES_1_029,8.98,5.0,3.241394663808476
2016-04-04,TX_3,HOBBIES_1_029,8.98,4.0,2.905727043667739
2016-04-05,TX_3,HOBBIES_1_029,8.98,2.0,3.041734794436421
2016-04-06,TX_3,HOBBIES_1_029,8.98,0.0,3.1327871579174396
2016-04-07,TX_3,HOBBIES_1_029,8.98,5.0,3.588145621407002
2016-04-08,TX_3,HOBBIES_1_029,8.98,5.0,3.8929254311830177
2016-04-09,TX_3,HOBBIES_1_029,8.98,5.0,4.209397098373062
2016-04-10,TX_3,HOBBIES_1_029,8.98,2.0,3.402089643537224
2016-04-11,TX_3,HOBBIES_1_029,8.98,3.0,3.0593704146482135
2016-04-12,TX_3,HOBBIES_1_029,8.98,5.0,3.17595532468021
2016-04-13,TX_3,HOBBIES_1_029,8.98,3.0,3.070979915726233
2016-04-14,TX_3,HOBBIES_1_029,8.98,6.0,3.5506426612645132
2016-04-15,TX_3,HOBBIES_1_029,8.98,8.0,4.331448614056592
2016-04-16,TX_3,HOBBIES_1_029,8.98,3.0,4.652850042925284
2016-04-17,TX_3,HOBBIES_1_029,8.98,0.0,3.5810182289462023
2016-04-18,TX_3,HOBBIES_1_029,8.98,9.0,3.171880281597211
2016-04-19,TX_3,HOBBIES_1_029,8.98,3.0,3.1019896896336205
2016-04-20,TX_3,HOBBIES_1_029,8.98,3.0,3.5635898575419116
2016-04-21,TX_3,HOBBIES_1_029,8.98,4.0,3.837018543955443
2016-04-22,TX_3,HOBBIES_1_029,8.98,4.0,4.309981639138308
2016-04-23,TX_3,HOBBIES_1_029,8.98,6.0,4.841551773657178
2016-03-26,TX_3,HOBBIES_1_030,0.7,1.0,1.8890459115578966
2016-03-27,TX_3,HOBBIES_1_030,0.7,0.0,1.6022614812252822
2016-03-28,TX_3,HOBBIES_1_030,0.7,0.0,1.4588973700351717
2016-03-29,TX_3,HOBBIES_1_030,0.7,0.0,1.4415457589779896
2016-03-30,TX_3,HOBBIES_1_030,0.7,4.0,1.3719000729896393
2016-03-31,TX_3,HOBBIES_1_030,0.7,0.0,1.5473953660077995
2016-04-01,TX_3,HOBBIES_1_030,0.7,0.0,1.9466284993263938
2016-04-02,TX_3,HOBBIES_1_030,0.7,1.0,1.7198291868008697
2016-04-03,TX_3,HOBBIES_1_030,0.7,1.0,1.4066777993563242
2016-04-04,TX_3,HOBBIES_1_030,0.7,1.0,1.396029964540179
2016-04-05,TX_3,HOBBIES_1_030,0.7,4.0,1.4388874871661885
2016-04-06,TX_3,HOBBIES_1_030,0.7,1.0,1.5033687594561287
2016-04-07,TX_3,HOBBIES_1_030,0.7,0.0,1.7410713746122686
2016-04-08,TX_3,HOBBIES_1_030,0.7,0.0,1.992584821731515
2016-04-09,TX_3,HOBBIES_1_030,0.7,0.0,1.795505484154514
2016-04-10,TX_3,HOBBIES_1_030,0.7,0.0,1.4768684863508066
2016-04-11,TX_3,HOBBIES_1_030,0.7,0.0,1.320809402959474
2016-04-12,TX_3,HOBBIES_1_030,0.7,6.0,1.2910894280109513
2016-04-13,TX_3,HOBBIES_1_030,0.7,12.0,1.2831162940318745
2016-04-14,TX_3,HOBBIES_1_030,0.7,0.0,1.405446652962664
2016-04-15,TX_3,HOBBIES_1_030,0.7,0.0,1.88725054479117
2016-04-16,TX_3,HOBBIES_1_030,0.7,0.0,1.8448661129829445
2016-04-17,TX_3,HOBBIES_1_030,0.7,0.0,1.54591220805526
2016-04-18,TX_3,HOBBIES_1_030,0.7,0.0,1.3458343937087265
2016-04-19,TX_3,HOBBIES_1_030,0.7,0.0,1.3458343937087265
2016-04-20,TX_3,HOBBIES_1_030,0.7,3.0,1.3541367342963306
2016-04-21,TX_3,HOBBIES_1_030,0.7,0.0,1.538598303935939
2016-04-22,TX_3,HOBBIES_1_030,0.7,0.0,1.8125749882599433
2016-04-23,TX_3,HOBBIES_1_030,0.7,0.0,1.7020809320671455
2016-03-26,WI_1,HOBBIES_1_001,8.26,0.0,0.5613221970556601
2016-03-27,WI_1,HOBBIES_1_001,8.26,0.0,0.4754972124249142
2016-03-28,WI_1,HOBBIES_1_001,8.26,1.0,0.4491929898498347
2016-03-29,WI_1,HOBBIES_1_001,8.26,2.0,0.4491929898498347
2016-03-30,WI_1,HOBBIES_1_001,8.26,0.0,0.4588394005864783
2016-03-31,WI_1,HOBBIES_1_001,8.26,0.0,0.5908621180165358
2016-04-01,WI_1,HOBBIES_1_001,8.26,0.0,0.6736321902464316
2016-04-02,WI_1,HOBBIES_1_001,8.26,1.0,0.6295387507518556
2016-04-03,WI_1,HOBBIES_1_001,8.26,0.0,0.4383401820958212
2016-04-04,WI_1,HOBBIES_1_001,8.26,0.0,0.4246299938880109
2016-04-05,WI_1,HOBBIES_1_001,8.26,1.0,0.41936435305407604
2016-04-06,WI_1,HOBBIES_1_001,8.26,0.0,0.41512083834298774
2016-04-07,WI_1,HOBBIES_1_001,8.26,0.0,0.4866725260695697
2016-04-08,WI_1,HOBBIES_1_001,8.26,1.0,0.5440433158702399
2016-04-09,WI_1,HOBBIES_1_001,8.38,0.0,0.5343319425264568
2016-04-10,WI_1,HOBBIES_1_001,8.38,0.0,0.4598746040672462
2016-04-11,WI_1,HOBBIES_1_001,8.38,0.0,0.35417621822744194
2016-04-12,WI_1,HOBBIES_1_001,8.38,0.0,0.33263180893402733
2016-04-13,WI_1,HOBBIES_1_001,8.38,0.0,0.33263180893402733
2016-04-14,WI_1,HOBBIES_1_001,8.38,0.0,0.36482710062950063
2016-04-15,WI_1,HOBBIES_1_001,8.38,0.0,0.42620121831141516
2016-04-16,WI_1,HOBBIES_1_001,8.38,0.0,0.41648984496763203
2016-04-17,WI_1,HOBBIES_1_001,8.38,0.0,0.28949804271730933
2016-04-18,WI_1,HOBBIES_1_001,8.38,0.0,0.2692462723174257
2016-04-19,WI_1,HOBBIES_1_001,8.38,0.0,0.2692462723174257
2016-04-20,WI_1,HOBBIES_1_001,8.38,1.0,0.24159116652499796
2016-04-21,WI_1,HOBBIES_1_001,8.38,2.0,0.2553160366268311
2016-04-22,WI_1,HOBBIES_1_001,8.38,1.0,0.3506141259259719
2016-04-23,WI_1,HOBBIES_1_001,8.38,1.0,0.4561304646305125
2016-03-26,WI_1,HOBBIES_1_002,3.97,3.0,0.8147035818226995
2016-03-27,WI_1,HOBBIES_1_002,3.97,2.0,0.72787809108705
2016-03-28,WI_1,HOBBIES_1_002,3.97,0.0,0.7415819354807662
2016-03-29,WI_1,HOBBIES_1_002,3.97,1.0,0.8330942734772667
2016-03-30,WI_1,HOBBIES_1_002,3.97,1.0,0.827828632643332
2016-03-31,WI_1,HOBBIES_1_002,3.97,1.0,1.0032298573983323
2016-04-01,WI_1,HOBBIES_1_002,3.97,2.0,1.2678232822791662
2016-04-02,WI_1,HOBBIES_1_002,3.97,0.0,1.2512677551594036
2016-04-03,WI_1,HOBBIES_1_002,3.97,0.0,0.9858698704709643
2016-04-04,WI_1,HOBBIES_1_002,3.97,0.0,0.7775076822177747
2016-04-05,WI_1,HOBBIES_1_002,3.97,1.0,0.7050739206795363
2016-04-06,WI_1,HOBBIES_1_002,3.97,0.0,0.7050739206795363
2016-04-07,WI_1,HOBBIES_1_002,3.97,2.0,0.7841610650050327
2016-04-08,WI_1,HOBBIES_1_002,3.97,0.0,0.9070450585132624
2016-04-09,WI_1,HOBBIES_1_002,3.97,1.0,0.9380769355345235
2016-04-10,WI_1,HOBBIES_1_002,3.97,0.0,0.6338633230779159
2016-04-11,WI_1,HOBBIES_1_002,3.97,0.0,0.6173608341444279
2016-04-12,WI_1,HOBBIES_1_002,3.97,1.0,0.6120951933104931
2016-04-13,WI_1,HOBBIES_1_002,3.97,0.0,0.6120951933104931
2016-04-14,WI_1,HOBBIES_1_002,3.97,1.0,0.719059548018537
2016-04-15,WI_1,HOBBIES_1_002,3.97,1.0,0.9070450585132624
2016-04-16,WI_1,HOBBIES_1_002,3.97,2.0,0.9604172877020639
2016-04-17,WI_1,HOBBIES_1_002,3.97,0.0,0.6954313949405897
2016-04-18,WI_1,HOBBIES_1_002,3.97,0.0,0.7103395615134711
2016-04-19,WI_1,HOBBIES_1_002,3.97,2.0,0.6234742869570732
2016-04-20,WI_1,HOBBIES_1_002,3.97,2.0,0.6234742869570732
2016-04-21,WI_1,HOBBIES_1_002,3.97,0.0,0.809587123084426
2016-04-22,WI_1,HOBBIES_1_002,3.97,0.0,1.1937484458859908
2016-04-23,WI_1,HOBBIES_1_002,3.97,2.0,1.1011600897517193
2016-03-26,WI_1,HOBBIES_1_003,2.97,2.0,0.41907366029544124
2016-03-27,WI_1,HOBBIES_1_003,2.97,2.0,0.2701354746974027
2016-03-28,WI_1,HOBBIES_1_003,2.97,0.0,0.3232458761368051
2016-03-29,WI_1,HOBBIES_1_003,2.97,0.0,0.3779378535226624
2016-03-30,WI_1,HOBBIES_1_003,2.97,0.0,0.36741080808974014
2016-03-31,WI_1,HOBBIES_1_003,2.97,0.0,0.4278834318368388
2016-04-01,WI_1,HOBBIES_1_003,2.97,0.0,0.5095588229054747
2016-04-02,WI_1,HOBBIES_1_003,2.97,1.0,0.46135504623149637
2016-04-03,WI_1,HOBBIES_1_003,2.97,0.0,0.34382948377474815
2016-04-04,WI_1,HOBBIES_1_003,2.97,0.0,0.34655578235028695
2016-04-05,WI_1,HOBBIES_1_003,2.97,0.0,0.28233770536581426
2016-04-06,WI_1,HOBBIES_1_003,2.97,0.0,0.28233770536581426
2016-04-07,WI_1,HOBBIES_1_003,2.97,0.0,0.3428103291129129
2016-04-08,WI_1,HOBBIES_1_003,2.97,0.0,0.41372233860661356
2016-04-09,WI_1,HOBBIES_1_003,2.97,2.0,0.40020756179269645
2016-04-10,WI_1,HOBBIES_1_003,2.97,0.0,0.2701354746974027
2016-04-11,WI_1,HOBBIES_1_003,2.97,0.0,0.3397277044422935
2016-04-12,WI_1,HOBBIES_1_003,2.97,0.0,0.32920065900937123
2016-04-13,WI_1,HOBBIES_1_003,2.97,0.0,0.32920065900937123
2016-04-14,WI_1,HOBBIES_1_003,2.97,0.0,0.3896732827564699
2016-04-15,WI_1,HOBBIES_1_003,2.97,0.0,0.4713486738251065
2016-04-16,WI_1,HOBBIES_1_003,2.97,2.0,0.43452399079770765
2016-04-17,WI_1,HOBBIES_1_003,2.97,1.0,0.3169984283409594
2016-04-18,WI_1,HOBBIES_1_003,2.97,1.0,0.3572364362222695
2016-04-19,WI_1,HOBBIES_1_003,2.97,0.0,0.39171961992269055
2016-04-20,WI_1,HOBBIES_1_003,2.97,1.0,0.41750754392719314
2016-04-21,WI_1,HOBBIES_1_003,2.97,1.0,0.4834928577076624
2016-04-22,WI_1,HOBBIES_1_003,2.97,0.0,0.6654451444946216
2016-04-23,WI_1,HOBBIES_1_003,2.97,1.0,0.6615969629453907
2016-03-26,WI_1,HOBBIES_1_004,4.64,0.0,0.5087375073392489
2016-03-27,WI_1,HOBBIES_1_004,4.64,0.0,0.3821383040611351
2016-03-28,WI_1,HOBBIES_1_004,4.64,0.0,0.30542304388837876
2016-03-29,WI_1,HOBBIES_1_004,4.64,1.0,0.28211313767489715
2016-03-30,WI_1,HOBBIES_1_004,4.64,1.0,0.28211313767489715
2016-03-31,WI_1,HOBBIES_1_004,4.64,0.0,0.39787189772135034
2016-04-01,WI_1,HOBBIES_1_004,4.64,0.0,0.5422334927415651
2016-04-02,WI_1,HOBBIES_1_004,4.64,0.0,0.4723860736173767
2016-04-03,WI_1,HOBBIES_1_004,4.64,0.0,0.3821383040611351
2016-04-04,WI_1,HOBBIES_1_004,4.64,0.0,0.33636733562181426
2016-04-05,WI_1,HOBBIES_1_004,4.64,0.0,0.33636733562181426
2016-04-06,WI_1,HOBBIES_1_004,4.64,1.0,0.33636733562181426
2016-04-07,WI_1,HOBBIES_1_004,4.64,0.0,0.36166196515397986
2016-04-08,WI_1,HOBBIES_1_004,4.64,0.0,0.48854246119001493
2016-04-09,WI_1,HOBBIES_1_004,4.64,0.0,0.44144178188394123
2016-04-10,WI_1,HOBBIES_1_004,4.64,0.0,0.3511940123276996
2016-04-11,WI_1,HOBBIES_1_004,4.64,0.0,0.2580334766733489
2016-04-12,WI_1,HOBBIES_1_004,4.64,0.0,0.2580334766733489
2016-04-13,WI_1,HOBBIES_1_004,4.64,0.0,0.2580334766733489
2016-04-14,WI_1,HOBBIES_1_004,4.64,0.0,0.31427239793895
2016-04-15,WI_1,HOBBIES_1_004,4.64,1.0,0.3476143970779439
2016-04-16,WI_1,HOBBIES_1_004,4.64,0.0,0.31819118880489805
2016-04-17,WI_1,HOBBIES_1_004,4.64,0.0,0.28453916244844074
2016-04-18,WI_1,HOBBIES_1_004,4.64,1.0,0.234168098456997
2016-04-19,WI_1,HOBBIES_1_004,4.64,0.0,0.234168098456997
2016-04-20,WI_1,HOBBIES_1_004,4.64,0.0,0.2709564502617798
2016-04-21,WI_1,HOBBIES_1_004,4.64,2.0,0.3162740355684701
2016-04-22,WI_1,HOBBIES_1_004,4.64,1.0,0.38611172036735014
2016-04-23,WI_1,HOBBIES_1_004,4.64,0.0,0.47635483641024357
2016-03-26,WI_1,HOBBIES_1_005,2.88,0.0,1.3389187877605258
2016-03-27,WI_1,HOBBIES_1_005,2.88,1.0,1.0781551887693137
2016-03-28,WI_1,HOBBIES_1_005,2.88,2.0,0.7474928889496785
2016-03-29,WI_1,HOBBIES_1_005,2.88,0.0,0.8397685204401072
2016-03-30,WI_1,HOBBIES_1_005,2.88,0.0,0.9488600407024931
2016-03-31,WI_1,HOBBIES_1_005,2.88,2.0,0.7997028819653692
2016-04-01,WI_1,HOBBIES_1_005,2.88,1.0,0.9371786635725451
2016-04-02,WI_1,HOBBIES_1_005,2.88,0.0,0.9890803524453872
2016-04-03,WI_1,HOBBIES_1_005,2.88,0.0,0.7033365336472541
2016-04-04,WI_1,HOBBIES_1_005,2.88,0.0,0.6727138956670813
2016-04-05,WI_1,HOBBIES_1_005,2.88,1.0,0.663047300402395
2016-04-06,WI_1,HOBBIES_1_005,2.88,2.0,0.6316652292300198
2016-04-07,WI_1,HOBBIES_1_005,2.88,1.0,0.7523682057296368
2016-04-08,WI_1,HOBBIES_1_005,2.88,1.0,1.1059916777864254
2016-04-09,WI_1,HOBBIES_1_005,2.88,0.0,1.1316788641577227
2016-04-10,WI_1,HOBBIES_1_005,2.88,0.0,0.7316328989077766
2016-04-11,WI_1,HOBBIES_1_005,2.88,0.0,0.6472878375876882
2016-04-12,WI_1,HOBBIES_1_005,2.88,1.0,0.6472878375876882
2016-04-13,WI_1,HOBBIES_1_005,2.88,0.0,0.6472878375876882
2016-04-14,WI_1,HOBBIES_1_005,2.88,0.0,0.8174697227161325
2016-04-15,WI_1,HOBBIES_1_005,2.88,2.0,0.9426803643194981
2016-04-16,WI_1,HOBBIES_1_005,2.88,0.0,0.8439671908959555
2016-04-17,WI_1,HOBBIES_1_005,2.88,1.0,0.6622878672101926
2016-04-18,WI_1,HOBBIES_1_005,2.88,0.0,0.5878022218274945
2016-04-19,WI_1,HOBBIES_1_005,2.88,3.0,0.610137855314669
2016-04-20,WI_1,HOBBIES_1_005,2.88,1.0,0.5608437653032087
2016-04-21,WI_1,HOBBIES_1_005,2.88,1.0,0.7392054940520333
2016-04-22,WI_1,HOBBIES_1_005,2.88,2.0,1.0694401253681711
2016-04-23,WI_1,HOBBIES_1_005,2.88,1.0,0.9621703203218919
2016-03-26,WI_1,HOBBIES_1_006,0.96,2.0,2.439412470377093
2016-03-27,WI_1,HOBBIES_1_006,0.96,0.0,1.9191517161137748
2016-03-28,WI_1,HOBBIES_1_006,0.96,0.0,1.7283215133411525
2016-03-29,WI_1,HOBBIES_1_006,0.96,0.0,1.544726336816136
2016-03-30,WI_1,HOBBIES_1_006,0.96,0.0,1.4487705267403708
2016-03-31,WI_1,HOBBIES_1_006,0.96,4.0,1.7656815462239674
2016-04-01,WI_1,HOBBIES_1_006,0.96,1.0,1.7503638729451867
2016-04-02,WI_1,HOBBIES_1_006,0.96,1.0,1.8492506899584737
2016-04-03,WI_1,HOBBIES_1_006,0.96,0.0,1.46485468199417
2016-04-04,WI_1,HOBBIES_1_006,0.96,0.0,1.4150898977142499
2016-04-05,WI_1,HOBBIES_1_006,0.96,0.0,1.3547223066054441
2016-04-06,WI_1,HOBBIES_1_006,0.96,1.0,1.3547223066054441
2016-04-07,WI_1,HOBBIES_1_006,0.96,8.0,1.7183339667621418
2016-04-08,WI_1,HOBBIES_1_006,0.96,0.0,1.898934123071692
2016-04-09,WI_1,HOBBIES_1_006,0.96,3.0,1.647169298598329
2016-04-10,WI_1,HOBBIES_1_006,0.96,1.0,1.3405477521061961
2016-04-11,WI_1,HOBBIES_1_006,0.96,1.0,1.3666596958764923
2016-04-12,WI_1,HOBBIES_1_006,0.96,0.0,1.3750994061382291
2016-04-13,WI_1,HOBBIES_1_006,0.96,0.0,1.3834017467258333
2016-04-14,WI_1,HOBBIES_1_006,0.96,0.0,1.5265569185812995
2016-04-15,WI_1,HOBBIES_1_006,0.96,2.0,1.8099147160641007
2016-04-16,WI_1,HOBBIES_1_006,0.96,0.0,1.5482191045774094
2016-04-17,WI_1,HOBBIES_1_006,0.96,1.0,1.4424700686034733
2016-04-18,WI_1,HOBBIES_1_006,0.96,2.0,1.0758530806757343
2016-04-19,WI_1,HOBBIES_1_006,0.96,3.0,1.095725721932099
2016-04-20,WI_1,HOBBIES_1_006,0.96,6.0,1.1228642783933862
2016-04-21,WI_1,HOBBIES_1_006,0.96,0.0,1.4773605095003435
2016-04-22,WI_1,HOBBIES_1_006,0.96,1.0,1.9317697478688027
2016-04-23,WI_1,HOBBIES_1_006,0.96,2.0,1.5767312397472564
2016-03-26,WI_1,HOBBIES_1_007,7.88,0.0,0.713079852437254
2016-03-27,WI_1,HOBBIES_1_007,7.88,1.0,0.5631002032528813
2016-03-28,WI_1,HOBBIES_1_007,7.88,0.0,0.4942075125021155
2016-03-29,WI_1,HOBBIES_1_007,7.88,0.0,0.5185915346775356
2016-03-30,WI_1,HOBBIES_1_007,7.88,0.0,0.48996399779102695
2016-03-31,WI_1,HOBBIES_1_007,7.88,0.0,0.5472271290068177
2016-04-01,WI_1,HOBBIES_1_007,7.88,0.0,0.6466419357172284
2016-04-02,WI_1,HOBBIES_1_007,7.88,1.0,0.6025484962226524
2016-04-03,WI_1,HOBBIES_1_007,7.88,0.0,0.4163888360790567
2016-04-04,WI_1,HOBBIES_1_007,7.88,2.0,0.41608928250798616
2016-04-05,WI_1,HOBBIES_1_007,7.88,0.0,0.36142980679143744
2016-04-06,WI_1,HOBBIES_1_007,7.88,0.0,0.44321679222880983
2016-04-07,WI_1,HOBBIES_1_007,7.88,0.0,0.48570408190457126
2016-04-08,WI_1,HOBBIES_1_007,7.88,1.0,0.5285921753909237
2016-04-09,WI_1,HOBBIES_1_007,7.88,1.0,0.5188808020471406
2016-04-10,WI_1,HOBBIES_1_007,7.88,0.0,0.4461858306185796
2016-04-11,WI_1,HOBBIES_1_007,7.88,0.0,0.4246299938880109
2016-04-12,WI_1,HOBBIES_1_007,7.88,1.0,0.41936435305407604
2016-04-13,WI_1,HOBBIES_1_007,7.88,0.0,0.3923740985248727
2016-04-14,WI_1,HOBBIES_1_007,7.88,2.0,0.5094192658876839
2016-04-15,WI_1,HOBBIES_1_007,7.88,0.0,0.6035684317641599
2016-04-16,WI_1,HOBBIES_1_007,7.88,1.0,0.6368917580568337
2016-04-17,WI_1,HOBBIES_1_007,7.88,0.0,0.4605159849666644
2016-04-18,WI_1,HOBBIES_1_007,7.88,0.0,0.4430795370371894
2016-04-19,WI_1,HOBBIES_1_007,7.88,1.0,0.38116647275664484
2016-04-20,WI_1,HOBBIES_1_007,7.88,1.0,0.38116647275664484
2016-04-21,WI_1,HOBBIES_1_007,7.88,0.0,0.45701535715216324
2016-04-22,WI_1,HOBBIES_1_007,7.88,2.0,0.5960173579497806
2016-04-23,WI_1,HOBBIES_1_007,7.88,0.0,0.5570786823445718
2016-03-26,WI_1,HOBBIES_1_008,0.48,0.0,4.285504411440825
2016-03-27,WI_1,HOBBIES_1_008,0.48,0.0,3.4649895689801733
2016-03-28,WI_1,HOBBIES_1_008,0.48,0.0,2.8083732952240275
2016-03-29,WI_1,HOBBIES_1_008,0.48,0.0,2.7523971519083408
2016-03-30,WI_1,HOBBIES_1_008,0.48,0.0,2.5589253624801893
2016-03-31,WI_1,HOBBIES_1_008,0.48,1.0,2.946235493552133
2016-04-01,WI_1,HOBBIES_1_008,0.48,4.0,3.4171938842108647
2016-04-02,WI_1,HOBBIES_1_008,0.48,3.0,3.195300180242601
2016-04-03,WI_1,HOBBIES_1_008,0.48,9.0,2.754332610867368
2016-04-04,WI_1,HOBBIES_1_008,0.48,4.0,2.9084244674675905
2016-04-05,WI_1,HOBBIES_1_008,0.48,0.0,2.969062520839036
2016-04-06,WI_1,HOBBIES_1_008,0.48,0.0,3.2840269982344332
2016-04-07,WI_1,HOBBIES_1_008,0.48,2.0,3.1235759243954635
2016-04-08,WI_1,HOBBIES_1_008,0.48,5.0,3.873779322029374
2016-04-09,WI_1,HOBBIES_1_008,0.48,3.0,3.4354665150504977
2016-04-10,WI_1,HOBBIES_1_008,0.48,4.0,3.1497110840511446
2016-04-11,WI_1,HOBBIES_1_008,0.48,1.0,3.094777316467578
2016-04-12,WI_1,HOBBIES_1_008,0.48,5.0,2.9094978691306888
2016-04-13,WI_1,HOBBIES_1_008,0.48,18.0,2.880701700129901
2016-04-14,WI_1,HOBBIES_1_008,0.48,11.0,3.593923400591637
2016-04-15,WI_1,HOBBIES_1_008,0.48,5.0,4.535722911103104
2016-04-16,WI_1,HOBBIES_1_008,0.48,0.0,3.953683560133674
2016-04-17,WI_1,HOBBIES_1_008,0.48,0.0,3.481298940962518
2016-04-18,WI_1,HOBBIES_1_008,0.48,4.0,2.2504648999112336
2016-04-19,WI_1,HOBBIES_1_008,0.48,4.0,2.0991719547575114
2016-04-20,WI_1,HOBBIES_1_008,0.48,7.0,3.085159239028968
2016-04-21,WI_1,HOBBIES_1_008,0.48,2.0,3.6445615318369615
2016-04-22,WI_1,HOBBIES_1_008,0.48,4.0,4.9430733181360855
2016-04-23,WI_1,HOBBIES_1_008,0.48,8.0,4.038670526132413
2016-03-26,WI_1,HOBBIES_1_009,1.77,0.0,0.5002329993092346
2016-03-27,WI_1,HOBBIES_1_009,1.77,0.0,0.31270449311623005
2016-03-28,WI_1,HOBBIES_1_009,1.77,0.0,0.2743192802606627
2016-03-29,WI_1,HOBBIES_1_009,1.77,0.0,0.2568105484806868
2016-03-30,WI_1,HOBBIES_1_009,1.77,0.0,0.23350064226720507
2016-03-31,WI_1,HOBBIES_1_009,1.77,1.0,0.29397326601430374
2016-04-01,WI_1,HOBBIES_1_009,1.77,1.0,0.3535686006991931
2016-04-02,WI_1,HOBBIES_1_009,1.77,4.0,0.46019243311662417
2016-04-03,WI_1,HOBBIES_1_009,1.77,1.0,0.3916327986651263
2016-04-04,WI_1,HOBBIES_1_009,1.77,1.0,0.4916946201278778
2016-04-05,WI_1,HOBBIES_1_009,1.77,3.0,0.4940502435640698
2016-04-06,WI_1,HOBBIES_1_009,1.77,5.0,0.5269742055723996
2016-04-07,WI_1,HOBBIES_1_009,1.77,0.0,0.6922554590008317
2016-04-08,WI_1,HOBBIES_1_009,1.77,0.0,0.9295576906468561
2016-04-09,WI_1,HOBBIES_1_009,1.77,0.0,0.8982358899949955
2016-04-10,WI_1,HOBBIES_1_009,1.77,5.0,0.7353269728385964
2016-04-11,WI_1,HOBBIES_1_009,1.77,3.0,0.6157791351010008
2016-04-12,WI_1,HOBBIES_1_009,1.77,0.0,0.7097521310594308
2016-04-13,WI_1,HOBBIES_1_009,1.77,0.0,0.7425158287494614
2016-04-14,WI_1,HOBBIES_1_009,1.77,8.0,0.869322196712365
2016-04-15,WI_1,HOBBIES_1_009,1.77,0.0,1.10315128310147
2016-04-16,WI_1,HOBBIES_1_009,1.77,0.0,1.2421595424961758
2016-04-17,WI_1,HOBBIES_1_009,1.77,0.0,1.0219479253309491
2016-04-18,WI_1,HOBBIES_1_009,1.77,0.0,0.9413166236383719
2016-04-19,WI_1,HOBBIES_1_009,1.77,0.0,0.910322386246495
2016-04-20,WI_1,HOBBIES_1_009,1.77,2.0,0.859273669471183
2016-04-21,WI_1,HOBBIES_1_009,1.77,0.0,1.037888344663184
2016-04-22,WI_1,HOBBIES_1_009,1.77,2.0,1.3782969359021777
2016-04-23,WI_1,HOBBIES_1_009,1.77,2.0,1.3249694737619147
2016-03-26,WI_1,HOBBIES_1_010,2.97,1.0,0.7766863210580499
2016-03-27,WI_1,HOBBIES_1_010,2.97,1.0,0.5764975908247414
2016-03-28,WI_1,HOBBIES_1_010,2.97,0.0,0.5827499043827109
2016-03-29,WI_1,HOBBIES_1_010,2.97,0.0,0.5924164996473972
2016-03-30,WI_1,HOBBIES_1_010,2.97,1.0,0.5410672271510072
2016-03-31,WI_1,HOBBIES_1_010,2.97,0.0,0.6270062138367216
2016-04-01,WI_1,HOBBIES_1_010,2.97,1.0,0.7299826272099724
2016-04-02,WI_1,HOBBIES_1_010,2.97,0.0,0.7135204138034321
2016-04-03,WI_1,HOBBIES_1_010,2.97,2.0,0.5547148437679572
2016-04-04,WI_1,HOBBIES_1_010,2.97,0.0,0.46376517713250087
2016-04-05,WI_1,HOBBIES_1_010,2.97,0.0,0.4961665175218707
2016-04-06,WI_1,HOBBIES_1_010,2.97,0.0,0.4856394720889484
2016-04-07,WI_1,HOBBIES_1_010,2.97,1.0,0.5715784587746624
2016-04-08,WI_1,HOBBIES_1_010,2.97,1.0,0.699172991330404
2016-04-09,WI_1,HOBBIES_1_010,2.97,1.0,0.6911370474849606
2016-04-10,WI_1,HOBBIES_1_010,2.97,1.0,0.48889459999677426
2016-04-11,WI_1,HOBBIES_1_010,2.97,0.0,0.4855340610203829
2016-04-12,WI_1,HOBBIES_1_010,2.97,1.0,0.47853573727651155
2016-04-13,WI_1,HOBBIES_1_010,2.97,1.0,0.4636279219408804
2016-04-14,WI_1,HOBBIES_1_010,2.97,1.0,0.5485560620521038
2016-04-15,WI_1,HOBBIES_1_010,2.97,0.0,0.6743228645904303
2016-04-16,WI_1,HOBBIES_1_010,2.97,0.0,0.6951901539273061
2016-04-17,WI_1,HOBBIES_1_010,2.97,0.0,0.5299326434471785
2016-04-18,WI_1,HOBBIES_1_010,2.97,2.0,0.5200215382397408
2016-04-19,WI_1,HOBBIES_1_010,2.97,0.0,0.5157780235286525
2016-04-20,WI_1,HOBBIES_1_010,2.97,0.0,0.5827499043827109
2016-04-21,WI_1,HOBBIES_1_010,2.97,0.0,0.6565449342012522
2016-04-22,WI_1,HOBBIES_1_010,2.97,1.0,0.7335550574811969
2016-04-23,WI_1,HOBBIES_1_010,2.97,2.0,0.6788301366084935
2016-03-26,WI_1,HOBBIES_1_011,3.48,0.0,0.06430042638254455
2016-03-27,WI_1,HOBBIES_1_011,3.48,0.0,0.034029553749410885
2016-03-28,WI_1,HOBBIES_1_011,3.48,0.0,0.023229965956382284
2016-03-29,WI_1,HOBBIES_1_011,3.48,0.0,0.023229965956382284
2016-03-30,WI_1,HOBBIES_1_011,3.48,0.0,0.023229965956382284
2016-03-31,WI_1,HOBBIES_1_011,3.48,0.0,0.0428327960086863
2016-04-01,WI_1,HOBBIES_1_011,3.48,0.0,0.07401179972632767
2016-04-02,WI_1,HOBBIES_1_011,3.48,1.0,0.06430042638254455
2016-04-03,WI_1,HOBBIES_1_011,3.48,0.0,0.034029553749410885
2016-04-04,WI_1,HOBBIES_1_011,3.48,0.0,0.1029012880563942
2016-04-05,WI_1,HOBBIES_1_011,3.48,0.0,0.09763564722245929
2016-04-06,WI_1,HOBBIES_1_011,3.48,0.0,0.09763564722245929
2016-04-07,WI_1,HOBBIES_1_011,3.48,0.0,0.1337998025046325
2016-04-08,WI_1,HOBBIES_1_011,3.48,0.0,0.18114247219989044
2016-04-09,WI_1,HOBBIES_1_011,3.48,0.0,0.17143109885610733
2016-04-10,WI_1,HOBBIES_1_011,3.48,0.0,0.10824709907358988
2016-04-11,WI_1,HOBBIES_1_011,3.48,0.0,0.06519440233929327
2016-04-12,WI_1,HOBBIES_1_011,3.48,0.0,0.06519440233929327
2016-04-13,WI_1,HOBBIES_1_011,3.48,0.0,0.06519440233929327
2016-04-14,WI_1,HOBBIES_1_011,3.48,0.0,0.10135855762146637
2016-04-15,WI_1,HOBBIES_1_011,3.48,0.0,0.13943544348989848
2016-04-16,WI_1,HOBBIES_1_011,3.48,1.0,0.12972407014611537
2016-04-17,WI_1,HOBBIES_1_011,3.48,0.0,0.07889891691807384
2016-04-18,WI_1,HOBBIES_1_011,3.48,0.0,0.1239580830322142
2016-04-19,WI_1,HOBBIES_1_011,3.48,0.0,0.11869244219827915
2016-04-20,WI_1,HOBBIES_1_011,3.48,0.0,0.11869244219827915
2016-04-21,WI_1,HOBBIES_1_011,3.48,0.0,0.1548565974804523
2016-04-22,WI_1,HOBBIES_1_011,3.48,1.0,0.20219926717571024
2016-04-23,WI_1,HOBBIES_1_011,3.48,0.0,0.19248789383192713
2016-03-26,WI_1,HOBBIES_1_012,6.52,0.0,0.4984202233927538
2016-03-27,WI_1,HOBBIES_1_012,6.52,0.0,0.3918596853533059
2016-03-28,WI_1,HOBBIES_1_012,6.52,0.0,0.37564749213855675
2016-03-29,WI_1,HOBBIES_1_012,6.52,0.0,0.34881643670476836
2016-03-30,WI_1,HOBBIES_1_012,6.52,0.0,0.26951223817804515
2016-03-31,WI_1,HOBBIES_1_012,6.52,0.0,0.2805873218712431
2016-04-01,WI_1,HOBBIES_1_012,6.52,0.0,0.32684867887348035
2016-04-02,WI_1,HOBBIES_1_012,6.52,1.0,0.3171373055296972
2016-04-03,WI_1,HOBBIES_1_012,6.52,0.0,0.22059166732556884
2016-04-04,WI_1,HOBBIES_1_012,6.52,0.0,0.23874538010926077
2016-04-05,WI_1,HOBBIES_1_012,6.52,0.0,0.20940007827377763
2016-04-06,WI_1,HOBBIES_1_012,6.52,0.0,0.20940007827377763
2016-04-07,WI_1,HOBBIES_1_012,6.52,0.0,0.26563899953937903
2016-04-08,WI_1,HOBBIES_1_012,6.52,1.0,0.3211661403684424
2016-04-09,WI_1,HOBBIES_1_012,6.52,2.0,0.31145476702465924
2016-04-10,WI_1,HOBBIES_1_012,6.52,0.0,0.28448627502619056
2016-04-11,WI_1,HOBBIES_1_012,6.52,0.0,0.3332550496542691
2016-04-12,WI_1,HOBBIES_1_012,6.52,0.0,0.3279894088203342
2016-04-13,WI_1,HOBBIES_1_012,6.52,0.0,0.3279894088203342
2016-04-14,WI_1,HOBBIES_1_012,6.52,0.0,0.39282440541955393
2016-04-15,WI_1,HOBBIES_1_012,6.52,0.0,0.46047351341831444
2016-04-16,WI_1,HOBBIES_1_012,6.52,0.0,0.3892254595777578
2016-04-17,WI_1,HOBBIES_1_012,6.52,1.0,0.29680280312464186
2016-04-18,WI_1,HOBBIES_1_012,6.52,0.0,0.20103849439216007
2016-04-19,WI_1,HOBBIES_1_012,6.52,0.0,0.2146657191077125
2016-04-20,WI_1,HOBBIES_1_012,6.52,0.0,0.1855347000574261
2016-04-21,WI_1,HOBBIES_1_012,6.52,0.0,0.23009339221680114
2016-04-22,WI_1,HOBBIES_1_012,6.52,1.0,0.2804091899957588
2016-04-23,WI_1,HOBBIES_1_012,6.52,1.0,0.2706978166519757
2016-03-26,WI_1,HOBBIES_1_013,1.97,0.0,0.7243101011622544
2016-03-27,WI_1,HOBBIES_1_013,1.97,0.0,0.5406437978848809
2016-03-28,WI_1,HOBBIES_1_013,1.97,1.0,0.5163931797631119
2016-03-29,WI_1,HOBBIES_1_013,1.97,0.0,0.4854488880296769
2016-03-30,WI_1,HOBBIES_1_013,1.97,1.0,0.5443805562069276
2016-03-31,WI_1,HOBBIES_1_013,1.97,0.0,0.6023321664488264
2016-04-01,WI_1,HOBBIES_1_013,1.97,1.0,0.7189110345908907
2016-04-02,WI_1,HOBBIES_1_013,1.97,1.0,0.6207099155030454
2016-04-03,WI_1,HOBBIES_1_013,1.97,1.0,0.4667187971259313
2016-04-04,WI_1,HOBBIES_1_013,1.97,0.0,0.4741549673738027
2016-04-05,WI_1,HOBBIES_1_013,1.97,0.0,0.4626170753663901
2016-04-06,WI_1,HOBBIES_1_013,1.97,1.0,0.4680086918435894
2016-04-07,WI_1,HOBBIES_1_013,1.97,1.0,0.4834928577076624
2016-04-08,WI_1,HOBBIES_1_013,1.97,2.0,0.6433026692731055
2016-04-09,WI_1,HOBBIES_1_013,1.97,0.0,0.6506476066248719
2016-04-10,WI_1,HOBBIES_1_013,1.97,0.0,0.5099402889080401
2016-04-11,WI_1,HOBBIES_1_013,1.97,0.0,0.4750070155874606
2016-04-12,WI_1,HOBBIES_1_013,1.97,0.0,0.4636279219408804
2016-04-13,WI_1,HOBBIES_1_013,1.97,0.0,0.40698049849427087
2016-04-14,WI_1,HOBBIES_1_013,1.97,0.0,0.4834928577076624
2016-04-15,WI_1,HOBBIES_1_013,1.97,0.0,0.5927585573367773
2016-04-16,WI_1,HOBBIES_1_013,1.97,1.0,0.5237157770869081
2016-04-17,WI_1,HOBBIES_1_013,1.97,0.0,0.30901311933676195
2016-04-18,WI_1,HOBBIES_1_013,1.97,1.0,0.35957299766455453
2016-04-19,WI_1,HOBBIES_1_013,1.97,1.0,0.32750154293821765
2016-04-20,WI_1,HOBBIES_1_013,1.97,0.0,0.39051728939799024
2016-04-21,WI_1,HOBBIES_1_013,1.97,0.0,0.5279742687269273
2016-04-22,WI_1,HOBBIES_1_013,1.97,0.0,0.5819951757618413
2016-04-23,WI_1,HOBBIES_1_013,1.97,0.0,0.5684803989479242
2016-03-26,WI_1,HOBBIES_1_014,1.16,2.0,2.5549106729330178
2016-03-27,WI_1,HOBBIES_1_014,1.16,3.0,2.014873122162156
2016-03-28,WI_1,HOBBIES_1_014,1.16,0.0,1.7920171011083135
2016-03-29,WI_1,HOBBIES_1_014,1.16,1.0,1.9567206115462885
2016-03-30,WI_1,HOBBIES_1_014,1.16,1.0,1.997808030348355
2016-03-31,WI_1,HOBBIES_1_014,1.16,4.0,2.5389588336133664
2016-04-01,WI_1,HOBBIES_1_014,1.16,4.0,2.7395997394837166
2016-04-02,WI_1,HOBBIES_1_014,1.16,1.0,2.8672783125480366
2016-04-03,WI_1,HOBBIES_1_014,1.16,1.0,2.0051298945652416
2016-04-04,WI_1,HOBBIES_1_014,1.16,4.0,1.8660734157553993
2016-04-05,WI_1,HOBBIES_1_014,1.16,1.0,1.870835918016904
2016-04-06,WI_1,HOBBIES_1_014,1.16,4.0,1.8605118711175799
2016-04-07,WI_1,HOBBIES_1_014,1.16,4.0,2.357543645488329
2016-04-08,WI_1,HOBBIES_1_014,1.16,3.0,3.118420731424804
2016-04-09,WI_1,HOBBIES_1_014,1.16,3.0,3.1340087446458638
2016-04-10,WI_1,HOBBIES_1_014,1.16,3.0,2.0340026646556506
2016-04-11,WI_1,HOBBIES_1_014,1.16,0.0,2.2217169417860916
2016-04-12,WI_1,HOBBIES_1_014,1.16,3.0,2.058620950834943
2016-04-13,WI_1,HOBBIES_1_014,1.16,0.0,1.9083919409504517
2016-04-14,WI_1,HOBBIES_1_014,1.16,4.0,2.7569386583841315
2016-04-15,WI_1,HOBBIES_1_014,1.16,4.0,2.821296761469202
2016-04-16,WI_1,HOBBIES_1_014,1.16,3.0,2.5915117800570653
2016-04-17,WI_1,HOBBIES_1_014,1.16,1.0,2.0424693211371014
2016-04-18,WI_1,HOBBIES_1_014,1.16,0.0,1.7357720422798473
2016-04-19,WI_1,HOBBIES_1_014,1.16,5.0,1.8761643400319634
2016-04-20,WI_1,HOBBIES_1_014,1.16,0.0,1.8656372945990412
2016-04-21,WI_1,HOBBIES_1_014,1.16,0.0,2.245531562376245
2016-04-22,WI_1,HOBBIES_1_014,1.16,5.0,2.8568023494631296
2016-04-23,WI_1,HOBBIES_1_014,1.16,5.0,2.6696947431341114
2016-03-26,WI_1,HOBBIES_1_015,0.7,2.0,2.5760760575187214
2016-03-27,WI_1,HOBBIES_1_015,0.7,0.0,1.9864375546513573
2016-03-28,WI_1,HOBBIES_1_015,0.7,0.0,1.9619738040280947
2016-03-29,WI_1,HOBBIES_1_015,0.7,1.0,1.8321449156460663
2016-03-30,WI_1,HOBBIES_1_015,0.7,0.0,1.8404472562336704
2016-03-31,WI_1,HOBBIES_1_015,0.7,4.0,2.230402826114745
2016-04-01,WI_1,HOBBIES_1_015,0.7,1.0,2.4372866327223557
2016-04-02,WI_1,HOBBIES_1_015,0.7,0.0,2.470437675663968
2016-04-03,WI_1,HOBBIES_1_015,0.7,0.0,2.0280575750528205
2016-04-04,WI_1,HOBBIES_1_015,0.7,0.0,1.709038951233635
2016-04-05,WI_1,HOBBIES_1_015,0.7,2.0,1.765163268804745
2016-04-06,WI_1,HOBBIES_1_015,0.7,0.0,1.6790647781283417
2016-04-07,WI_1,HOBBIES_1_015,0.7,7.0,2.1141652961750883
2016-04-08,WI_1,HOBBIES_1_015,0.7,2.0,2.399793339150651
2016-04-09,WI_1,HOBBIES_1_015,0.7,1.0,2.4440526647263594
2016-04-10,WI_1,HOBBIES_1_015,0.7,0.0,1.7864170459410853
2016-04-11,WI_1,HOBBIES_1_015,0.7,2.0,1.5716854615462381
2016-04-12,WI_1,HOBBIES_1_015,0.7,2.0,1.607214202057846
2016-04-13,WI_1,HOBBIES_1_015,0.7,3.0,1.7622559116613987
2016-04-14,WI_1,HOBBIES_1_015,0.7,2.0,2.0217761331628132
2016-04-15,WI_1,HOBBIES_1_015,0.7,4.0,2.6154218846652046
2016-04-16,WI_1,HOBBIES_1_015,0.7,0.0,2.438482481805022
2016-04-17,WI_1,HOBBIES_1_015,0.7,0.0,2.025140831939224
2016-04-18,WI_1,HOBBIES_1_015,0.7,1.0,1.6956364121731888
2016-04-19,WI_1,HOBBIES_1_015,0.7,0.0,1.7536581488832497
2016-04-20,WI_1,HOBBIES_1_015,0.7,1.0,1.7942021880710812
2016-04-21,WI_1,HOBBIES_1_015,0.7,1.0,1.9299611614581862
2016-04-22,WI_1,HOBBIES_1_015,0.7,4.0,2.4102029421543083
2016-04-23,WI_1,HOBBIES_1_015,0.7,0.0,2.05528212954388
2016-03-26,WI_1,HOBBIES_1_016,0.7,30.0,5.259306237278783
2016-03-27,WI_1,HOBBIES_1_016,0.7,0.0,3.7170207524634513
2016-03-28,WI_1,HOBBIES_1_016,0.7,1.0,2.6644645025679026
2016-03-29,WI_1,HOBBIES_1_016,0.7,1.0,2.2362539231149015
2016-03-30,WI_1,HOBBIES_1_016,0.7,3.0,2.5339522146902382
2016-03-31,WI_1,HOBBIES_1_016,0.7,0.0,3.124539159549717
2016-04-01,WI_1,HOBBIES_1_016,0.7,2.0,4.50574584153236
2016-04-02,WI_1,HOBBIES_1_016,0.7,3.0,3.4598522630226514
2016-04-03,WI_1,HOBBIES_1_016,0.7,7.0,3.187189549408603
2016-04-04,WI_1,HOBBIES_1_016,0.7,6.0,3.684394936349111
2016-04-05,WI_1,HOBBIES_1_016,0.7,0.0,3.4543762572170382
2016-04-06,WI_1,HOBBIES_1_016,0.7,8.0,3.9418114546508654
2016-04-07,WI_1,HOBBIES_1_016,0.7,5.0,3.9360901711894907
2016-04-08,WI_1,HOBBIES_1_016,0.7,10.0,5.235670984542249
2016-04-09,WI_1,HOBBIES_1_016,0.7,13.0,5.270758430210119
2016-04-10,WI_1,HOBBIES_1_016,0.7,5.0,4.278133812568787
2016-04-11,WI_1,HOBBIES_1_016,0.7,5.0,3.9685041203839297
2016-04-12,WI_1,HOBBIES_1_016,0.7,5.0,4.399877014685223
2016-04-13,WI_1,HOBBIES_1_016,0.7,0.0,4.545666644391775
2016-04-14,WI_1,HOBBIES_1_016,0.7,0.0,5.7129585320261915
2016-04-15,WI_1,HOBBIES_1_016,0.7,5.0,6.137758807782782
2016-04-16,WI_1,HOBBIES_1_016,0.7,3.0,5.401989006670626
2016-04-17,WI_1,HOBBIES_1_016,0.7,4.0,5.028050064929058
2016-04-18,WI_1,HOBBIES_1_016,0.7,1.0,4.666604657420332
2016-04-19,WI_1,HOBBIES_1_016,0.7,1.0,4.011310644629549
2016-04-20,WI_1,HOBBIES_1_016,0.7,2.0,3.9256752264191186
2016-04-21,WI_1,HOBBIES_1_016,0.7,5.0,4.175854908058454
2016-04-22,WI_1,HOBBIES_1_016,0.7,5.0,5.027669808282173
2016-04-23,WI_1,HOBBIES_1_016,0.7,19.0,4.81732399679761
2016-03-26,WI_1,HOBBIES_1_017,1.98,0.0,0.8080683922304251
2016-03-27,WI_1,HOBBIES_1_017,1.98,2.0,0.7471190964891544
2016-03-28,WI_1,HOBBIES_1_017,1.98,0.0,0.7092595201998279
2016-03-29,WI_1,HOBBIES_1_017,1.98,0.0,0.7056518059038046
2016-03-30,WI_1,HOBBIES_1_017,1.98,0.0,0.7795460842940284
2016-03-31,WI_1,HOBBIES_1_017,1.98,0.0,0.6651765414552294
2016-04-01,WI_1,HOBBIES_1_017,1.98,3.0,0.8120253442649192
2016-04-02,WI_1,HOBBIES_1_017,1.98,0.0,0.7256074686908566
2016-04-03,WI_1,HOBBIES_1_017,1.98,0.0,0.6154578493991057
2016-04-04,WI_1,HOBBIES_1_017,1.98,0.0,0.5670833088669495
2016-04-05,WI_1,HOBBIES_1_017,1.98,0.0,0.5514607005092811
2016-04-06,WI_1,HOBBIES_1_017,1.98,1.0,0.5514607005092811
2016-04-07,WI_1,HOBBIES_1_017,1.98,0.0,0.6373996871949955
2016-04-08,WI_1,HOBBIES_1_017,1.98,0.0,0.845070809484875
2016-04-09,WI_1,HOBBIES_1_017,1.98,3.0,0.8126899341682132
2016-04-10,WI_1,HOBBIES_1_017,1.98,0.0,0.5249598901511755
2016-04-11,WI_1,HOBBIES_1_017,1.98,0.0,0.583691591664185
2016-04-12,WI_1,HOBBIES_1_017,1.98,0.0,0.5731645462312629
2016-04-13,WI_1,HOBBIES_1_017,1.98,0.0,0.5731645462312629
2016-04-14,WI_1,HOBBIES_1_017,1.98,0.0,0.6416432019060838
2016-04-15,WI_1,HOBBIES_1_017,1.98,2.0,0.7836557802972766
2016-04-16,WI_1,HOBBIES_1_017,1.98,0.0,0.7701410034833595
2016-04-17,WI_1,HOBBIES_1_017,1.98,2.0,0.6154578493991057
2016-04-18,WI_1,HOBBIES_1_017,1.98,0.0,0.5497721726841269
2016-04-19,WI_1,HOBBIES_1_017,1.98,0.0,0.5696699425399442
2016-04-20,WI_1,HOBBIES_1_017,1.98,0.0,0.559142897107022
2016-04-21,WI_1,HOBBIES_1_017,1.98,0.0,0.6450818837927365
2016-04-22,WI_1,HOBBIES_1_017,1.98,1.0,0.7913379768950175
2016-04-23,WI_1,HOBBIES_1_017,1.98,3.0,0.8320951666527721
2016-03-26,WI_1,HOBBIES_1_018,11.88,0.0,0.2992998579970659
2016-03-27,WI_1,HOBBIES_1_018,11.88,0.0,0.21572877444688954
2016-03-28,WI_1,HOBBIES_1_018,11.88,1.0,0.1800720426406315
2016-03-29,WI_1,HOBBIES_1_018,11.88,0.0,0.1800720426406315
2016-03-30,WI_1,HOBBIES_1_018,11.88,0.0,0.2395689341869412
2016-03-31,WI_1,HOBBIES_1_018,11.88,0.0,0.2770986786583097
2016-04-01,WI_1,HOBBIES_1_018,11.88,0.0,0.326350829170527
2016-04-02,WI_1,HOBBIES_1_018,11.88,0.0,0.28569516409330836
2016-04-03,WI_1,HOBBIES_1_018,11.88,0.0,0.1928613579709906
2016-04-04,WI_1,HOBBIES_1_018,11.88,0.0,0.1800720426406315
2016-04-05,WI_1,HOBBIES_1_018,11.88,0.0,0.1800720426406315
2016-04-06,WI_1,HOBBIES_1_018,11.88,2.0,0.14705237852005326
2016-04-07,WI_1,HOBBIES_1_018,11.88,0.0,0.17816753471913035
2016-04-08,WI_1,HOBBIES_1_018,11.88,1.0,0.32172018783038453
2016-04-09,WI_1,HOBBIES_1_018,11.88,0.0,0.298404120582844
2016-04-10,WI_1,HOBBIES_1_018,11.88,0.0,0.2730219398101101
2016-04-11,WI_1,HOBBIES_1_018,11.88,0.0,0.2570500331711214
2016-04-12,WI_1,HOBBIES_1_018,11.88,0.0,0.23376307419218154
2016-04-13,WI_1,HOBBIES_1_018,11.88,1.0,0.23376307419218154
2016-04-14,WI_1,HOBBIES_1_018,11.88,0.0,0.27090276437250904
2016-04-15,WI_1,HOBBIES_1_018,11.88,0.0,0.30580152592026316
2016-04-16,WI_1,HOBBIES_1_018,11.88,1.0,0.2824854586727226
2016-04-17,WI_1,HOBBIES_1_018,11.88,1.0,0.1928613579709906
2016-04-18,WI_1,HOBBIES_1_018,11.88,0.0,0.2395689341869412
2016-04-19,WI_1,HOBBIES_1_018,11.88,0.0,0.2863953350066045
2016-04-20,WI_1,HOBBIES_1_018,11.88,0.0,0.28112969417266953
2016-04-21,WI_1,HOBBIES_1_018,11.88,1.0,0.32392507947797267
2016-04-22,WI_1,HOBBIES_1_018,11.88,1.0,0.3504304901720752
2016-04-23,WI_1,HOBBIES_1_018,11.88,0.0,0.3770705505501643
2016-03-26,WI_1,HOBBIES_1_019,0.48,0.0,5.416831612994479
2016-03-27,WI_1,HOBBIES_1_019,0.48,9.0,5.611207748736041
2016-03-28,WI_1,HOBBIES_1_019,0.48,7.0,3.880713568784583
2016-03-29,WI_1,HOBBIES_1_019,0.48,7.0,5.1054867561411275
2016-03-30,WI_1,HOBBIES_1_019,0.48,10.0,5.4321316296002715
2016-03-31,WI_1,HOBBIES_1_019,0.48,9.0,6.672180147711879
2016-04-01,WI_1,HOBBIES_1_019,0.48,19.0,8.29853576030182
2016-04-02,WI_1,HOBBIES_1_019,0.48,5.0,7.1739718172592735
2016-04-03,WI_1,HOBBIES_1_019,0.48,7.0,5.467525820459194
2016-04-04,WI_1,HOBBIES_1_019,0.48,4.0,6.096141262676883
2016-04-05,WI_1,HOBBIES_1_019,0.48,6.0,6.491208944398955
2016-04-06,WI_1,HOBBIES_1_019,0.48,2.0,6.190744257877999
2016-04-07,WI_1,HOBBIES_1_019,0.48,6.0,7.406822654275263
2016-04-08,WI_1,HOBBIES_1_019,0.48,13.0,8.570817691174195
2016-04-09,WI_1,HOBBIES_1_019,0.48,3.0,6.489221788996734
2016-04-10,WI_1,HOBBIES_1_019,0.48,2.0,5.768764156407688
2016-04-11,WI_1,HOBBIES_1_019,0.48,12.0,5.8390127027725995
2016-04-12,WI_1,HOBBIES_1_019,0.48,14.0,5.738676893576791
2016-04-13,WI_1,HOBBIES_1_019,0.48,4.0,6.109005678354715
2016-04-14,WI_1,HOBBIES_1_019,0.48,5.0,6.922949321758519
2016-04-15,WI_1,HOBBIES_1_019,0.48,11.0,9.231262308652337
2016-04-16,WI_1,HOBBIES_1_019,0.48,12.0,7.461199078654238
2016-04-17,WI_1,HOBBIES_1_019,0.48,0.0,6.1000384626764905
2016-04-18,WI_1,HOBBIES_1_019,0.48,0.0,6.289927953823585
2016-04-19,WI_1,HOBBIES_1_019,0.48,0.0,5.9619079170943525
2016-04-20,WI_1,HOBBIES_1_019,0.48,2.0,5.055682106606594
2016-04-21,WI_1,HOBBIES_1_019,0.48,15.0,5.310231909910562
2016-04-22,WI_1,HOBBIES_1_019,0.48,6.0,8.702512323080056
2016-04-23,WI_1,HOBBIES_1_019,0.48,7.0,6.968646162966143
2016-03-26,WI_1,HOBBIES_1_020,12.68,1.0,1.2949006236020575
2016-03-27,WI_1,HOBBIES_1_020,12.68,0.0,0.855945910158696
2016-03-28,WI_1,HOBBIES_1_020,12.68,2.0,0.8780630108815811
2016-03-29,WI_1,HOBBIES_1_020,12.68,1.0,0.7092447787520931
2016-03-30,WI_1,HOBBIES_1_020,12.68,1.0,0.7715590552644583
2016-03-31,WI_1,HOBBIES_1_020,12.68,2.0,0.8959240114686542
2016-04-01,WI_1,HOBBIES_1_020,12.68,1.0,1.0465948622275503
2016-04-02,WI_1,HOBBIES_1_020,12.68,0.0,1.1264668147153971
2016-04-03,WI_1,HOBBIES_1_020,12.68,0.0,0.8401864473439892
2016-04-04,WI_1,HOBBIES_1_020,12.68,0.0,0.7697320963171762
2016-04-05,WI_1,HOBBIES_1_020,12.68,0.0,0.7405606710212931
2016-04-06,WI_1,HOBBIES_1_020,12.68,1.0,0.6972983347789379
2016-04-07,WI_1,HOBBIES_1_020,12.68,1.0,0.7855842469574775
2016-04-08,WI_1,HOBBIES_1_020,12.68,3.0,0.9325613807448311
2016-04-09,WI_1,HOBBIES_1_020,12.68,1.0,0.9186064926899596
2016-04-10,WI_1,HOBBIES_1_020,12.68,0.0,0.7495814157960919
2016-04-11,WI_1,HOBBIES_1_020,12.68,0.0,0.7279900336922658
2016-04-12,WI_1,HOBBIES_1_020,12.68,0.0,0.722724392858331
2016-04-13,WI_1,HOBBIES_1_020,12.68,0.0,0.722724392858331
2016-04-14,WI_1,HOBBIES_1_020,12.68,3.0,0.7831023603895947
2016-04-15,WI_1,HOBBIES_1_020,12.68,0.0,0.9460952433023609
2016-04-16,WI_1,HOBBIES_1_020,12.68,0.0,1.1118939078694556
2016-04-17,WI_1,HOBBIES_1_020,12.68,1.0,0.6933840085296289
2016-04-18,WI_1,HOBBIES_1_020,12.68,0.0,0.6123968736268606
2016-04-19,WI_1,HOBBIES_1_020,12.68,0.0,0.6219060291718836
2016-04-20,WI_1,HOBBIES_1_020,12.68,0.0,0.5803424542785879
2016-04-21,WI_1,HOBBIES_1_020,12.68,2.0,0.6583663847348358
2016-04-22,WI_1,HOBBIES_1_020,12.68,1.0,0.8557365334687008
2016-04-23,WI_1,HOBBIES_1_020,12.68,2.0,0.7630460916089079
2016-03-26,WI_1,HOBBIES_1_021,11.88,0.0,0.3330847313083382
2016-03-27,WI_1,HOBBIES_1_021,11.88,0.0,0.23980843544843763
2016-03-28,WI_1,HOBBIES_1_021,11.88,1.0,0.1800720426406315
2016-03-29,WI_1,HOBBIES_1_021,11.88,0.0,0.1794936234032193
2016-03-30,WI_1,HOBBIES_1_021,11.88,0.0,0.1853376834745664
2016-03-31,WI_1,HOBBIES_1_021,11.88,0.0,0.21721173282095874
2016-04-01,WI_1,HOBBIES_1_021,11.88,1.0,0.26125254028307027
2016-04-02,WI_1,HOBBIES_1_021,11.88,0.0,0.2515411669392869
2016-04-03,WI_1,HOBBIES_1_021,11.88,1.0,0.25027519999199527
2016-04-04,WI_1,HOBBIES_1_021,11.88,0.0,0.23430329335300631
2016-04-05,WI_1,HOBBIES_1_021,11.88,0.0,0.2863953350066045
2016-04-06,WI_1,HOBBIES_1_021,11.88,1.0,0.25838295435455483
2016-04-07,WI_1,HOBBIES_1_021,11.88,1.0,0.30117833965985796
2016-04-08,WI_1,HOBBIES_1_021,11.88,1.0,0.4100918301074293
2016-04-09,WI_1,HOBBIES_1_021,11.88,1.0,0.40462397147473456
2016-04-10,WI_1,HOBBIES_1_021,11.88,0.0,0.32465502173622834
2016-04-11,WI_1,HOBBIES_1_021,11.88,0.0,0.3155388258010291
2016-04-12,WI_1,HOBBIES_1_021,11.88,0.0,0.3261918468772158
2016-04-13,WI_1,HOBBIES_1_021,11.88,0.0,0.3086831150972398
2016-04-14,WI_1,HOBBIES_1_021,11.88,0.0,0.3281685941890611
2016-04-15,WI_1,HOBBIES_1_021,11.88,0.0,0.37317722999018993
2016-04-16,WI_1,HOBBIES_1_021,11.88,1.0,0.3407191168282921
2016-04-17,WI_1,HOBBIES_1_021,11.88,2.0,0.23980843544843763
2016-04-18,WI_1,HOBBIES_1_021,11.88,1.0,0.25601420966853583
2016-04-19,WI_1,HOBBIES_1_021,11.88,0.0,0.35486907879248997
2016-04-20,WI_1,HOBBIES_1_021,11.88,0.0,0.35911259350357827
2016-04-21,WI_1,HOBBIES_1_021,11.88,0.0,0.4052384133085649
2016-04-22,WI_1,HOBBIES_1_021,11.88,1.0,0.46661253099047934
2016-04-23,WI_1,HOBBIES_1_021,11.88,0.0,0.4569011576466962
2016-03-26,WI_1,HOBBIES_1_022,7.18,0.0,0.3171373055296972
2016-03-27,WI_1,HOBBIES_1_022,7.18,2.0,0.22059166732556884
2016-03-28,WI_1,HOBBIES_1_022,7.18,0.0,0.20103849439216007
2016-03-29,WI_1,HOBBIES_1_022,7.18,0.0,0.32642697174627566
2016-03-30,WI_1,HOBBIES_1_022,7.18,1.0,0.3211613309123408
2016-03-31,WI_1,HOBBIES_1_022,7.18,0.0,0.35989152039796585
2016-04-01,WI_1,HOBBIES_1_022,7.18,0.0,0.47407820732207195
2016-04-02,WI_1,HOBBIES_1_022,7.18,0.0,0.4507621400745313
2016-04-03,WI_1,HOBBIES_1_022,7.18,0.0,0.32694078724611714
2016-04-04,WI_1,HOBBIES_1_022,7.18,0.0,0.3104806770403582
2016-04-05,WI_1,HOBBIES_1_022,7.18,0.0,0.25678964548880767
2016-04-06,WI_1,HOBBIES_1_022,7.18,2.0,0.25678964548880767
2016-04-07,WI_1,HOBBIES_1_022,7.18,0.0,0.2897186605409274
2016-04-08,WI_1,HOBBIES_1_022,7.18,0.0,0.4672501294140785
2016-04-09,WI_1,HOBBIES_1_022,7.18,1.0,0.44393406216653786
2016-04-10,WI_1,HOBBIES_1_022,7.18,0.0,0.33737352412708993
2016-04-11,WI_1,HOBBIES_1_022,7.18,0.0,0.29243641166081125
2016-04-12,WI_1,HOBBIES_1_022,7.18,0.0,0.28717077082687636
2016-04-13,WI_1,HOBBIES_1_022,7.18,0.0,0.23980415084638834
2016-04-14,WI_1,HOBBIES_1_022,7.18,0.0,0.29038737698701395
2016-04-15,WI_1,HOBBIES_1_022,7.18,0.0,0.28701214321442114
2016-04-16,WI_1,HOBBIES_1_022,7.18,0.0,0.277300769870638
2016-04-17,WI_1,HOBBIES_1_022,7.18,1.0,0.2029927720036376
2016-04-18,WI_1,HOBBIES_1_022,7.18,2.0,0.1536718744116723
2016-04-19,WI_1,HOBBIES_1_022,7.18,0.0,0.2146657191077125
2016-04-20,WI_1,HOBBIES_1_022,7.18,0.0,0.3157463178742931
2016-04-21,WI_1,HOBBIES_1_022,7.18,1.0,0.3667195983059594
2016-04-22,WI_1,HOBBIES_1_022,7.18,1.0,0.42224673913502275
2016-04-23,WI_1,HOBBIES_1_022,7.18,1.0,0.4686103486893771
2016-03-26,WI_1,HOBBIES_1_023,2.97,0.0,0.18244844366652843
2016-03-27,WI_1,HOBBIES_1_023,2.97,0.0,0.1272055449391682
2016-03-28,WI_1,HOBBIES_1_023,2.97,0.0,0.11782565325154384
2016-03-29,WI_1,HOBBIES_1_023,2.97,0.0,0.11782565325154384
2016-03-30,WI_1,HOBBIES_1_023,2.97,0.0,0.11782565325154384
2016-03-31,WI_1,HOBBIES_1_023,2.97,0.0,0.16079336066084893
2016-04-01,WI_1,HOBBIES_1_023,2.97,0.0,0.1959632204804455
2016-04-02,WI_1,HOBBIES_1_023,2.97,0.0,0.18244844366652843
2016-04-03,WI_1,HOBBIES_1_023,2.97,0.0,0.1272055449391682
2016-04-04,WI_1,HOBBIES_1_023,2.97,0.0,0.11782565325154384
2016-04-05,WI_1,HOBBIES_1_023,2.97,0.0,0.11782565325154384
2016-04-06,WI_1,HOBBIES_1_023,2.97,0.0,0.11782565325154384
2016-04-07,WI_1,HOBBIES_1_023,2.97,1.0,0.16079336066084893
2016-04-08,WI_1,HOBBIES_1_023,2.97,0.0,0.1959632204804455
2016-04-09,WI_1,HOBBIES_1_023,2.97,1.0,0.28361799438641866
2016-04-10,WI_1,HOBBIES_1_023,2.97,0.0,0.17488121434262227
2016-04-11,WI_1,HOBBIES_1_023,2.97,0.0,0.21106963601104886
2016-04-12,WI_1,HOBBIES_1_023,2.97,0.0,0.20054259057812665
2016-04-13,WI_1,HOBBIES_1_023,2.97,0.0,0.1812111898681455
2016-04-14,WI_1,HOBBIES_1_023,2.97,0.0,0.2241788972774504
2016-04-15,WI_1,HOBBIES_1_023,2.97,2.0,0.2833531343779201
2016-04-16,WI_1,HOBBIES_1_023,2.97,1.0,0.23889406583056733
2016-04-17,WI_1,HOBBIES_1_023,2.97,0.0,0.2569935827336935
2016-04-18,WI_1,HOBBIES_1_023,2.97,0.0,0.2753008369189053
2016-04-19,WI_1,HOBBIES_1_023,2.97,0.0,0.264773791485983
2016-04-20,WI_1,HOBBIES_1_023,2.97,0.0,0.264773791485983
2016-04-21,WI_1,HOBBIES_1_023,2.97,0.0,0.31356618612685555
2016-04-22,WI_1,HOBBIES_1_023,2.97,0.0,0.3900302341453864
2016-04-23,WI_1,HOBBIES_1_023,2.97,0.0,0.3765154573314693
2016-03-26,WI_1,HOBBIES_1_024,8.56,0.0,0.6906291661715922
2016-03-27,WI_1,HOBBIES_1_024,8.56,0.0,0.5906813681806656
2016-03-28,WI_1,HOBBIES_1_024,8.56,1.0,0.5587296141402169
2016-03-29,WI_1,HOBBIES_1_024,8.56,1.0,0.5412692831293234
2016-03-30,WI_1,HOBBIES_1_024,8.56,0.0,0.573661850238838
2016-03-31,WI_1,HOBBIES_1_024,8.56,0.0,0.6572059901070395
2016-04-01,WI_1,HOBBIES_1_024,8.56,4.0,0.7768561045695095
2016-04-02,WI_1,HOBBIES_1_024,8.56,1.0,0.7671447312257264
2016-04-03,WI_1,HOBBIES_1_024,8.56,0.0,0.6495734632957512
2016-04-04,WI_1,HOBBIES_1_024,8.56,0.0,0.646239105651485
2016-04-05,WI_1,HOBBIES_1_024,8.56,0.0,0.6097714935821759
2016-04-06,WI_1,HOBBIES_1_024,8.56,0.0,0.5864197380199283
2016-04-07,WI_1,HOBBIES_1_024,8.56,0.0,0.6498559622475717
2016-04-08,WI_1,HOBBIES_1_024,8.56,1.0,0.7897824730868364
2016-04-09,WI_1,HOBBIES_1_024,8.56,1.0,0.842407962323612
2016-04-10,WI_1,HOBBIES_1_024,8.56,0.0,0.4509352616241625
2016-04-11,WI_1,HOBBIES_1_024,8.56,0.0,0.4204700524106949
2016-04-12,WI_1,HOBBIES_1_024,8.56,1.0,0.41520441157676
2016-04-13,WI_1,HOBBIES_1_024,8.56,0.0,0.41520441157676
2016-04-14,WI_1,HOBBIES_1_024,8.56,0.0,0.5408574435080745
2016-04-15,WI_1,HOBBIES_1_024,8.56,0.0,0.6173758291391912
2016-04-16,WI_1,HOBBIES_1_024,8.56,1.0,0.6076644557954081
2016-04-17,WI_1,HOBBIES_1_024,8.56,0.0,0.4473331278124924
2016-04-18,WI_1,HOBBIES_1_024,8.56,0.0,0.43810083265605426
2016-04-19,WI_1,HOBBIES_1_024,8.56,1.0,0.4328351918221194
2016-04-20,WI_1,HOBBIES_1_024,8.56,0.0,0.4328351918221194
2016-04-21,WI_1,HOBBIES_1_024,8.56,1.0,0.5004799234446008
2016-04-22,WI_1,HOBBIES_1_024,8.56,4.0,0.5946290893210763
2016-04-23,WI_1,HOBBIES_1_024,8.56,0.0,0.6388999299445246
2016-03-26,WI_1,HOBBIES_1_025,3.98,0.0,0.4944684379477122
2016-03-27,WI_1,HOBBIES_1_025,3.98,0.0,0.44189638680532456
2016-03-28,WI_1,HOBBIES_1_025,3.98,0.0,0.35737902385915343
2016-03-29,WI_1,HOBBIES_1_025,3.98,0.0,0.35737902385915343
2016-03-30,WI_1,HOBBIES_1_025,3.98,0.0,0.35737902385915343
2016-03-31,WI_1,HOBBIES_1_025,3.98,0.0,0.42221402045837314
2016-04-01,WI_1,HOBBIES_1_025,3.98,2.0,0.497351733383502
2016-04-02,WI_1,HOBBIES_1_025,3.98,0.0,0.5339038423332311
2016-04-03,WI_1,HOBBIES_1_025,3.98,0.0,0.30103955643101016
2016-04-04,WI_1,HOBBIES_1_025,3.98,0.0,0.28207720216527454
2016-04-05,WI_1,HOBBIES_1_025,3.98,0.0,0.28207720216527454
2016-04-06,WI_1,HOBBIES_1_025,3.98,0.0,0.28207720216527454
2016-04-07,WI_1,HOBBIES_1_025,3.98,1.0,0.33831612343087575
2016-04-08,WI_1,HOBBIES_1_025,3.98,1.0,0.4081599470943008
2016-04-09,WI_1,HOBBIES_1_025,3.98,0.0,0.44219125177575047
2016-04-10,WI_1,HOBBIES_1_025,3.98,0.0,0.34161027743345823
2016-04-11,WI_1,HOBBIES_1_025,3.98,0.0,0.3228958401587324
2016-04-12,WI_1,HOBBIES_1_025,3.98,0.0,0.3228958401587324
2016-04-13,WI_1,HOBBIES_1_025,3.98,2.0,0.3053871083787564
2016-04-14,WI_1,HOBBIES_1_025,3.98,0.0,0.3616260296443576
2016-04-15,WI_1,HOBBIES_1_025,3.98,0.0,0.5220280199063408
2016-04-16,WI_1,HOBBIES_1_025,3.98,0.0,0.4944684379477122
2016-04-17,WI_1,HOBBIES_1_025,3.98,0.0,0.3207473288328219
2016-04-18,WI_1,HOBBIES_1_025,3.98,0.0,0.3053871083787564
2016-04-19,WI_1,HOBBIES_1_025,3.98,0.0,0.3053871083787564
2016-04-20,WI_1,HOBBIES_1_025,3.98,0.0,0.3053871083787564
2016-04-21,WI_1,HOBBIES_1_025,3.98,0.0,0.3616260296443576
2016-04-22,WI_1,HOBBIES_1_025,3.98,1.0,0.308826583165816
2016-04-23,WI_1,HOBBIES_1_025,3.98,0.0,0.2991152098220329
2016-03-26,WI_1,HOBBIES_1_026,17.97,0.0,0.5192057770784115
2016-03-27,WI_1,HOBBIES_1_026,17.97,0.0,0.44675296163564765
2016-03-28,WI_1,HOBBIES_1_026,17.97,0.0,0.42496833590706873
2016-03-29,WI_1,HOBBIES_1_026,17.97,0.0,0.41358924226048854
2016-03-30,WI_1,HOBBIES_1_026,17.97,1.0,0.37114784725196925
2016-03-31,WI_1,HOBBIES_1_026,17.97,0.0,0.37333979280504903
2016-04-01,WI_1,HOBBIES_1_026,17.97,0.0,0.4525621191018094
2016-04-02,WI_1,HOBBIES_1_026,17.97,0.0,0.4022557973250654
2016-04-03,WI_1,HOBBIES_1_026,17.97,1.0,0.2803791564508857
2016-04-04,WI_1,HOBBIES_1_026,17.97,1.0,0.26825730061457687
2016-04-05,WI_1,HOBBIES_1_026,17.97,0.0,0.30446723318194735
2016-04-06,WI_1,HOBBIES_1_026,17.97,0.0,0.35486907879248997
2016-04-07,WI_1,HOBBIES_1_026,17.97,0.0,0.4009948985974766
2016-04-08,WI_1,HOBBIES_1_026,17.97,0.0,0.4396222764612761
2016-04-09,WI_1,HOBBIES_1_026,17.97,0.0,0.4022557973250654
2016-04-10,WI_1,HOBBIES_1_026,17.97,2.0,0.29406263339535504
2016-04-11,WI_1,HOBBIES_1_026,17.97,1.0,0.28169286056803644
2016-04-12,WI_1,HOBBIES_1_026,17.97,0.0,0.35486907879248997
2016-04-13,WI_1,HOBBIES_1_026,17.97,0.0,0.37641348808590414
2016-04-14,WI_1,HOBBIES_1_026,17.97,0.0,0.4009948985974766
2016-04-15,WI_1,HOBBIES_1_026,17.97,0.0,0.46236901627939103
2016-04-16,WI_1,HOBBIES_1_026,17.97,0.0,0.4526576429356079
2016-04-17,WI_1,HOBBIES_1_026,17.97,0.0,0.3617252937948638
2016-04-18,WI_1,HOBBIES_1_026,17.97,0.0,0.349603437958555
2016-04-19,WI_1,HOBBIES_1_026,17.97,0.0,0.26825730061457687
2016-04-20,WI_1,HOBBIES_1_026,17.97,0.0,0.2183073239514349
2016-04-21,WI_1,HOBBIES_1_026,17.97,1.0,0.2611027092567382
2016-04-22,WI_1,HOBBIES_1_026,17.97,1.0,0.30108907594212947
2016-04-23,WI_1,HOBBIES_1_026,17.97,0.0,0.3233795189986141
2016-03-26,WI_1,HOBBIES_1_027,19.98,0.0,0.7536849124162389
2016-03-27,WI_1,HOBBIES_1_027,19.98,0.0,0.5987505958584735
2016-03-28,WI_1,HOBBIES_1_027,19.98,0.0,0.5292546287719953
2016-03-29,WI_1,HOBBIES_1_027,19.98,1.0,0.525011114060907
2016-03-30,WI_1,HOBBIES_1_027,19.98,0.0,0.525011114060907
2016-03-31,WI_1,HOBBIES_1_027,19.98,2.0,0.6125442000621779
2016-04-01,WI_1,HOBBIES_1_027,19.98,0.0,0.7052040599954447
2016-04-02,WI_1,HOBBIES_1_027,19.98,1.0,0.736087635084622
2016-04-03,WI_1,HOBBIES_1_027,19.98,0.0,0.5112807513972468
2016-04-04,WI_1,HOBBIES_1_027,19.98,0.0,0.5170599385950365
2016-04-05,WI_1,HOBBIES_1_027,19.98,2.0,0.5117942977611017
2016-04-06,WI_1,HOBBIES_1_027,19.98,0.0,0.5117942977611017
2016-04-07,WI_1,HOBBIES_1_027,19.98,0.0,0.6396827565234648
2016-04-08,WI_1,HOBBIES_1_027,19.98,1.0,0.7593328709859348
2016-04-09,WI_1,HOBBIES_1_027,19.98,0.0,0.679934010496011
2016-04-10,WI_1,HOBBIES_1_027,19.98,0.0,0.519126399920005
2016-04-11,WI_1,HOBBIES_1_027,19.98,1.0,0.4498068208466469
2016-04-12,WI_1,HOBBIES_1_027,19.98,0.0,0.4498068208466469
2016-04-13,WI_1,HOBBIES_1_027,19.98,1.0,0.44168519614631074
2016-04-14,WI_1,HOBBIES_1_027,19.98,1.0,0.4776910490270915
2016-04-15,WI_1,HOBBIES_1_027,19.98,0.0,0.6134572894593738
2016-04-16,WI_1,HOBBIES_1_027,19.98,1.0,0.607989430826679
2016-04-17,WI_1,HOBBIES_1_027,19.98,0.0,0.4592679050010953
2016-04-18,WI_1,HOBBIES_1_027,19.98,0.0,0.44168519614631074
2016-04-19,WI_1,HOBBIES_1_027,19.98,0.0,0.4320387854096671
2016-04-20,WI_1,HOBBIES_1_027,19.98,0.0,0.4277952706985788
2016-04-21,WI_1,HOBBIES_1_027,19.98,0.0,0.48663039147017506
2016-04-22,WI_1,HOBBIES_1_027,19.98,0.0,0.48832220198923465
2016-04-23,WI_1,HOBBIES_1_027,19.98,0.0,0.4476665369120159
2016-03-26,WI_1,HOBBIES_1_028,7.98,0.0,0.5570786823445718
2016-03-27,WI_1,HOBBIES_1_028,7.98,0.0,0.4598746040672462
2016-03-28,WI_1,HOBBIES_1_028,7.98,0.0,0.41512083834298774
2016-03-29,WI_1,HOBBIES_1_028,7.98,0.0,0.41512083834298774
2016-03-30,WI_1,HOBBIES_1_028,7.98,0.0,0.41512083834298774
2016-03-31,WI_1,HOBBIES_1_028,7.98,0.0,0.39577139236293624
2016-04-01,WI_1,HOBBIES_1_028,7.98,0.0,0.3985461125189877
2016-04-02,WI_1,HOBBIES_1_028,7.98,0.0,0.38883473917520456
2016-04-03,WI_1,HOBBIES_1_028,7.98,1.0,0.26184293692488186
2016-04-04,WI_1,HOBBIES_1_028,7.98,1.0,0.22408243474502215
2016-04-05,WI_1,HOBBIES_1_028,7.98,0.0,0.27929805224209914
2016-04-06,WI_1,HOBBIES_1_028,7.98,0.0,0.31024234397553474
2016-04-07,WI_1,HOBBIES_1_028,7.98,1.0,0.3420114794569141
2016-04-08,WI_1,HOBBIES_1_028,7.98,0.0,0.36795372375565
2016-04-09,WI_1,HOBBIES_1_028,7.98,1.0,0.4179036903472208
2016-04-10,WI_1,HOBBIES_1_028,7.98,0.0,0.30431142962950025
2016-04-11,WI_1,HOBBIES_1_028,7.98,0.0,0.31972386672476205
2016-04-12,WI_1,HOBBIES_1_028,7.98,1.0,0.31021471117973876
2016-04-13,WI_1,HOBBIES_1_028,7.98,1.0,0.2641580651481422
2016-04-14,WI_1,HOBBIES_1_028,7.98,0.0,0.37002386010896404
2016-04-15,WI_1,HOBBIES_1_028,7.98,0.0,0.47008535268538393
2016-04-16,WI_1,HOBBIES_1_028,7.98,0.0,0.4425257707267551
2016-04-17,WI_1,HOBBIES_1_028,7.98,0.0,0.3276213358429821
2016-04-18,WI_1,HOBBIES_1_028,7.98,0.0,0.2874679713616237
2016-04-19,WI_1,HOBBIES_1_028,7.98,0.0,0.2874679713616237
2016-04-20,WI_1,HOBBIES_1_028,7.98,0.0,0.2874679713616237
2016-04-21,WI_1,HOBBIES_1_028,7.98,0.0,0.28775728150999713
2016-04-22,WI_1,HOBBIES_1_028,7.98,0.0,0.27122274231067406
2016-04-23,WI_1,HOBBIES_1_028,7.98,2.0,0.2615113689668909
2016-03-26,WI_1,HOBBIES_1_029,8.98,0.0,0.4105893197385166
2016-03-27,WI_1,HOBBIES_1_029,8.98,0.0,0.3029673674045997
2016-03-28,WI_1,HOBBIES_1_029,8.98,0.0,0.229809591644709
2016-03-29,WI_1,HOBBIES_1_029,8.98,0.0,0.20572993064316075
2016-03-30,WI_1,HOBBIES_1_029,8.98,1.0,0.20572993064316075
2016-03-31,WI_1,HOBBIES_1_029,8.98,0.0,0.2602734387384511
2016-04-01,WI_1,HOBBIES_1_029,8.98,1.0,0.37965118903914014
2016-04-02,WI_1,HOBBIES_1_029,8.98,2.0,0.3563351217915996
2016-04-03,WI_1,HOBBIES_1_029,8.98,0.0,0.3142038867362236
2016-04-04,WI_1,HOBBIES_1_029,8.98,0.0,0.34876092983793017
2016-04-05,WI_1,HOBBIES_1_029,8.98,0.0,0.3434952890039953
2016-04-06,WI_1,HOBBIES_1_029,8.98,0.0,0.3434952890039953
2016-04-07,WI_1,HOBBIES_1_029,8.98,1.0,0.3980387970992857
2016-04-08,WI_1,HOBBIES_1_029,8.98,1.0,0.44304743290041476
2016-04-09,WI_1,HOBBIES_1_029,8.98,0.0,0.489411042454769
2016-04-10,WI_1,HOBBIES_1_029,8.98,0.0,0.3645040474789086
2016-04-11,WI_1,HOBBIES_1_029,8.98,0.0,0.31650503447479195
2016-04-12,WI_1,HOBBIES_1_029,8.98,0.0,0.31650503447479195
2016-04-13,WI_1,HOBBIES_1_029,8.98,0.0,0.29319512826131033
2016-04-14,WI_1,HOBBIES_1_029,8.98,0.0,0.34773863635660085
2016-04-15,WI_1,HOBBIES_1_029,8.98,0.0,0.3969907868688182
2016-04-16,WI_1,HOBBIES_1_029,8.98,0.0,0.3563351217915996
2016-04-17,WI_1,HOBBIES_1_029,8.98,0.0,0.226229618034054
2016-04-18,WI_1,HOBBIES_1_029,8.98,0.0,0.18244297166422124
2016-04-19,WI_1,HOBBIES_1_029,8.98,1.0,0.18244297166422124
2016-04-20,WI_1,HOBBIES_1_029,8.98,1.0,0.18244297166422124
2016-04-21,WI_1,HOBBIES_1_029,8.98,0.0,0.297980324455552
2016-04-22,WI_1,HOBBIES_1_029,8.98,0.0,0.4105954807725756
2016-04-23,WI_1,HOBBIES_1_029,8.98,1.0,0.3872794135250351
2016-03-26,WI_1,HOBBIES_1_030,0.7,2.0,2.115498897630127
2016-03-27,WI_1,HOBBIES_1_030,0.7,1.0,1.7777042757504378
2016-03-28,WI_1,HOBBIES_1_030,0.7,0.0,1.6517051471534634
2016-03-29,WI_1,HOBBIES_1_030,0.7,1.0,1.6519158724231526
2016-03-30,WI_1,HOBBIES_1_030,0.7,0.0,1.5776851820522142
2016-03-31,WI_1,HOBBIES_1_030,0.7,0.0,1.8746468636390268
2016-04-01,WI_1,HOBBIES_1_030,0.7,5.0,1.9742219002489538
2016-04-02,WI_1,HOBBIES_1_030,0.7,0.0,1.8553809778838077
2016-04-03,WI_1,HOBBIES_1_030,0.7,4.0,1.62376202537985
2016-04-04,WI_1,HOBBIES_1_030,0.7,5.0,1.4286860676993889
2016-04-05,WI_1,HOBBIES_1_030,0.7,0.0,1.5290187355193767
2016-04-06,WI_1,HOBBIES_1_030,0.7,1.0,1.676947854128662
2016-04-07,WI_1,HOBBIES_1_030,0.7,3.0,1.805005594612792
2016-04-08,WI_1,HOBBIES_1_030,0.7,1.0,2.201711548191171
2016-04-09,WI_1,HOBBIES_1_030,0.7,6.0,2.096411236742955
2016-04-10,WI_1,HOBBIES_1_030,0.7,6.0,1.7003262436051043
2016-04-11,WI_1,HOBBIES_1_030,0.7,4.0,1.6580206095611902
2016-04-12,WI_1,HOBBIES_1_030,0.7,3.0,1.8134818267757893
2016-04-13,WI_1,HOBBIES_1_030,0.7,0.0,1.8127718395973693
2016-04-14,WI_1,HOBBIES_1_030,0.7,0.0,2.1203060856205354
2016-04-15,WI_1,HOBBIES_1_030,0.7,3.0,2.536383834309917
2016-04-16,WI_1,HOBBIES_1_030,0.7,0.0,2.478467655293602
2016-04-17,WI_1,HOBBIES_1_030,0.7,4.0,2.120061672493291
2016-04-18,WI_1,HOBBIES_1_030,0.7,1.0,1.8112060025017902
2016-04-19,WI_1,HOBBIES_1_030,0.7,2.0,1.8650051325777326
2016-04-20,WI_1,HOBBIES_1_030,0.7,4.0,1.9164001230779828
2016-04-21,WI_1,HOBBIES_1_030,0.7,3.0,2.3695923818725455
2016-04-22,WI_1,HOBBIES_1_030,0.7,3.0,2.8156608681069546
2016-04-23,WI_1,HOBBIES_1_030,0.7,0.0,2.7615280723885456
2016-03-26,WI_2,HOBBIES_1_001,8.38,0.0,0.13796172987732946
2016-03-27,WI_2,HOBBIES_1_001,8.38,0.0,0.10754988148784188
2016-03-28,WI_2,HOBBIES_1_001,8.38,1.0,0.10287661104004041
2016-03-29,WI_2,HOBBIES_1_001,8.38,0.0,0.10287661104004041
2016-03-30,WI_2,HOBBIES_1_001,8.38,0.0,0.16014333858323074
2016-03-31,WI_2,HOBBIES_1_001,8.38,0.0,0.15305949014301087
2016-04-01,WI_2,HOBBIES_1_001,8.38,0.0,0.16223551786357515
2016-04-02,WI_2,HOBBIES_1_001,8.38,0.0,0.15901852485314927
2016-04-03,WI_2,HOBBIES_1_001,8.38,0.0,0.12860667646366186
2016-04-04,WI_2,HOBBIES_1_001,8.38,1.0,0.12393340601586024
2016-04-05,WI_2,HOBBIES_1_001,8.38,1.0,0.12393340601586024
2016-04-06,WI_2,HOBBIES_1_001,8.38,0.0,0.14853044755977632
2016-04-07,WI_2,HOBBIES_1_001,8.38,0.0,0.22815862184922564
2016-04-08,WI_2,HOBBIES_1_001,8.38,0.0,0.23859543807898015
2016-04-09,WI_2,HOBBIES_1_001,8.38,0.0,0.23537844506855427
2016-04-10,WI_2,HOBBIES_1_001,8.38,0.0,0.19743625387389874
2016-04-11,WI_2,HOBBIES_1_001,8.38,0.0,0.19376689688814042
2016-04-12,WI_2,HOBBIES_1_001,8.38,1.0,0.19376689688814042
2016-04-13,WI_2,HOBBIES_1_001,8.38,0.0,0.1628226051547049
2016-04-14,WI_2,HOBBIES_1_001,8.38,1.0,0.22496568000823597
2016-04-15,WI_2,HOBBIES_1_001,8.38,1.0,0.23540249623799048
2016-04-16,WI_2,HOBBIES_1_001,8.38,0.0,0.28333744208342
2016-04-17,WI_2,HOBBIES_1_001,8.38,0.0,0.2754019284280523
2016-04-18,WI_2,HOBBIES_1_001,8.38,0.0,0.2623056775834852
2016-04-19,WI_2,HOBBIES_1_001,8.38,0.0,0.2623056775834852
2016-04-20,WI_2,HOBBIES_1_001,8.38,0.0,0.2623056775834852
2016-04-21,WI_2,HOBBIES_1_001,8.38,0.0,0.2572472841263991
2016-04-22,WI_2,HOBBIES_1_001,8.38,0.0,0.27294974119008847
2016-04-23,WI_2,HOBBIES_1_001,8.38,1.0,0.23878845644622684
2016-03-26,WI_2,HOBBIES_1_002,3.97,0.0,0.6168344587806999
2016-03-27,WI_2,HOBBIES_1_002,3.97,0.0,0.465845479227959
2016-03-28,WI_2,HOBBIES_1_002,3.97,0.0,0.41660184706877523
2016-03-29,WI_2,HOBBIES_1_002,3.97,2.0,0.3629108155172249
2016-03-30,WI_2,HOBBIES_1_002,3.97,0.0,0.3629108155172249
2016-03-31,WI_2,HOBBIES_1_002,3.97,0.0,0.5028537077056153
2016-04-01,WI_2,HOBBIES_1_002,3.97,1.0,0.5409312381001339
2016-04-02,WI_2,HOBBIES_1_002,3.97,0.0,0.537714245089708
2016-04-03,WI_2,HOBBIES_1_002,3.97,3.0,0.39526653249632354
2016-04-04,WI_2,HOBBIES_1_002,3.97,1.0,0.35685955747792986
2016-04-05,WI_2,HOBBIES_1_002,3.97,1.0,0.4779270156022979
2016-04-06,WI_2,HOBBIES_1_002,3.97,0.0,0.5001440636679678
2016-04-07,WI_2,HOBBIES_1_002,3.97,0.0,0.5507304520506704
2016-04-08,WI_2,HOBBIES_1_002,3.97,2.0,0.6026153798202204
2016-04-09,WI_2,HOBBIES_1_002,3.97,0.0,0.5993983868097945
2016-04-10,WI_2,HOBBIES_1_002,3.97,1.0,0.5635124910922099
2016-04-11,WI_2,HOBBIES_1_002,3.97,1.0,0.5377405528843315
2016-04-12,WI_2,HOBBIES_1_002,3.97,1.0,0.5265444354151381
2016-04-13,WI_2,HOBBIES_1_002,3.97,0.0,0.5265444354151381
2016-04-14,WI_2,HOBBIES_1_002,3.97,0.0,0.6187509332973726
2016-04-15,WI_2,HOBBIES_1_002,3.97,1.0,0.6961368096529167
2016-04-16,WI_2,HOBBIES_1_002,3.97,1.0,0.6546144006687253
2016-04-17,WI_2,HOBBIES_1_002,3.97,0.0,0.5340924901467115
2016-04-18,WI_2,HOBBIES_1_002,3.97,0.0,0.4992466798584372
2016-04-19,WI_2,HOBBIES_1_002,3.97,0.0,0.4613064550771101
2016-04-20,WI_2,HOBBIES_1_002,3.97,0.0,0.4570629403660218
2016-04-21,WI_2,HOBBIES_1_002,3.97,0.0,0.48166940496155936
2016-04-22,WI_2,HOBBIES_1_002,3.97,0.0,0.5280565919901078
2016-04-23,WI_2,HOBBIES_1_002,3.97,0.0,0.5248395989796819
2016-03-26,WI_2,HOBBIES_1_003,2.97,0.0,0.3178946600814597
2016-03-27,WI_2,HOBBIES_1_003,2.97,0.0,0.24250012076944083
2016-03-28,WI_2,HOBBIES_1_003,2.97,0.0,0.2388854103516768
2016-03-29,WI_2,HOBBIES_1_003,2.97,0.0,0.20794111861824138
2016-03-30,WI_2,HOBBIES_1_003,2.97,0.0,0.20794111861824138
2016-03-31,WI_2,HOBBIES_1_003,2.97,0.0,0.222404294726852
2016-04-01,WI_2,HOBBIES_1_003,2.97,0.0,0.2381508180773691
2016-04-02,WI_2,HOBBIES_1_003,2.97,1.0,0.23113042159680924
2016-04-03,WI_2,HOBBIES_1_003,2.97,1.0,0.1756046936618273
2016-04-04,WI_2,HOBBIES_1_003,2.97,0.0,0.2184681640511636
2016-04-05,WI_2,HOBBIES_1_003,2.97,0.0,0.249412455784599
2016-04-06,WI_2,HOBBIES_1_003,2.97,0.0,0.2388854103516768
2016-04-07,WI_2,HOBBIES_1_003,2.97,0.0,0.2857898313434534
2016-04-08,WI_2,HOBBIES_1_003,2.97,0.0,0.2955653635252423
2016-04-09,WI_2,HOBBIES_1_003,2.97,0.0,0.28854496704468247
2016-04-10,WI_2,HOBBIES_1_003,2.97,1.0,0.2358971675507786
2016-04-11,WI_2,HOBBIES_1_003,2.97,1.0,0.2073626993808292
2016-04-12,WI_2,HOBBIES_1_003,2.97,0.0,0.2184681640511636
2016-04-13,WI_2,HOBBIES_1_003,2.97,0.0,0.27269941476353876
2016-04-14,WI_2,HOBBIES_1_003,2.97,0.0,0.3059236935325101
2016-04-15,WI_2,HOBBIES_1_003,2.97,0.0,0.3189276199245775
2016-04-16,WI_2,HOBBIES_1_003,2.97,1.0,0.31190722344401767
2016-04-17,WI_2,HOBBIES_1_003,2.97,0.0,0.24250012076944083
2016-04-18,WI_2,HOBBIES_1_003,2.97,1.0,0.2954461545816536
2016-04-19,WI_2,HOBBIES_1_003,2.97,0.0,0.2388854103516768
2016-04-20,WI_2,HOBBIES_1_003,2.97,1.0,0.27269941476353876
2016-04-21,WI_2,HOBBIES_1_003,2.97,0.0,0.2857898313434534
2016-04-22,WI_2,HOBBIES_1_003,2.97,0.0,0.3605404582454371
2016-04-23,WI_2,HOBBIES_1_003,2.97,0.0,0.3346539632621325
2016-03-26,WI_2,HOBBIES_1_004,4.64,0.0,0.6002646909836368
2016-03-27,WI_2,HOBBIES_1_004,4.64,0.0,0.5087583291400675
2016-03-28,WI_2,HOBBIES_1_004,4.64,1.0,0.48006503186109734
2016-03-29,WI_2,HOBBIES_1_004,4.64,0.0,0.3500674150795586
2016-03-30,WI_2,HOBBIES_1_004,4.64,2.0,0.4078217569403438
2016-03-31,WI_2,HOBBIES_1_004,4.64,1.0,0.40147029807458123
2016-04-01,WI_2,HOBBIES_1_004,4.64,0.0,0.5534987431634132
2016-04-02,WI_2,HOBBIES_1_004,4.64,0.0,0.5879439100555826
2016-04-03,WI_2,HOBBIES_1_004,4.64,0.0,0.49643754821201347
2016-04-04,WI_2,HOBBIES_1_004,4.64,0.0,0.4677442509330429
2016-04-05,WI_2,HOBBIES_1_004,4.64,0.0,0.4080019613421975
2016-04-06,WI_2,HOBBIES_1_004,4.64,0.0,0.4037584466311092
2016-04-07,WI_2,HOBBIES_1_004,4.64,0.0,0.45187214368512385
2016-04-08,WI_2,HOBBIES_1_004,4.64,0.0,0.4368741700723509
2016-04-09,WI_2,HOBBIES_1_004,4.64,1.0,0.3789960971602244
2016-04-10,WI_2,HOBBIES_1_004,4.64,0.0,0.29843597354101997
2016-04-11,WI_2,HOBBIES_1_004,4.64,0.0,0.327677950121066
2016-04-12,WI_2,HOBBIES_1_004,4.64,1.0,0.3049035775071552
2016-04-13,WI_2,HOBBIES_1_004,4.64,2.0,0.3049035775071552
2016-04-14,WI_2,HOBBIES_1_004,4.64,0.0,0.4067359389085162
2016-04-15,WI_2,HOBBIES_1_004,4.64,2.0,0.5534987431634132
2016-04-16,WI_2,HOBBIES_1_004,4.64,0.0,0.5361413358543943
2016-04-17,WI_2,HOBBIES_1_004,4.64,2.0,0.5547771219094112
2016-04-18,WI_2,HOBBIES_1_004,4.64,0.0,0.5591207767096923
2016-04-19,WI_2,HOBBIES_1_004,4.64,1.0,0.5343102953222844
2016-04-20,WI_2,HOBBIES_1_004,4.64,0.0,0.5290446544883496
2016-04-21,WI_2,HOBBIES_1_004,4.64,2.0,0.6083171956581525
2016-04-22,WI_2,HOBBIES_1_004,4.64,1.0,0.6420088620941791
2016-04-23,WI_2,HOBBIES_1_004,4.64,0.0,0.6998300870617263
2016-03-26,WI_2,HOBBIES_1_005,2.88,0.0,0.6508827845411457
2016-03-27,WI_2,HOBBIES_1_005,2.88,3.0,0.5557143062949385
2016-03-28,WI_2,HOBBIES_1_005,2.88,1.0,0.507150761340284
2016-03-29,WI_2,HOBBIES_1_005,2.88,1.0,0.6163617555053286
2016-03-30,WI_2,HOBBIES_1_005,2.88,0.0,0.7014351024156622
2016-03-31,WI_2,HOBBIES_1_005,2.88,0.0,0.7879800451116648
2016-04-01,WI_2,HOBBIES_1_005,2.88,0.0,0.7788002890157306
2016-04-02,WI_2,HOBBIES_1_005,2.88,1.0,0.7302368669519727
2016-04-03,WI_2,HOBBIES_1_005,2.88,1.0,0.6699225231584153
2016-04-04,WI_2,HOBBIES_1_005,2.88,0.0,0.5544829584991794
2016-04-05,WI_2,HOBBIES_1_005,2.88,0.0,0.5176778067732062
2016-04-06,WI_2,HOBBIES_1_005,2.88,0.0,0.5029072466291957
2016-04-07,WI_2,HOBBIES_1_005,2.88,0.0,0.5493781939515903
2016-04-08,WI_2,HOBBIES_1_005,2.88,0.0,0.5866131177406292
2016-04-09,WI_2,HOBBIES_1_005,2.88,1.0,0.5795927212600693
2016-04-10,WI_2,HOBBIES_1_005,2.88,3.0,0.4980777662982946
2016-04-11,WI_2,HOBBIES_1_005,2.88,0.0,0.4906875522440035
2016-04-12,WI_2,HOBBIES_1_005,2.88,0.0,0.5708208147647282
2016-04-13,WI_2,HOBBIES_1_005,2.88,1.0,0.5602937693318061
2016-04-14,WI_2,HOBBIES_1_005,2.88,4.0,0.5886892294088477
2016-04-15,WI_2,HOBBIES_1_005,2.88,2.0,0.7081513506968254
2016-04-16,WI_2,HOBBIES_1_005,2.88,0.0,0.8099629801261183
2016-04-17,WI_2,HOBBIES_1_005,2.88,1.0,0.7661179421687018
2016-04-18,WI_2,HOBBIES_1_005,2.88,0.0,0.7120727366367278
2016-04-19,WI_2,HOBBIES_1_005,2.88,0.0,0.7598829565465599
2016-04-20,WI_2,HOBBIES_1_005,2.88,0.0,0.7493559111136378
2016-04-21,WI_2,HOBBIES_1_005,2.88,0.0,0.792037846407115
2016-04-22,WI_2,HOBBIES_1_005,2.88,1.0,0.7541207568880609
2016-04-23,WI_2,HOBBIES_1_005,2.88,1.0,0.6891882005149111
2016-03-26,WI_2,HOBBIES_1_006,0.96,1.0,1.0996461792936303
2016-03-27,WI_2,HOBBIES_1_006,0.96,4.0,0.873577133030806
2016-03-28,WI_2,HOBBIES_1_006,0.96,1.0,0.8344669183539759
2016-03-29,WI_2,HOBBIES_1_006,0.96,6.0,1.0246562733223537
2016-03-30,WI_2,HOBBIES_1_006,0.96,0.0,1.0546670025509732
2016-03-31,WI_2,HOBBIES_1_006,0.96,0.0,1.3128666598124936
2016-04-01,WI_2,HOBBIES_1_006,0.96,4.0,1.2681206277518926
2016-04-02,WI_2,HOBBIES_1_006,0.96,0.0,1.1234621696834197
2016-04-03,WI_2,HOBBIES_1_006,0.96,1.0,0.966365441045399
2016-04-04,WI_2,HOBBIES_1_006,0.96,3.0,1.0573743798280173
2016-04-05,WI_2,HOBBIES_1_006,0.96,2.0,1.0932236446595407
2016-04-06,WI_2,HOBBIES_1_006,0.96,3.0,1.1698133843014056
2016-04-07,WI_2,HOBBIES_1_006,0.96,3.0,1.2525384730699876
2016-04-08,WI_2,HOBBIES_1_006,0.96,0.0,1.521188832068511
2016-04-09,WI_2,HOBBIES_1_006,0.96,0.0,1.6939122263976114
2016-04-10,WI_2,HOBBIES_1_006,0.96,1.0,1.2622955329261782
2016-04-11,WI_2,HOBBIES_1_006,0.96,2.0,1.2487124579012365
2016-04-12,WI_2,HOBBIES_1_006,0.96,0.0,1.2685850991576013
2016-04-13,WI_2,HOBBIES_1_006,0.96,0.0,1.2514842526857373
2016-04-14,WI_2,HOBBIES_1_006,0.96,1.0,1.3308332689680138
2016-04-15,WI_2,HOBBIES_1_006,0.96,1.0,1.3256545017807049
2016-04-16,WI_2,HOBBIES_1_006,0.96,4.0,1.3097262418018756
2016-04-17,WI_2,HOBBIES_1_006,0.96,3.0,1.1170323360627257
2016-04-18,WI_2,HOBBIES_1_006,0.96,0.0,1.250199083134635
2016-04-19,WI_2,HOBBIES_1_006,0.96,0.0,1.3128720723600462
2016-04-20,WI_2,HOBBIES_1_006,0.96,0.0,1.2421769342083464
2016-04-21,WI_2,HOBBIES_1_006,0.96,0.0,1.4475426853714635
2016-04-22,WI_2,HOBBIES_1_006,0.96,0.0,1.5905818679729284
2016-04-23,WI_2,HOBBIES_1_006,0.96,0.0,1.5209208042957256
2016-03-26,WI_2,HOBBIES_1_007,7.88,0.0,0.15901852485314927
2016-03-27,WI_2,HOBBIES_1_007,7.88,0.0,0.18148058925670532
2016-03-28,WI_2,HOBBIES_1_007,7.88,0.0,0.17420909845927693
2016-03-29,WI_2,HOBBIES_1_007,7.88,0.0,0.17420909845927693
2016-03-30,WI_2,HOBBIES_1_007,7.88,0.0,0.15487769774929586
2016-03-31,WI_2,HOBBIES_1_007,7.88,0.0,0.15305949014301087
2016-04-01,WI_2,HOBBIES_1_007,7.88,0.0,0.16223551786357515
2016-04-02,WI_2,HOBBIES_1_007,7.88,0.0,0.15901852485314927
2016-04-03,WI_2,HOBBIES_1_007,7.88,0.0,0.09925849430814565
2016-04-04,WI_2,HOBBIES_1_007,7.88,0.0,0.0914921611326942
2016-04-05,WI_2,HOBBIES_1_007,7.88,0.0,0.0914921611326942
2016-04-06,WI_2,HOBBIES_1_007,7.88,1.0,0.0914921611326942
2016-04-07,WI_2,HOBBIES_1_007,7.88,1.0,0.12061824525984473
2016-04-08,WI_2,HOBBIES_1_007,7.88,0.0,0.20169804182043882
2016-04-09,WI_2,HOBBIES_1_007,7.88,0.0,0.24898313897231147
2016-04-10,WI_2,HOBBIES_1_007,7.88,0.0,0.19743625387389874
2016-04-11,WI_2,HOBBIES_1_007,7.88,0.0,0.19376689688814042
2016-04-12,WI_2,HOBBIES_1_007,7.88,0.0,0.19376689688814042
2016-04-13,WI_2,HOBBIES_1_007,7.88,0.0,0.19376689688814042
2016-04-14,WI_2,HOBBIES_1_007,7.88,0.0,0.2228929810152908
2016-04-15,WI_2,HOBBIES_1_007,7.88,0.0,0.20765114634554493
2016-04-16,WI_2,HOBBIES_1_007,7.88,0.0,0.17796389962068118
2016-04-17,WI_2,HOBBIES_1_007,7.88,0.0,0.1371437799849474
2016-04-18,WI_2,HOBBIES_1_007,7.88,0.0,0.13038136027153902
2016-04-19,WI_2,HOBBIES_1_007,7.88,0.0,0.13038136027153902
2016-04-20,WI_2,HOBBIES_1_007,7.88,0.0,0.13038136027153902
2016-04-21,WI_2,HOBBIES_1_007,7.88,0.0,0.13994964596982595
2016-04-22,WI_2,HOBBIES_1_007,7.88,1.0,0.16162309420224358
2016-04-23,WI_2,HOBBIES_1_007,7.88,1.0,0.1584061011918177
2016-03-26,WI_2,HOBBIES_1_008,0.48,0.0,2.924728757973931
2016-03-27,WI_2,HOBBIES_1_008,0.48,2.0,2.642339926303931
2016-03-28,WI_2,HOBBIES_1_008,0.48,0.0,2.4261748820338798
2016-03-29,WI_2,HOBBIES_1_008,0.48,4.0,2.530879708491651
2016-03-30,WI_2,HOBBIES_1_008,0.48,6.0,2.178289400669972
2016-03-31,WI_2,HOBBIES_1_008,0.48,0.0,2.7598422970372702
2016-04-01,WI_2,HOBBIES_1_008,0.48,3.0,2.9317275757236447
2016-04-02,WI_2,HOBBIES_1_008,0.48,9.0,2.269000381448234
2016-04-03,WI_2,HOBBIES_1_008,0.48,2.0,2.0542506588637193
2016-04-04,WI_2,HOBBIES_1_008,0.48,1.0,2.4506197809005985
2016-04-05,WI_2,HOBBIES_1_008,0.48,1.0,2.6796356909856662
2016-04-06,WI_2,HOBBIES_1_008,0.48,1.0,2.5522627348895006
2016-04-07,WI_2,HOBBIES_1_008,0.48,2.0,2.884954222679593
2016-04-08,WI_2,HOBBIES_1_008,0.48,4.0,2.403521612337765
2016-04-09,WI_2,HOBBIES_1_008,0.48,3.0,2.140294465979385
2016-04-10,WI_2,HOBBIES_1_008,0.48,1.0,2.0613820455484815
2016-04-11,WI_2,HOBBIES_1_008,0.48,4.0,2.416777738205306
2016-04-12,WI_2,HOBBIES_1_008,0.48,0.0,2.3399252515387317
2016-04-13,WI_2,HOBBIES_1_008,0.48,6.0,2.461239898383916
2016-04-14,WI_2,HOBBIES_1_008,0.48,1.0,2.3902891154446158
2016-04-15,WI_2,HOBBIES_1_008,0.48,1.0,3.065170833586105
2016-04-16,WI_2,HOBBIES_1_008,0.48,0.0,2.497228483611937
2016-04-17,WI_2,HOBBIES_1_008,0.48,4.0,2.11596753983633
2016-04-18,WI_2,HOBBIES_1_008,0.48,5.0,2.189616349676138
2016-04-19,WI_2,HOBBIES_1_008,0.48,0.0,2.740905138675738
2016-04-20,WI_2,HOBBIES_1_008,0.48,6.0,2.715988650707888
2016-04-21,WI_2,HOBBIES_1_008,0.48,0.0,2.6491419484194787
2016-04-22,WI_2,HOBBIES_1_008,0.48,1.0,3.083221709213033
2016-04-23,WI_2,HOBBIES_1_008,0.48,0.0,2.469216873194863
2016-03-26,WI_2,HOBBIES_1_009,1.77,0.0,0.20595288673598633
2016-03-27,WI_2,HOBBIES_1_009,1.77,0.0,0.15603207746364298
2016-03-28,WI_2,HOBBIES_1_009,1.77,0.0,0.1573889182684388
2016-03-29,WI_2,HOBBIES_1_009,1.77,0.0,0.1573889182684388
2016-03-30,WI_2,HOBBIES_1_009,1.77,0.0,0.1573889182684388
2016-03-31,WI_2,HOBBIES_1_009,1.77,0.0,0.17288631961853404
2016-04-01,WI_2,HOBBIES_1_009,1.77,0.0,0.1969380444588463
2016-04-02,WI_2,HOBBIES_1_009,1.77,0.0,0.1605372582540165
2016-04-03,WI_2,HOBBIES_1_009,1.77,0.0,0.11814679178684132
2016-04-04,WI_2,HOBBIES_1_009,1.77,0.0,0.11849971912959414
2016-04-05,WI_2,HOBBIES_1_009,1.77,2.0,0.11849971912959414
2016-04-06,WI_2,HOBBIES_1_009,1.77,1.0,0.0549643285432785
2016-04-07,WI_2,HOBBIES_1_009,1.77,0.0,0.2808135619099129
2016-04-08,WI_2,HOBBIES_1_009,1.77,1.0,0.34415620884422987
2016-04-09,WI_2,HOBBIES_1_009,1.77,0.0,0.31474715418976157
2016-04-10,WI_2,HOBBIES_1_009,1.77,0.0,0.28960574333416966
2016-04-11,WI_2,HOBBIES_1_009,1.77,0.0,0.28519210845595827
2016-04-12,WI_2,HOBBIES_1_009,1.77,0.0,0.28519210845595827
2016-04-13,WI_2,HOBBIES_1_009,1.77,0.0,0.28519210845595827
2016-04-14,WI_2,HOBBIES_1_009,1.77,1.0,0.30917571561583523
2016-04-15,WI_2,HOBBIES_1_009,1.77,0.0,0.31133778737729784
2016-04-16,WI_2,HOBBIES_1_009,1.77,0.0,0.36333094153088624
2016-04-17,WI_2,HOBBIES_1_009,1.77,0.0,0.2758983816241163
2016-04-18,WI_2,HOBBIES_1_009,1.77,0.0,0.2801285165876332
2016-04-19,WI_2,HOBBIES_1_009,1.77,0.0,0.2801285165876332
2016-04-20,WI_2,HOBBIES_1_009,1.77,0.0,0.2801285165876332
2016-04-21,WI_2,HOBBIES_1_009,1.77,0.0,0.3210084035981595
2016-04-22,WI_2,HOBBIES_1_009,1.77,0.0,0.3390891372697436
2016-04-23,WI_2,HOBBIES_1_009,1.77,0.0,0.23370423662843176
2016-03-26,WI_2,HOBBIES_1_010,2.97,1.0,0.18224300046375652
2016-03-27,WI_2,HOBBIES_1_010,2.97,0.0,0.12386436393491473
2016-03-28,WI_2,HOBBIES_1_010,2.97,0.0,0.18801817474746427
2016-03-29,WI_2,HOBBIES_1_010,2.97,1.0,0.17749112931454206
2016-03-30,WI_2,HOBBIES_1_010,2.97,2.0,0.17749112931454206
2016-03-31,WI_2,HOBBIES_1_010,2.97,1.0,0.2651515150545189
2016-04-01,WI_2,HOBBIES_1_010,2.97,0.0,0.36356419177870625
2016-04-02,WI_2,HOBBIES_1_010,2.97,0.0,0.36314674851680884
2016-04-03,WI_2,HOBBIES_1_010,2.97,0.0,0.2808694689452243
2016-04-04,WI_2,HOBBIES_1_010,2.97,0.0,0.2658756648808801
2016-04-05,WI_2,HOBBIES_1_010,2.97,1.0,0.2658756648808801
2016-04-06,WI_2,HOBBIES_1_010,2.97,0.0,0.2658756648808801
2016-04-07,WI_2,HOBBIES_1_010,2.97,0.0,0.34344099349463547
2016-04-08,WI_2,HOBBIES_1_010,2.97,1.0,0.3189276199245775
2016-04-09,WI_2,HOBBIES_1_010,2.97,0.0,0.2809629317105822
2016-04-10,WI_2,HOBBIES_1_010,2.97,0.0,0.29831073665754587
2016-04-11,WI_2,HOBBIES_1_010,2.97,0.0,0.28625203033216473
2016-04-12,WI_2,HOBBIES_1_010,2.97,0.0,0.28625203033216473
2016-04-13,WI_2,HOBBIES_1_010,2.97,1.0,0.28625203033216473
2016-04-14,WI_2,HOBBIES_1_010,2.97,0.0,0.29905906280062283
2016-04-15,WI_2,HOBBIES_1_010,2.97,0.0,0.38518328564235216
2016-04-16,WI_2,HOBBIES_1_010,2.97,0.0,0.3592967906590475
2016-04-17,WI_2,HOBBIES_1_010,2.97,1.0,0.28181281272693454
2016-04-18,WI_2,HOBBIES_1_010,2.97,1.0,0.27861764481221085
2016-04-19,WI_2,HOBBIES_1_010,2.97,0.0,0.33759771375854464
2016-04-20,WI_2,HOBBIES_1_010,2.97,0.0,0.38799955936908714
2016-04-21,WI_2,HOBBIES_1_010,2.97,0.0,0.429819913471677
2016-04-22,WI_2,HOBBIES_1_010,2.97,1.0,0.420645382592333
2016-04-23,WI_2,HOBBIES_1_010,2.97,2.0,0.38596988031934554
2016-03-26,WI_2,HOBBIES_1_011,3.48,0.0,0.2198382849737854
2016-03-27,WI_2,HOBBIES_1_011,3.48,1.0,0.16773487368139692
2016-03-28,WI_2,HOBBIES_1_011,3.48,0.0,0.16503592946061246
2016-03-29,WI_2,HOBBIES_1_011,3.48,0.0,0.19646104891252184
2016-03-30,WI_2,HOBBIES_1_011,3.48,0.0,0.19119540807858695
2016-03-31,WI_2,HOBBIES_1_011,3.48,0.0,0.2194470557304137
2016-04-01,WI_2,HOBBIES_1_011,3.48,0.0,0.19128677281882478
2016-04-02,WI_2,HOBBIES_1_011,3.48,0.0,0.1880697798083989
2016-04-03,WI_2,HOBBIES_1_011,3.48,0.0,0.13919940728577815
2016-04-04,WI_2,HOBBIES_1_011,3.48,0.0,0.13750437652703673
2016-04-05,WI_2,HOBBIES_1_011,3.48,0.0,0.1050631316438706
2016-04-06,WI_2,HOBBIES_1_011,3.48,0.0,0.1050631316438706
2016-04-07,WI_2,HOBBIES_1_011,3.48,0.0,0.13331477929569763
2016-04-08,WI_2,HOBBIES_1_011,3.48,0.0,0.16481651910438697
2016-04-09,WI_2,HOBBIES_1_011,3.48,0.0,0.16159952609396108
2016-04-10,WI_2,HOBBIES_1_011,3.48,0.0,0.109851225130262
2016-04-11,WI_2,HOBBIES_1_011,3.48,0.0,0.1050631316438706
2016-04-12,WI_2,HOBBIES_1_011,3.48,0.0,0.1050631316438706
2016-04-13,WI_2,HOBBIES_1_011,3.48,0.0,0.1050631316438706
2016-04-14,WI_2,HOBBIES_1_011,3.48,0.0,0.13331477929569763
2016-04-15,WI_2,HOBBIES_1_011,3.48,0.0,0.16481651910438697
2016-04-16,WI_2,HOBBIES_1_011,3.48,0.0,0.16159952609396108
2016-04-17,WI_2,HOBBIES_1_011,3.48,0.0,0.109851225130262
2016-04-18,WI_2,HOBBIES_1_011,3.48,0.0,0.1050631316438706
2016-04-19,WI_2,HOBBIES_1_011,3.48,0.0,0.1050631316438706
2016-04-20,WI_2,HOBBIES_1_011,3.48,1.0,0.1050631316438706
2016-04-21,WI_2,HOBBIES_1_011,3.48,1.0,0.13331477929569763
2016-04-22,WI_2,HOBBIES_1_011,3.48,1.0,0.17903363666947597
2016-04-23,WI_2,HOBBIES_1_011,3.48,0.0,0.23261876544559154
2016-03-26,WI_2,HOBBIES_1_012,6.52,0.0,0.21395161886090316
2016-03-27,WI_2,HOBBIES_1_012,6.52,1.0,0.19155997858507545
2016-03-28,WI_2,HOBBIES_1_012,6.52,0.0,0.18501523367620248
2016-03-29,WI_2,HOBBIES_1_012,6.52,0.0,0.2218035854809849
2016-03-30,WI_2,HOBBIES_1_012,6.52,0.0,0.1940328627487599
2016-03-31,WI_2,HOBBIES_1_012,6.52,0.0,0.22485436004622109
2016-04-01,WI_2,HOBBIES_1_012,6.52,0.0,0.2468318074267564
2016-04-02,WI_2,HOBBIES_1_012,6.52,0.0,0.2436148144163305
2016-04-03,WI_2,HOBBIES_1_012,6.52,0.0,0.1658114135435984
2016-04-04,WI_2,HOBBIES_1_012,6.52,0.0,0.16308857101532437
2016-04-05,WI_2,HOBBIES_1_012,6.52,0.0,0.11108952770329482
2016-04-06,WI_2,HOBBIES_1_012,6.52,1.0,0.11108952770329482
2016-04-07,WI_2,HOBBIES_1_012,6.52,0.0,0.14191102500075625
2016-04-08,WI_2,HOBBIES_1_012,6.52,0.0,0.2294922095970787
2016-04-09,WI_2,HOBBIES_1_012,6.52,0.0,0.21267052268289538
2016-04-10,WI_2,HOBBIES_1_012,6.52,0.0,0.1658114135435984
2016-04-11,WI_2,HOBBIES_1_012,6.52,0.0,0.16308857101532437
2016-04-12,WI_2,HOBBIES_1_012,6.52,0.0,0.16308857101532437
2016-04-13,WI_2,HOBBIES_1_012,6.52,1.0,0.16308857101532437
2016-04-14,WI_2,HOBBIES_1_012,6.52,1.0,0.1743522698839222
2016-04-15,WI_2,HOBBIES_1_012,6.52,0.0,0.2294922095970787
2016-04-16,WI_2,HOBBIES_1_012,6.52,0.0,0.284970858212534
2016-04-17,WI_2,HOBBIES_1_012,6.52,1.0,0.21890213650684087
2016-04-18,WI_2,HOBBIES_1_012,6.52,0.0,0.21595952540963784
2016-04-19,WI_2,HOBBIES_1_012,6.52,0.0,0.24455032529909962
2016-04-20,WI_2,HOBBIES_1_012,6.52,1.0,0.23928468446516474
2016-04-21,WI_2,HOBBIES_1_012,6.52,0.0,0.28195540297544414
2016-04-22,WI_2,HOBBIES_1_012,6.52,0.0,0.3342968474404099
2016-04-23,WI_2,HOBBIES_1_012,6.52,0.0,0.2947284207081118
2016-03-26,WI_2,HOBBIES_1_013,1.97,0.0,0.3826806943783374
2016-03-27,WI_2,HOBBIES_1_013,1.97,0.0,0.39414160882643573
2016-03-28,WI_2,HOBBIES_1_013,1.97,0.0,0.34532589167802885
2016-03-29,WI_2,HOBBIES_1_013,1.97,0.0,0.34532589167802885
2016-03-30,WI_2,HOBBIES_1_013,1.97,0.0,0.34532589167802885
2016-03-31,WI_2,HOBBIES_1_013,1.97,1.0,0.40511695134621556
2016-04-01,WI_2,HOBBIES_1_013,1.97,1.0,0.4240230422086274
2016-04-02,WI_2,HOBBIES_1_013,1.97,2.0,0.505010916261679
2016-04-03,WI_2,HOBBIES_1_013,1.97,0.0,0.39414160882643573
2016-04-04,WI_2,HOBBIES_1_013,1.97,0.0,0.45198536367102093
2016-04-05,WI_2,HOBBIES_1_013,1.97,2.0,0.44145831823809867
2016-04-06,WI_2,HOBBIES_1_013,1.97,0.0,0.44145831823809867
2016-04-07,WI_2,HOBBIES_1_013,1.97,1.0,0.5103836947677494
2016-04-08,WI_2,HOBBIES_1_013,1.97,1.0,0.495204170422446
2016-04-09,WI_2,HOBBIES_1_013,1.97,0.0,0.5413718237943603
2016-04-10,WI_2,HOBBIES_1_013,1.97,0.0,0.4961348953790434
2016-04-11,WI_2,HOBBIES_1_013,1.97,0.0,0.44145831823809867
2016-04-12,WI_2,HOBBIES_1_013,1.97,0.0,0.44145831823809867
2016-04-13,WI_2,HOBBIES_1_013,1.97,0.0,0.40326043794066746
2016-04-14,WI_2,HOBBIES_1_013,1.97,0.0,0.43606124307965116
2016-04-15,WI_2,HOBBIES_1_013,1.97,0.0,0.420645382592333
2016-04-16,WI_2,HOBBIES_1_013,1.97,4.0,0.35502558858590993
2016-04-17,WI_2,HOBBIES_1_013,1.97,0.0,0.26972544536038484
2016-04-18,WI_2,HOBBIES_1_013,1.97,0.0,0.4601130681119222
2016-04-19,WI_2,HOBBIES_1_013,1.97,0.0,0.44958602267900005
2016-04-20,WI_2,HOBBIES_1_013,1.97,0.0,0.44958602267900005
2016-04-21,WI_2,HOBBIES_1_013,1.97,0.0,0.5093770823471863
2016-04-22,WI_2,HOBBIES_1_013,1.97,0.0,0.5390465547845347
2016-04-23,WI_2,HOBBIES_1_013,1.97,1.0,0.5166306279260654
2016-03-26,WI_2,HOBBIES_1_014,1.16,4.0,3.626833238573331
2016-03-27,WI_2,HOBBIES_1_014,1.16,5.0,3.478446679283675
2016-03-28,WI_2,HOBBIES_1_014,1.16,0.0,3.0124732909282095
2016-03-29,WI_2,HOBBIES_1_014,1.16,6.0,2.967139114190491
2016-03-30,WI_2,HOBBIES_1_014,1.16,0.0,3.1020972112770284
2016-03-31,WI_2,HOBBIES_1_014,1.16,19.0,3.4934401199351313
2016-04-01,WI_2,HOBBIES_1_014,1.16,0.0,3.9089878688438255
2016-04-02,WI_2,HOBBIES_1_014,1.16,0.0,3.677698120300618
2016-04-03,WI_2,HOBBIES_1_014,1.16,4.0,2.916425395793455
2016-04-04,WI_2,HOBBIES_1_014,1.16,2.0,2.308532012578474
2016-04-05,WI_2,HOBBIES_1_014,1.16,0.0,3.025455113715264
2016-04-06,WI_2,HOBBIES_1_014,1.16,0.0,2.726568019493042
2016-04-07,WI_2,HOBBIES_1_014,1.16,11.0,2.7562628227434263
2016-04-08,WI_2,HOBBIES_1_014,1.16,4.0,2.8410765980720845
2016-04-09,WI_2,HOBBIES_1_014,1.16,4.0,3.5027592221975925
2016-04-10,WI_2,HOBBIES_1_014,1.16,1.0,3.397766882646829
2016-04-11,WI_2,HOBBIES_1_014,1.16,0.0,3.1971215825220987
2016-04-12,WI_2,HOBBIES_1_014,1.16,0.0,3.0299220463313747
2016-04-13,WI_2,HOBBIES_1_014,1.16,0.0,2.8467818585589924
2016-04-14,WI_2,HOBBIES_1_014,1.16,5.0,2.9708648739468804
2016-04-15,WI_2,HOBBIES_1_014,1.16,3.0,3.6930244742753544
2016-04-16,WI_2,HOBBIES_1_014,1.16,6.0,3.6474286960971485
2016-04-17,WI_2,HOBBIES_1_014,1.16,2.0,2.785150511115477
2016-04-18,WI_2,HOBBIES_1_014,1.16,3.0,2.5714508912110494
2016-04-19,WI_2,HOBBIES_1_014,1.16,0.0,2.592868313747055
2016-04-20,WI_2,HOBBIES_1_014,1.16,1.0,2.7183305551136105
2016-04-21,WI_2,HOBBIES_1_014,1.16,13.0,2.839296908709251
2016-04-22,WI_2,HOBBIES_1_014,1.16,9.0,3.6132121011748133
2016-04-23,WI_2,HOBBIES_1_014,1.16,0.0,3.477425619386874
2016-03-26,WI_2,HOBBIES_1_015,0.7,0.0,1.8703519135277684
2016-03-27,WI_2,HOBBIES_1_015,0.7,0.0,1.5512900314435214
2016-03-28,WI_2,HOBBIES_1_015,0.7,0.0,1.857927045845202
2016-03-29,WI_2,HOBBIES_1_015,0.7,1.0,1.551958444929953
2016-03-30,WI_2,HOBBIES_1_015,0.7,0.0,1.446615383851265
2016-03-31,WI_2,HOBBIES_1_015,0.7,5.0,1.6500314271843344
2016-04-01,WI_2,HOBBIES_1_015,0.7,3.0,1.6102949924548267
2016-04-02,WI_2,HOBBIES_1_015,0.7,0.0,1.725209806136262
2016-04-03,WI_2,HOBBIES_1_015,0.7,1.0,1.796412127763832
2016-04-04,WI_2,HOBBIES_1_015,0.7,0.0,1.6552640865873423
2016-04-05,WI_2,HOBBIES_1_015,0.7,3.0,1.7036277183241486
2016-04-06,WI_2,HOBBIES_1_015,0.7,2.0,1.6359271444432706
2016-04-07,WI_2,HOBBIES_1_015,0.7,0.0,2.051021939610786
2016-04-08,WI_2,HOBBIES_1_015,0.7,5.0,2.1354643304102403
2016-04-09,WI_2,HOBBIES_1_015,0.7,0.0,1.9659854594417328
2016-04-10,WI_2,HOBBIES_1_015,0.7,1.0,1.7118269650759395
2016-04-11,WI_2,HOBBIES_1_015,0.7,2.0,1.6566485836634581
2016-04-12,WI_2,HOBBIES_1_015,0.7,1.0,1.8126008816624481
2016-04-13,WI_2,HOBBIES_1_015,0.7,0.0,1.8420178454471303
2016-04-14,WI_2,HOBBIES_1_015,0.7,0.0,2.073896612272683
2016-04-15,WI_2,HOBBIES_1_015,0.7,4.0,2.2070429557800875
2016-04-16,WI_2,HOBBIES_1_015,0.7,1.0,2.0515740489957786
2016-04-17,WI_2,HOBBIES_1_015,0.7,0.0,1.8908646597471896
2016-04-18,WI_2,HOBBIES_1_015,0.7,0.0,1.8223587493940376
2016-04-19,WI_2,HOBBIES_1_015,0.7,2.0,1.8393722115611801
2016-04-20,WI_2,HOBBIES_1_015,0.7,0.0,1.7145462094552093
2016-04-21,WI_2,HOBBIES_1_015,0.7,0.0,2.0265557927914464
2016-04-22,WI_2,HOBBIES_1_015,0.7,1.0,2.122941566738997
2016-04-23,WI_2,HOBBIES_1_015,0.7,2.0,2.015970038052104
2016-03-26,WI_2,HOBBIES_1_016,0.7,9.0,2.5138744101446613
2016-03-27,WI_2,HOBBIES_1_016,0.7,16.0,2.058634375351764
2016-03-28,WI_2,HOBBIES_1_016,0.7,0.0,2.249373743803787
2016-03-29,WI_2,HOBBIES_1_016,0.7,1.0,2.224702378053911
2016-03-30,WI_2,HOBBIES_1_016,0.7,6.0,2.425499480885578
2016-03-31,WI_2,HOBBIES_1_016,0.7,0.0,2.7468795111430118
2016-04-01,WI_2,HOBBIES_1_016,0.7,0.0,3.4093693361852644
2016-04-02,WI_2,HOBBIES_1_016,0.7,0.0,3.066054844641175
2016-04-03,WI_2,HOBBIES_1_016,0.7,2.0,1.8657111926992234
2016-04-04,WI_2,HOBBIES_1_016,0.7,4.0,2.010157937184719
2016-04-05,WI_2,HOBBIES_1_016,0.7,3.0,2.4282352818390103
2016-04-06,WI_2,HOBBIES_1_016,0.7,3.0,2.6396640084618332
2016-04-07,WI_2,HOBBIES_1_016,0.7,9.0,2.9383646917820734
2016-04-08,WI_2,HOBBIES_1_016,0.7,4.0,3.2801634462198477
2016-04-09,WI_2,HOBBIES_1_016,0.7,4.0,3.169513117369263
2016-04-10,WI_2,HOBBIES_1_016,0.7,1.0,3.098410753778624
2016-04-11,WI_2,HOBBIES_1_016,0.7,1.0,2.8315705285064494
2016-04-12,WI_2,HOBBIES_1_016,0.7,7.0,2.910141705193553
2016-04-13,WI_2,HOBBIES_1_016,0.7,3.0,2.524014676033696
2016-04-14,WI_2,HOBBIES_1_016,0.7,2.0,2.9698699867991443
2016-04-15,WI_2,HOBBIES_1_016,0.7,1.0,3.4575238878160626
2016-04-16,WI_2,HOBBIES_1_016,0.7,0.0,3.2261550727581367
2016-04-17,WI_2,HOBBIES_1_016,0.7,0.0,2.65130553690368
2016-04-18,WI_2,HOBBIES_1_016,0.7,0.0,2.514015798832529
2016-04-19,WI_2,HOBBIES_1_016,0.7,3.0,2.553527273634846
2016-04-20,WI_2,HOBBIES_1_016,0.7,2.0,2.3320105838965532
2016-04-21,WI_2,HOBBIES_1_016,0.7,3.0,2.9641823984018054
2016-04-22,WI_2,HOBBIES_1_016,0.7,0.0,3.3583135850286316
2016-04-23,WI_2,HOBBIES_1_016,0.7,0.0,3.2756933025364763
2016-03-26,WI_2,HOBBIES_1_017,1.98,0.0,0.4934950794493056
2016-03-27,WI_2,HOBBIES_1_017,1.98,1.0,0.40119673232589953
2016-03-28,WI_2,HOBBIES_1_017,1.98,0.0,0.3921888453215857
2016-03-29,WI_2,HOBBIES_1_017,1.98,0.0,0.44774184895993263
2016-03-30,WI_2,HOBBIES_1_017,1.98,0.0,0.43721480352701036
2016-03-31,WI_2,HOBBIES_1_017,1.98,0.0,0.4970058631951971
2016-04-01,WI_2,HOBBIES_1_017,1.98,0.0,0.5266753356325451
2016-04-02,WI_2,HOBBIES_1_017,1.98,0.0,0.4861448177589348
2016-04-03,WI_2,HOBBIES_1_017,1.98,0.0,0.42347595071320915
2016-04-04,WI_2,HOBBIES_1_017,1.98,0.0,0.41446806370889533
2016-04-05,WI_2,HOBBIES_1_017,1.98,0.0,0.35108252709229393
2016-04-06,WI_2,HOBBIES_1_017,1.98,0.0,0.35108252709229393
2016-04-07,WI_2,HOBBIES_1_017,1.98,3.0,0.3726757064630494
2016-04-08,WI_2,HOBBIES_1_017,1.98,2.0,0.335575731352032
2016-04-09,WI_2,HOBBIES_1_017,1.98,1.0,0.5508418185827841
2016-04-10,WI_2,HOBBIES_1_017,1.98,1.0,0.5009619063874587
2016-04-11,WI_2,HOBBIES_1_017,1.98,0.0,0.5038013766595195
2016-04-12,WI_2,HOBBIES_1_017,1.98,0.0,0.5326773983915623
2016-04-13,WI_2,HOBBIES_1_017,1.98,0.0,0.6301106827960964
2016-04-14,WI_2,HOBBIES_1_017,1.98,0.0,0.46427004405899236
2016-04-15,WI_2,HOBBIES_1_017,1.98,0.0,0.4886056345727001
2016-04-16,WI_2,HOBBIES_1_017,1.98,0.0,0.4237235164234848
2016-04-17,WI_2,HOBBIES_1_017,1.98,0.0,0.34593658115945775
2016-04-18,WI_2,HOBBIES_1_017,1.98,1.0,0.32707066832562237
2016-04-19,WI_2,HOBBIES_1_017,1.98,0.0,0.26368513170902086
2016-04-20,WI_2,HOBBIES_1_017,1.98,0.0,0.3652528195509722
2016-04-21,WI_2,HOBBIES_1_017,1.98,0.0,0.40707317365356205
2016-04-22,WI_2,HOBBIES_1_017,1.98,1.0,0.420645382592333
2016-04-23,WI_2,HOBBIES_1_017,1.98,2.0,0.3592967906590475
2016-03-26,WI_2,HOBBIES_1_018,11.88,0.0,0.04167570581269487
2016-03-27,WI_2,HOBBIES_1_018,11.88,0.0,0.02904428546158871
2016-03-28,WI_2,HOBBIES_1_018,11.88,0.0,0.022181659752791374
2016-03-29,WI_2,HOBBIES_1_018,11.88,0.0,0.022181659752791374
2016-03-30,WI_2,HOBBIES_1_018,11.88,0.0,0.022181659752791374
2016-03-31,WI_2,HOBBIES_1_018,11.88,0.0,0.030036367015108135
2016-04-01,WI_2,HOBBIES_1_018,11.88,0.0,0.044892698823120754
2016-04-02,WI_2,HOBBIES_1_018,11.88,0.0,0.04167570581269487
2016-04-03,WI_2,HOBBIES_1_018,11.88,0.0,0.02904428546158871
2016-04-04,WI_2,HOBBIES_1_018,11.88,0.0,0.022181659752791374
2016-04-05,WI_2,HOBBIES_1_018,11.88,0.0,0.022181659752791374
2016-04-06,WI_2,HOBBIES_1_018,11.88,0.0,0.022181659752791374
2016-04-07,WI_2,HOBBIES_1_018,11.88,0.0,0.030036367015108135
2016-04-08,WI_2,HOBBIES_1_018,11.88,0.0,0.044892698823120754
2016-04-09,WI_2,HOBBIES_1_018,11.88,0.0,0.04167570581269487
2016-04-10,WI_2,HOBBIES_1_018,11.88,0.0,0.02904428546158871
2016-04-11,WI_2,HOBBIES_1_018,11.88,1.0,0.022181659752791374
2016-04-12,WI_2,HOBBIES_1_018,11.88,0.0,0.022181659752791374
2016-04-13,WI_2,HOBBIES_1_018,11.88,0.0,0.10236714108038796
2016-04-14,WI_2,HOBBIES_1_018,11.88,0.0,0.12002113239798165
2016-04-15,WI_2,HOBBIES_1_018,11.88,0.0,0.12919716011854607
2016-04-16,WI_2,HOBBIES_1_018,11.88,0.0,0.12598016710812002
2016-04-17,WI_2,HOBBIES_1_018,11.88,0.0,0.10227958967269508
2016-04-18,WI_2,HOBBIES_1_018,11.88,1.0,0.0971015002464531
2016-04-19,WI_2,HOBBIES_1_018,11.88,0.0,0.0971015002464531
2016-04-20,WI_2,HOBBIES_1_018,11.88,0.0,0.1234239360562078
2016-04-21,WI_2,HOBBIES_1_018,11.88,0.0,0.1410779273738016
2016-04-22,WI_2,HOBBIES_1_018,11.88,0.0,0.15025395509436587
2016-04-23,WI_2,HOBBIES_1_018,11.88,0.0,0.14703696208394
2016-03-26,WI_2,HOBBIES_1_019,0.48,0.0,2.3675737516001756
2016-03-27,WI_2,HOBBIES_1_019,0.48,3.0,2.1587899652321907
2016-03-28,WI_2,HOBBIES_1_019,0.48,0.0,2.088657896270939
2016-03-29,WI_2,HOBBIES_1_019,0.48,4.0,2.5080418679448844
2016-03-30,WI_2,HOBBIES_1_019,0.48,15.0,1.9804200117675899
2016-03-31,WI_2,HOBBIES_1_019,0.48,4.0,2.7250439756741875
2016-04-01,WI_2,HOBBIES_1_019,0.48,2.0,2.5321057165839576
2016-04-02,WI_2,HOBBIES_1_019,0.48,3.0,2.5210999012631055
2016-04-03,WI_2,HOBBIES_1_019,0.48,2.0,1.9424157027601667
2016-04-04,WI_2,HOBBIES_1_019,0.48,0.0,2.635504539688541
2016-04-05,WI_2,HOBBIES_1_019,0.48,0.0,2.5385402189721566
2016-04-06,WI_2,HOBBIES_1_019,0.48,1.0,2.1741275458921536
2016-04-07,WI_2,HOBBIES_1_019,0.48,2.0,2.246152675065946
2016-04-08,WI_2,HOBBIES_1_019,0.48,6.0,3.0984466335297367
2016-04-09,WI_2,HOBBIES_1_019,0.48,4.0,2.7765631537186994
2016-04-10,WI_2,HOBBIES_1_019,0.48,3.0,2.3850461294463092
2016-04-11,WI_2,HOBBIES_1_019,0.48,0.0,2.7159832336174485
2016-04-12,WI_2,HOBBIES_1_019,0.48,0.0,2.7159832336174485
2016-04-13,WI_2,HOBBIES_1_019,0.48,2.0,2.3133753989935646
2016-04-14,WI_2,HOBBIES_1_019,0.48,2.0,2.6244057198689816
2016-04-15,WI_2,HOBBIES_1_019,0.48,1.0,3.049682107647326
2016-04-16,WI_2,HOBBIES_1_019,0.48,1.0,2.6059404189799955
2016-04-17,WI_2,HOBBIES_1_019,0.48,6.0,2.246296833224474
2016-04-18,WI_2,HOBBIES_1_019,0.48,4.0,2.683937446097973
2016-04-19,WI_2,HOBBIES_1_019,0.48,0.0,2.588908667286489
2016-04-20,WI_2,HOBBIES_1_019,0.48,3.0,2.739234473631007
2016-04-21,WI_2,HOBBIES_1_019,0.48,7.0,2.800784966984913
2016-04-22,WI_2,HOBBIES_1_019,0.48,3.0,3.198332773378608
2016-04-23,WI_2,HOBBIES_1_019,0.48,0.0,2.713347229558196
2016-03-26,WI_2,HOBBIES_1_020,12.68,0.0,0.22020394045835534
2016-03-27,WI_2,HOBBIES_1_020,12.68,0.0,0.18336810155512367
2016-03-28,WI_2,HOBBIES_1_020,12.68,1.0,0.1789741570219957
2016-03-29,WI_2,HOBBIES_1_020,12.68,0.0,0.14653291213882966
2016-03-30,WI_2,HOBBIES_1_020,12.68,1.0,0.18481821709334278
2016-03-31,WI_2,HOBBIES_1_020,12.68,0.0,0.21432142962375417
2016-04-01,WI_2,HOBBIES_1_020,12.68,0.0,0.2913321755053094
2016-04-02,WI_2,HOBBIES_1_020,12.68,0.0,0.2745104885911261
2016-04-03,WI_2,HOBBIES_1_020,12.68,0.0,0.24378276298312018
2016-04-04,WI_2,HOBBIES_1_020,12.68,0.0,0.21049686799284323
2016-04-05,WI_2,HOBBIES_1_020,12.68,0.0,0.20991844875543103
2016-04-06,WI_2,HOBBIES_1_020,12.68,0.0,0.1789741570219957
2016-04-07,WI_2,HOBBIES_1_020,12.68,0.0,0.2077184764050918
2016-04-08,WI_2,HOBBIES_1_020,12.68,0.0,0.1969506797543434
2016-04-09,WI_2,HOBBIES_1_020,12.68,0.0,0.1659823368514719
2016-04-10,WI_2,HOBBIES_1_020,12.68,0.0,0.13187348816980063
2016-04-11,WI_2,HOBBIES_1_020,12.68,1.0,0.12460624947795176
2016-04-12,WI_2,HOBBIES_1_020,12.68,0.0,0.12460624947795176
2016-04-13,WI_2,HOBBIES_1_020,12.68,0.0,0.16231313519505253
2016-04-14,WI_2,HOBBIES_1_020,12.68,0.0,0.1799671265126461
2016-04-15,WI_2,HOBBIES_1_020,12.68,0.0,0.1956695835763356
2016-04-16,WI_2,HOBBIES_1_020,12.68,0.0,0.19245259056590971
2016-04-17,WI_2,HOBBIES_1_020,12.68,0.0,0.1612216703253166
2016-04-18,WI_2,HOBBIES_1_020,12.68,0.0,0.15704749436111765
2016-04-19,WI_2,HOBBIES_1_020,12.68,0.0,0.13748969593225413
2016-04-20,WI_2,HOBBIES_1_020,12.68,0.0,0.105048451049088
2016-04-21,WI_2,HOBBIES_1_020,12.68,0.0,0.12796808320061664
2016-04-22,WI_2,HOBBIES_1_020,12.68,1.0,0.14964153143303427
2016-04-23,WI_2,HOBBIES_1_020,12.68,0.0,0.14642453842260839
2016-03-26,WI_2,HOBBIES_1_021,11.88,0.0,0.19245259056590971
2016-03-27,WI_2,HOBBIES_1_021,11.88,0.0,0.13187348816980063
2016-03-28,WI_2,HOBBIES_1_021,11.88,0.0,0.08571705033910687
2016-03-29,WI_2,HOBBIES_1_021,11.88,0.0,0.08571705033910687
2016-03-30,WI_2,HOBBIES_1_021,11.88,1.0,0.08571705033910687
2016-03-31,WI_2,HOBBIES_1_021,11.88,1.0,0.10863668249063543
2016-04-01,WI_2,HOBBIES_1_021,11.88,1.0,0.18971647905122951
2016-04-02,WI_2,HOBBIES_1_021,11.88,1.0,0.21744377777423918
2016-04-03,WI_2,HOBBIES_1_021,11.88,0.0,0.21851483568853675
2016-04-04,WI_2,HOBBIES_1_021,11.88,0.0,0.242174344118569
2016-04-05,WI_2,HOBBIES_1_021,11.88,0.0,0.2369087032846341
2016-04-06,WI_2,HOBBIES_1_021,11.88,1.0,0.2369087032846341
2016-04-07,WI_2,HOBBIES_1_021,11.88,0.0,0.2656530226677304
2016-04-08,WI_2,HOBBIES_1_021,11.88,1.0,0.30156312685383974
2016-04-09,WI_2,HOBBIES_1_021,11.88,0.0,0.28049792522856803
2016-04-10,WI_2,HOBBIES_1_021,11.88,1.0,0.27013163661290546
2016-04-11,WI_2,HOBBIES_1_021,11.88,0.0,0.2337838269717827
2016-04-12,WI_2,HOBBIES_1_021,11.88,0.0,0.28587586862538095
2016-04-13,WI_2,HOBBIES_1_021,11.88,0.0,0.28061022779144595
2016-04-14,WI_2,HOBBIES_1_021,11.88,0.0,0.3122259843659093
2016-04-15,WI_2,HOBBIES_1_021,11.88,1.0,0.3018071426031002
2016-04-16,WI_2,HOBBIES_1_021,11.88,0.0,0.2985901495926743
2016-04-17,WI_2,HOBBIES_1_021,11.88,1.0,0.2714645577963389
2016-04-18,WI_2,HOBBIES_1_021,11.88,0.0,0.25786348797333125
2016-04-19,WI_2,HOBBIES_1_021,11.88,0.0,0.28643903502074775
2016-04-20,WI_2,HOBBIES_1_021,11.88,0.0,0.28117339418681286
2016-04-21,WI_2,HOBBIES_1_021,11.88,0.0,0.3127891507612761
2016-04-22,WI_2,HOBBIES_1_021,11.88,0.0,0.3251170488165818
2016-04-23,WI_2,HOBBIES_1_021,11.88,1.0,0.32190005580615594
2016-03-26,WI_2,HOBBIES_1_022,7.18,0.0,0.45351487454371175
2016-03-27,WI_2,HOBBIES_1_022,7.18,0.0,0.4328297932990565
2016-03-28,WI_2,HOBBIES_1_022,7.18,0.0,0.3921205980042686
2016-03-29,WI_2,HOBBIES_1_022,7.18,0.0,0.3539227177068378
2016-03-30,WI_2,HOBBIES_1_022,7.18,1.0,0.3014340166799876
2016-03-31,WI_2,HOBBIES_1_022,7.18,1.0,0.34954771373400223
2016-04-01,WI_2,HOBBIES_1_022,7.18,2.0,0.44758982163978056
2016-04-02,WI_2,HOBBIES_1_022,7.18,0.0,0.5053174487449005
2016-04-03,WI_2,HOBBIES_1_022,7.18,0.0,0.4688129935449307
2016-04-04,WI_2,HOBBIES_1_022,7.18,0.0,0.43756039568265037
2016-04-05,WI_2,HOBBIES_1_022,7.18,0.0,0.3809129722360407
2016-04-06,WI_2,HOBBIES_1_022,7.18,0.0,0.3809129722360407
2016-04-07,WI_2,HOBBIES_1_022,7.18,0.0,0.40748225999664117
2016-04-08,WI_2,HOBBIES_1_022,7.18,0.0,0.42240991620440804
2016-04-09,WI_2,HOBBIES_1_022,7.18,1.0,0.38470973949356113
2016-04-10,WI_2,HOBBIES_1_022,7.18,0.0,0.23546959952748064
2016-04-11,WI_2,HOBBIES_1_022,7.18,0.0,0.279044551721495
2016-04-12,WI_2,HOBBIES_1_022,7.18,0.0,0.2737789108875601
2016-04-13,WI_2,HOBBIES_1_022,7.18,0.0,0.2737789108875601
2016-04-14,WI_2,HOBBIES_1_022,7.18,0.0,0.32189260794157476
2016-04-15,WI_2,HOBBIES_1_022,7.18,0.0,0.34106377886042993
2016-04-16,WI_2,HOBBIES_1_022,7.18,0.0,0.31117369618970603
2016-04-17,WI_2,HOBBIES_1_022,7.18,0.0,0.2415078754695148
2016-04-18,WI_2,HOBBIES_1_022,7.18,0.0,0.1764393670093882
2016-04-19,WI_2,HOBBIES_1_022,7.18,0.0,0.1764393670093882
2016-04-20,WI_2,HOBBIES_1_022,7.18,0.0,0.1531524080304487
2016-04-21,WI_2,HOBBIES_1_022,7.18,0.0,0.1958231265407278
2016-04-22,WI_2,HOBBIES_1_022,7.18,0.0,0.22377156508999146
2016-04-23,WI_2,HOBBIES_1_022,7.18,0.0,0.22055457207956558
2016-03-26,WI_2,HOBBIES_1_023,2.97,0.0,1.1958198083256721
2016-03-27,WI_2,HOBBIES_1_023,2.97,4.0,0.9651802541189295
2016-03-28,WI_2,HOBBIES_1_023,2.97,2.0,0.9127728060208068
2016-03-29,WI_2,HOBBIES_1_023,2.97,1.0,1.0789493667306995
2016-03-30,WI_2,HOBBIES_1_023,2.97,1.0,1.061112309621482
2016-03-31,WI_2,HOBBIES_1_023,2.97,2.0,1.2736328801736407
2016-04-01,WI_2,HOBBIES_1_023,2.97,0.0,1.3589578018039623
2016-04-02,WI_2,HOBBIES_1_023,2.97,0.0,1.422728682053962
2016-04-03,WI_2,HOBBIES_1_023,2.97,0.0,1.0078047556451417
2016-04-04,WI_2,HOBBIES_1_023,2.97,0.0,0.9391115533517179
2016-04-05,WI_2,HOBBIES_1_023,2.97,0.0,0.8228519189217909
2016-04-06,WI_2,HOBBIES_1_023,2.97,0.0,0.740653179835977
2016-04-07,WI_2,HOBBIES_1_023,2.97,0.0,0.7617279924808802
2016-04-08,WI_2,HOBBIES_1_023,2.97,1.0,0.8522529051372871
2016-04-09,WI_2,HOBBIES_1_023,2.97,0.0,0.707413496383881
2016-04-10,WI_2,HOBBIES_1_023,2.97,0.0,0.6415359744687549
2016-04-11,WI_2,HOBBIES_1_023,2.97,0.0,0.6188258441189282
2016-04-12,WI_2,HOBBIES_1_023,2.97,1.0,0.6188258441189282
2016-04-13,WI_2,HOBBIES_1_023,2.97,1.0,0.6188258441189282
2016-04-14,WI_2,HOBBIES_1_023,2.97,2.0,0.7887953363895437
2016-04-15,WI_2,HOBBIES_1_023,2.97,2.0,0.981485846424902
2016-04-16,WI_2,HOBBIES_1_023,2.97,1.0,1.0076955936529257
2016-04-17,WI_2,HOBBIES_1_023,2.97,2.0,0.9004086596258704
2016-04-18,WI_2,HOBBIES_1_023,2.97,3.0,0.857874216184047
2016-04-19,WI_2,HOBBIES_1_023,2.97,0.0,0.9015068049631222
2016-04-20,WI_2,HOBBIES_1_023,2.97,0.0,0.9803176581333582
2016-04-21,WI_2,HOBBIES_1_023,2.97,0.0,1.0392601963657597
2016-04-22,WI_2,HOBBIES_1_023,2.97,0.0,1.1529408505159564
2016-04-23,WI_2,HOBBIES_1_023,2.97,0.0,0.9108760933928546
2016-03-26,WI_2,HOBBIES_1_024,8.56,0.0,0.229077505912462
2016-03-27,WI_2,HOBBIES_1_024,8.56,0.0,0.18876058090931583
2016-03-28,WI_2,HOBBIES_1_024,8.56,0.0,0.17617340114876873
2016-03-29,WI_2,HOBBIES_1_024,8.56,0.0,0.15288644216982922
2016-03-30,WI_2,HOBBIES_1_024,8.56,0.0,0.15288644216982922
2016-03-31,WI_2,HOBBIES_1_024,8.56,1.0,0.1938617475097975
2016-04-01,WI_2,HOBBIES_1_024,8.56,0.0,0.21553519574221514
2016-04-02,WI_2,HOBBIES_1_024,8.56,0.0,0.21803884723887648
2016-04-03,WI_2,HOBBIES_1_024,8.56,0.0,0.16649196214046336
2016-04-04,WI_2,HOBBIES_1_024,8.56,0.0,0.1628226051547049
2016-04-05,WI_2,HOBBIES_1_024,8.56,0.0,0.12393340601586024
2016-04-06,WI_2,HOBBIES_1_024,8.56,0.0,0.12393340601586024
2016-04-07,WI_2,HOBBIES_1_024,8.56,0.0,0.15305949014301087
2016-04-08,WI_2,HOBBIES_1_024,8.56,1.0,0.16223551786357515
2016-04-09,WI_2,HOBBIES_1_024,8.56,0.0,0.1325482711387114
2016-04-10,WI_2,HOBBIES_1_024,8.56,0.0,0.15053629752326983
2016-04-11,WI_2,HOBBIES_1_024,8.56,0.0,0.14326480672584144
2016-04-12,WI_2,HOBBIES_1_024,8.56,0.0,0.14326480672584144
2016-04-13,WI_2,HOBBIES_1_024,8.56,0.0,0.14326480672584144
2016-04-14,WI_2,HOBBIES_1_024,8.56,0.0,0.1723908908529919
2016-04-15,WI_2,HOBBIES_1_024,8.56,0.0,0.1880933479166814
2016-04-16,WI_2,HOBBIES_1_024,8.56,0.0,0.15901852485314927
2016-04-17,WI_2,HOBBIES_1_024,8.56,0.0,0.09925849430814565
2016-04-18,WI_2,HOBBIES_1_024,8.56,0.0,0.0914921611326942
2016-04-19,WI_2,HOBBIES_1_024,8.56,0.0,0.0914921611326942
2016-04-20,WI_2,HOBBIES_1_024,8.56,3.0,0.0914921611326942
2016-04-21,WI_2,HOBBIES_1_024,8.56,0.0,0.12061824525984473
2016-04-22,WI_2,HOBBIES_1_024,8.56,0.0,0.3150190026213526
2016-04-23,WI_2,HOBBIES_1_024,8.56,0.0,0.2981973157071693
2016-03-26,WI_2,HOBBIES_1_025,3.98,0.0,0.0671814484354977
2016-03-27,WI_2,HOBBIES_1_025,3.98,0.0,0.0342686481745688
2016-03-28,WI_2,HOBBIES_1_025,3.98,0.0,0.029957245653389832
2016-03-29,WI_2,HOBBIES_1_025,3.98,0.0,0.029957245653389832
2016-03-30,WI_2,HOBBIES_1_025,3.98,0.0,0.029957245653389832
2016-03-31,WI_2,HOBBIES_1_025,3.98,0.0,0.045713818061639426
2016-04-01,WI_2,HOBBIES_1_025,3.98,0.0,0.07039844144592358
2016-04-02,WI_2,HOBBIES_1_025,3.98,0.0,0.0671814484354977
2016-04-03,WI_2,HOBBIES_1_025,3.98,0.0,0.0342686481745688
2016-04-04,WI_2,HOBBIES_1_025,3.98,0.0,0.029957245653389832
2016-04-05,WI_2,HOBBIES_1_025,3.98,0.0,0.029957245653389832
2016-04-06,WI_2,HOBBIES_1_025,3.98,0.0,0.029957245653389832
2016-04-07,WI_2,HOBBIES_1_025,3.98,0.0,0.045713818061639426
2016-04-08,WI_2,HOBBIES_1_025,3.98,0.0,0.07039844144592358
2016-04-09,WI_2,HOBBIES_1_025,3.98,0.0,0.0671814484354977
2016-04-10,WI_2,HOBBIES_1_025,3.98,0.0,0.0342686481745688
2016-04-11,WI_2,HOBBIES_1_025,3.98,0.0,0.029957245653389832
2016-04-12,WI_2,HOBBIES_1_025,3.98,0.0,0.029957245653389832
2016-04-13,WI_2,HOBBIES_1_025,3.98,0.0,0.029957245653389832
2016-04-14,WI_2,HOBBIES_1_025,3.98,0.0,0.045713818061639426
2016-04-15,WI_2,HOBBIES_1_025,3.98,0.0,0.07039844144592358
2016-04-16,WI_2,HOBBIES_1_025,3.98,0.0,0.0671814484354977
2016-04-17,WI_2,HOBBIES_1_025,3.98,0.0,0.0342686481745688
2016-04-18,WI_2,HOBBIES_1_025,3.98,0.0,0.029957245653389832
2016-04-19,WI_2,HOBBIES_1_025,3.98,0.0,0.029957245653389832
2016-04-20,WI_2,HOBBIES_1_025,3.98,0.0,0.029957245653389832
2016-04-21,WI_2,HOBBIES_1_025,3.98,0.0,0.045713818061639426
2016-04-22,WI_2,HOBBIES_1_025,3.98,0.0,0.07039844144592358
2016-04-23,WI_2,HOBBIES_1_025,3.98,0.0,0.0671814484354977
2016-03-26,WI_2,HOBBIES_1_026,17.97,1.0,0.32133688941078903
2016-03-27,WI_2,HOBBIES_1_026,17.97,0.0,0.2678624239846689
2016-03-28,WI_2,HOBBIES_1_026,17.97,0.0,0.3091857748388628
2016-03-29,WI_2,HOBBIES_1_026,17.97,0.0,0.28117339418681286
2016-03-30,WI_2,HOBBIES_1_026,17.97,0.0,0.28117339418681286
2016-03-31,WI_2,HOBBIES_1_026,17.97,1.0,0.3127891507612761
2016-04-01,WI_2,HOBBIES_1_026,17.97,0.0,0.29417275708314633
2016-04-02,WI_2,HOBBIES_1_026,17.97,0.0,0.36217783937021136
2016-04-03,WI_2,HOBBIES_1_026,17.97,0.0,0.2678624239846689
2016-04-04,WI_2,HOBBIES_1_026,17.97,1.0,0.22691919623989554
2016-04-05,WI_2,HOBBIES_1_026,17.97,0.0,0.2028395352383473
2016-04-06,WI_2,HOBBIES_1_026,17.97,0.0,0.26312912880726624
2016-04-07,WI_2,HOBBIES_1_026,17.97,0.0,0.2894792445477946
2016-04-08,WI_2,HOBBIES_1_026,17.97,0.0,0.3018071426031002
2016-04-09,WI_2,HOBBIES_1_026,17.97,0.0,0.24356619685769032
2016-04-10,WI_2,HOBBIES_1_026,17.97,0.0,0.21283847124968497
2016-04-11,WI_2,HOBBIES_1_026,17.97,1.0,0.1795525762594079
2016-04-12,WI_2,HOBBIES_1_026,17.97,0.0,0.1795525762594079
2016-04-13,WI_2,HOBBIES_1_026,17.97,0.0,0.20810517607228218
2016-04-14,WI_2,HOBBIES_1_026,17.97,0.0,0.23445529181281063
2016-04-15,WI_2,HOBBIES_1_026,17.97,1.0,0.24678318986811604
2016-04-16,WI_2,HOBBIES_1_026,17.97,0.0,0.24356619685769032
2016-04-17,WI_2,HOBBIES_1_026,17.97,0.0,0.24738489679479017
2016-04-18,WI_2,HOBBIES_1_026,17.97,1.0,0.2337838269717827
2016-04-19,WI_2,HOBBIES_1_026,17.97,0.0,0.21049686799284323
2016-04-20,WI_2,HOBBIES_1_026,17.97,0.0,0.2390494678057176
2016-04-21,WI_2,HOBBIES_1_026,17.97,0.0,0.2653995835462464
2016-04-22,WI_2,HOBBIES_1_026,17.97,0.0,0.2609681784208791
2016-04-23,WI_2,HOBBIES_1_026,17.97,2.0,0.2577511854104532
2016-03-26,WI_2,HOBBIES_1_027,19.98,0.0,0.24356619685769032
2016-03-27,WI_2,HOBBIES_1_027,19.98,0.0,0.2714645577963389
2016-03-28,WI_2,HOBBIES_1_027,19.98,0.0,0.2337838269717827
2016-03-29,WI_2,HOBBIES_1_027,19.98,0.0,0.2028395352383473
2016-03-30,WI_2,HOBBIES_1_027,19.98,0.0,0.2028395352383473
2016-03-31,WI_2,HOBBIES_1_027,19.98,0.0,0.23445529181281063
2016-04-01,WI_2,HOBBIES_1_027,19.98,0.0,0.1956695835763356
2016-04-02,WI_2,HOBBIES_1_027,19.98,0.0,0.1728947921370462
2016-04-03,WI_2,HOBBIES_1_027,19.98,0.0,0.11231568974093693
2016-04-04,WI_2,HOBBIES_1_027,19.98,1.0,0.105048451049088
2016-04-05,WI_2,HOBBIES_1_027,19.98,2.0,0.105048451049088
2016-04-06,WI_2,HOBBIES_1_027,19.98,0.0,0.16231313519505253
2016-04-07,WI_2,HOBBIES_1_027,19.98,0.0,0.2732781020092394
2016-04-08,WI_2,HOBBIES_1_027,19.98,1.0,0.2837149182389939
2016-04-09,WI_2,HOBBIES_1_027,19.98,0.0,0.28049792522856803
2016-04-10,WI_2,HOBBIES_1_027,19.98,0.0,0.27437515132399376
2016-04-11,WI_2,HOBBIES_1_027,19.98,0.0,0.26077408150098613
2016-04-12,WI_2,HOBBIES_1_027,19.98,0.0,0.26077408150098613
2016-04-13,WI_2,HOBBIES_1_027,19.98,0.0,0.25653056678989783
2016-04-14,WI_2,HOBBIES_1_027,19.98,0.0,0.23445529181281063
2016-04-15,WI_2,HOBBIES_1_027,19.98,1.0,0.2300238866874436
2016-04-16,WI_2,HOBBIES_1_027,19.98,2.0,0.22680689367701773
2016-04-17,WI_2,HOBBIES_1_027,19.98,0.0,0.2164406050613549
2016-04-18,WI_2,HOBBIES_1_027,19.98,0.0,0.3091857748388628
2016-04-19,WI_2,HOBBIES_1_027,19.98,0.0,0.28061022779144595
2016-04-20,WI_2,HOBBIES_1_027,19.98,0.0,0.28061022779144595
2016-04-21,WI_2,HOBBIES_1_027,19.98,0.0,0.3122259843659093
2016-04-22,WI_2,HOBBIES_1_027,19.98,1.0,0.3245538824212149
2016-04-23,WI_2,HOBBIES_1_027,19.98,0.0,0.32133688941078903
2016-03-26,WI_2,HOBBIES_1_028,7.98,0.0,0.20571524951312684
2016-03-27,WI_2,HOBBIES_1_028,7.98,0.0,0.15929021121475445
2016-03-28,WI_2,HOBBIES_1_028,7.98,0.0,0.13038136027153902
2016-03-29,WI_2,HOBBIES_1_028,7.98,0.0,0.13038136027153902
2016-03-30,WI_2,HOBBIES_1_028,7.98,0.0,0.13038136027153902
2016-03-31,WI_2,HOBBIES_1_028,7.98,0.0,0.15950744439868944
2016-04-01,WI_2,HOBBIES_1_028,7.98,0.0,0.18118089263110707
2016-04-02,WI_2,HOBBIES_1_028,7.98,0.0,0.1584061011918177
2016-04-03,WI_2,HOBBIES_1_028,7.98,0.0,0.07820169933232582
2016-04-04,WI_2,HOBBIES_1_028,7.98,0.0,0.027956770546378688
2016-04-05,WI_2,HOBBIES_1_028,7.98,0.0,0.027956770546378688
2016-04-06,WI_2,HOBBIES_1_028,7.98,1.0,0.027956770546378688
2016-04-07,WI_2,HOBBIES_1_028,7.98,0.0,0.04201792978431747
2016-04-08,WI_2,HOBBIES_1_028,7.98,0.0,0.15478341679151278
2016-04-09,WI_2,HOBBIES_1_028,7.98,0.0,0.13796172987732946
2016-04-10,WI_2,HOBBIES_1_028,7.98,0.0,0.10754988148784188
2016-04-11,WI_2,HOBBIES_1_028,7.98,0.0,0.10287661104004041
2016-04-12,WI_2,HOBBIES_1_028,7.98,0.0,0.10287661104004041
2016-04-13,WI_2,HOBBIES_1_028,7.98,0.0,0.10287661104004041
2016-04-14,WI_2,HOBBIES_1_028,7.98,0.0,0.13200269516719107
2016-04-15,WI_2,HOBBIES_1_028,7.98,0.0,0.11470846917331738
2016-04-16,WI_2,HOBBIES_1_028,7.98,1.0,0.11149147616289146
2016-04-17,WI_2,HOBBIES_1_028,7.98,0.0,0.07820169933232582
2016-04-18,WI_2,HOBBIES_1_028,7.98,0.0,0.1291990468497953
2016-04-19,WI_2,HOBBIES_1_028,7.98,1.0,0.12393340601586024
2016-04-20,WI_2,HOBBIES_1_028,7.98,0.0,0.12393340601586024
2016-04-21,WI_2,HOBBIES_1_028,7.98,0.0,0.20860082342036232
2016-04-22,WI_2,HOBBIES_1_028,7.98,0.0,0.21903763965011688
2016-04-23,WI_2,HOBBIES_1_028,7.98,0.0,0.215820646639691
2016-03-26,WI_2,HOBBIES_1_029,8.98,1.0,0.580730002302731
2016-03-27,WI_2,HOBBIES_1_029,8.98,2.0,0.49068495673220575
2016-03-28,WI_2,HOBBIES_1_029,8.98,0.0,0.49360868391720214
2016-03-29,WI_2,HOBBIES_1_029,8.98,0.0,0.5556451854481144
2016-03-30,WI_2,HOBBIES_1_029,8.98,1.0,0.48834304308326726
2016-03-31,WI_2,HOBBIES_1_029,8.98,0.0,0.5516316145719681
2016-04-01,WI_2,HOBBIES_1_029,8.98,1.0,0.6270265537329419
2016-04-02,WI_2,HOBBIES_1_029,8.98,1.0,0.56734273676846
2016-04-03,WI_2,HOBBIES_1_029,8.98,0.0,0.5275404791469032
2016-04-04,WI_2,HOBBIES_1_029,8.98,0.0,0.5049877775637821
2016-04-05,WI_2,HOBBIES_1_029,8.98,0.0,0.4664687481268195
2016-04-06,WI_2,HOBBIES_1_029,8.98,1.0,0.46208797822411085
2016-04-07,WI_2,HOBBIES_1_029,8.98,2.0,0.5159499222404887
2016-04-08,WI_2,HOBBIES_1_029,8.98,0.0,0.5293351355207186
2016-04-09,WI_2,HOBBIES_1_029,8.98,0.0,0.5923265243187974
2016-04-10,WI_2,HOBBIES_1_029,8.98,1.0,0.4949284714432938
2016-04-11,WI_2,HOBBIES_1_029,8.98,1.0,0.46208797822411085
2016-04-12,WI_2,HOBBIES_1_029,8.98,1.0,0.47159713376913404
2016-04-13,WI_2,HOBBIES_1_029,8.98,2.0,0.48735699731842297
2016-04-14,WI_2,HOBBIES_1_029,8.98,0.0,0.5779429443171692
2016-04-15,WI_2,HOBBIES_1_029,8.98,1.0,0.6883269572882491
2016-04-16,WI_2,HOBBIES_1_029,8.98,1.0,0.6215839604653388
2016-04-17,WI_2,HOBBIES_1_029,8.98,1.0,0.5842211712733131
2016-04-18,WI_2,HOBBIES_1_029,8.98,0.0,0.6052032015262093
2016-04-19,WI_2,HOBBIES_1_029,8.98,1.0,0.6052032015262093
2016-04-20,WI_2,HOBBIES_1_029,8.98,0.0,0.5579819778520471
2016-04-21,WI_2,HOBBIES_1_029,8.98,2.0,0.6537587033979055
2016-04-22,WI_2,HOBBIES_1_029,8.98,2.0,0.6512018017172101
2016-04-23,WI_2,HOBBIES_1_029,8.98,0.0,0.7209406074955733
2016-03-26,WI_2,HOBBIES_1_030,0.7,0.0,1.1691398852609935
2016-03-27,WI_2,HOBBIES_1_030,0.7,4.0,0.8519451141314829
2016-03-28,WI_2,HOBBIES_1_030,0.7,1.0,0.8409191859246057
2016-03-29,WI_2,HOBBIES_1_030,0.7,5.0,1.274436570196613
2016-03-30,WI_2,HOBBIES_1_030,0.7,0.0,1.2874005996388411
2016-03-31,WI_2,HOBBIES_1_030,0.7,1.0,1.38898148179307
2016-04-01,WI_2,HOBBIES_1_030,0.7,6.0,1.3762613861685071
2016-04-02,WI_2,HOBBIES_1_030,0.7,1.0,1.2627851537666084
2016-04-03,WI_2,HOBBIES_1_030,0.7,1.0,1.1868770345391297
2016-04-04,WI_2,HOBBIES_1_030,0.7,0.0,1.356750334336109
2016-04-05,WI_2,HOBBIES_1_030,0.7,0.0,1.3310915267759726
2016-04-06,WI_2,HOBBIES_1_030,0.7,0.0,1.302620424039839
2016-04-07,WI_2,HOBBIES_1_030,0.7,0.0,1.0983539934165016
2016-04-08,WI_2,HOBBIES_1_030,0.7,5.0,1.17253455625285
2016-04-09,WI_2,HOBBIES_1_030,0.7,0.0,1.0402613260443847
2016-04-10,WI_2,HOBBIES_1_030,0.7,5.0,1.0600143426853537
2016-04-11,WI_2,HOBBIES_1_030,0.7,1.0,1.1644089854093873
2016-04-12,WI_2,HOBBIES_1_030,0.7,0.0,1.2907363566812375
2016-04-13,WI_2,HOBBIES_1_030,0.7,0.0,1.3385119391501015
2016-04-14,WI_2,HOBBIES_1_030,0.7,1.0,1.445033384901335
2016-04-15,WI_2,HOBBIES_1_030,0.7,1.0,1.527554966818985
2016-04-16,WI_2,HOBBIES_1_030,0.7,5.0,1.3598233659580612
2016-04-17,WI_2,HOBBIES_1_030,0.7,0.0,1.2918641458350286
2016-04-18,WI_2,HOBBIES_1_030,0.7,0.0,1.3677584821364515
2016-04-19,WI_2,HOBBIES_1_030,0.7,2.0,1.4125047927378696
2016-04-20,WI_2,HOBBIES_1_030,0.7,0.0,1.3665484703327484
2016-04-21,WI_2,HOBBIES_1_030,0.7,2.0,1.6316144717612298
2016-04-22,WI_2,HOBBIES_1_030,0.7,1.0,1.6989004455082903
2016-04-23,WI_2,HOBBIES_1_030,0.7,4.0,1.7194319845800232
2016-03-26,WI_3,HOBBIES_1_001,8.26,1.0,0.32310457607823445
2016-03-27,WI_3,HOBBIES_1_001,8.26,0.0,0.22654073707640152
2016-03-28,WI_3,HOBBIES_1_001,8.26,1.0,0.2384794142486413
2016-03-29,WI_3,HOBBIES_1_001,8.26,0.0,0.23321377341470637
2016-03-30,WI_3,HOBBIES_1_001,8.26,0.0,0.2694237059820771
2016-03-31,WI_3,HOBBIES_1_001,8.26,0.0,0.2656792581379689
2016-04-01,WI_3,HOBBIES_1_001,8.26,0.0,0.30322568526672306
2016-04-02,WI_3,HOBBIES_1_001,8.26,1.0,0.30000869225629717
2016-04-03,WI_3,HOBBIES_1_001,8.26,0.0,0.2346176123339379
2016-04-04,WI_3,HOBBIES_1_001,8.26,0.0,0.2453440449805285
2016-04-05,WI_3,HOBBIES_1_001,8.26,0.0,0.24007840414659362
2016-04-06,WI_3,HOBBIES_1_001,8.26,0.0,0.20913411241315816
2016-04-07,WI_3,HOBBIES_1_001,8.26,0.0,0.2636776205084488
2016-04-08,WI_3,HOBBIES_1_001,8.26,0.0,0.302241908087112
2016-04-09,WI_3,HOBBIES_1_001,8.26,0.0,0.2990249150766861
2016-04-10,WI_3,HOBBIES_1_001,8.26,0.0,0.20367332060050256
2016-04-11,WI_3,HOBBIES_1_001,8.26,0.0,0.15340590855105282
2016-04-12,WI_3,HOBBIES_1_001,8.26,0.0,0.15340590855105282
2016-04-13,WI_3,HOBBIES_1_001,8.26,0.0,0.15282748931364062
2016-04-14,WI_3,HOBBIES_1_001,8.26,0.0,0.19569076830270485
2016-04-15,WI_3,HOBBIES_1_001,8.26,1.0,0.19622006171218742
2016-04-16,WI_3,HOBBIES_1_001,8.38,0.0,0.19300306870176154
2016-04-17,WI_3,HOBBIES_1_001,8.38,0.0,0.20067250119351016
2016-04-18,WI_3,HOBBIES_1_001,8.38,0.0,0.1633420715359285
2016-04-19,WI_3,HOBBIES_1_001,8.38,0.0,0.1633420715359285
2016-04-20,WI_3,HOBBIES_1_001,8.38,0.0,0.1633420715359285
2016-04-21,WI_3,HOBBIES_1_001,8.38,0.0,0.20038066329342516
2016-04-22,WI_3,HOBBIES_1_001,8.38,0.0,0.2379270904221794
2016-04-23,WI_3,HOBBIES_1_001,8.38,0.0,0.23471009741175353
2016-03-26,WI_3,HOBBIES_1_002,3.97,0.0,0.6535794034669281
2016-03-27,WI_3,HOBBIES_1_002,3.97,0.0,0.5094140110845532
2016-03-28,WI_3,HOBBIES_1_002,3.97,0.0,0.394546041510236
2016-03-29,WI_3,HOBBIES_1_002,3.97,0.0,0.383166947863656
2016-03-30,WI_3,HOBBIES_1_002,3.97,0.0,0.3505509459511601
2016-03-31,WI_3,HOBBIES_1_002,3.97,0.0,0.4153859425503798
2016-04-01,WI_3,HOBBIES_1_002,3.97,1.0,0.42819552567199215
2016-04-02,WI_3,HOBBIES_1_002,3.97,1.0,0.3182316334353177
2016-04-03,WI_3,HOBBIES_1_002,3.97,0.0,0.3084308007343704
2016-04-04,WI_3,HOBBIES_1_002,3.97,0.0,0.3281614809926674
2016-04-05,WI_3,HOBBIES_1_002,3.97,0.0,0.3228958401587324
2016-04-06,WI_3,HOBBIES_1_002,3.97,0.0,0.3228958401587324
2016-04-07,WI_3,HOBBIES_1_002,3.97,0.0,0.3877308367579521
2016-04-08,WI_3,HOBBIES_1_002,3.97,1.0,0.44411418758211374
2016-04-09,WI_3,HOBBIES_1_002,3.97,1.0,0.44089719457168786
2016-04-10,WI_3,HOBBIES_1_002,3.97,0.0,0.3692653832258858
2016-04-11,WI_3,HOBBIES_1_002,3.97,1.0,0.37736099607850926
2016-04-12,WI_3,HOBBIES_1_002,3.97,0.0,0.37209535524457427
2016-04-13,WI_3,HOBBIES_1_002,3.97,0.0,0.4223869542839337
2016-04-14,WI_3,HOBBIES_1_002,3.97,0.0,0.48939997018189313
2016-04-15,WI_3,HOBBIES_1_002,3.97,1.0,0.5720719444826976
2016-04-16,WI_3,HOBBIES_1_002,3.97,0.0,0.5688549514722717
2016-04-17,WI_3,HOBBIES_1_002,3.97,0.0,0.45982867496507945
2016-04-18,WI_3,HOBBIES_1_002,3.97,1.0,0.3505509459511601
2016-04-19,WI_3,HOBBIES_1_002,3.97,0.0,0.3228958401587324
2016-04-20,WI_3,HOBBIES_1_002,3.97,0.0,0.31065274921269126
2016-04-21,WI_3,HOBBIES_1_002,3.97,0.0,0.3616260296443576
2016-04-22,WI_3,HOBBIES_1_002,3.97,0.0,0.3867087025858107
2016-04-23,WI_3,HOBBIES_1_002,3.97,0.0,0.3594120485738367
2016-03-26,WI_3,HOBBIES_1_003,2.97,0.0,0.09917460878369316
2016-03-27,WI_3,HOBBIES_1_003,2.97,0.0,0.059890791091776814
2016-03-28,WI_3,HOBBIES_1_003,2.97,0.0,0.05429026266522834
2016-03-29,WI_3,HOBBIES_1_003,2.97,0.0,0.05429026266522834
2016-03-30,WI_3,HOBBIES_1_003,2.97,0.0,0.05429026266522834
2016-03-31,WI_3,HOBBIES_1_003,2.97,0.0,0.07982220836934047
2016-04-01,WI_3,HOBBIES_1_003,2.97,1.0,0.10619500526425303
2016-04-02,WI_3,HOBBIES_1_003,2.97,0.0,0.09917460878369316
2016-04-03,WI_3,HOBBIES_1_003,2.97,0.0,0.1443604705295217
2016-04-04,WI_3,HOBBIES_1_003,2.97,0.0,0.12921010315889025
2016-04-05,WI_3,HOBBIES_1_003,2.97,0.0,0.12921010315889025
2016-04-06,WI_3,HOBBIES_1_003,2.97,0.0,0.12921010315889025
2016-04-07,WI_3,HOBBIES_1_003,2.97,0.0,0.17217781056819512
2016-04-08,WI_3,HOBBIES_1_003,2.97,0.0,0.21471427344072413
2016-04-09,WI_3,HOBBIES_1_003,2.97,1.0,0.20769387696016428
2016-04-10,WI_3,HOBBIES_1_003,2.97,0.0,0.10614874996334826
2016-04-11,WI_3,HOBBIES_1_003,2.97,0.0,0.16079394356763227
2016-04-12,WI_3,HOBBIES_1_003,2.97,0.0,0.15026689813471006
2016-04-13,WI_3,HOBBIES_1_003,2.97,0.0,0.15026689813471006
2016-04-14,WI_3,HOBBIES_1_003,2.97,0.0,0.19323460554401495
2016-04-15,WI_3,HOBBIES_1_003,2.97,0.0,0.23577106841654397
2016-04-16,WI_3,HOBBIES_1_003,2.97,0.0,0.2287506719359841
2016-04-17,WI_3,HOBBIES_1_003,2.97,0.0,0.15655372709468424
2016-04-18,WI_3,HOBBIES_1_003,2.97,0.0,0.11782565325154384
2016-04-19,WI_3,HOBBIES_1_003,2.97,0.0,0.11782565325154384
2016-04-20,WI_3,HOBBIES_1_003,2.97,0.0,0.11782565325154384
2016-04-21,WI_3,HOBBIES_1_003,2.97,0.0,0.16079336066084893
2016-04-22,WI_3,HOBBIES_1_003,2.97,0.0,0.19406403970655195
2016-04-23,WI_3,HOBBIES_1_003,2.97,1.0,0.1870436432259921
2016-03-26,WI_3,HOBBIES_1_004,4.64,0.0,2.5859104221313807
2016-03-27,WI_3,HOBBIES_1_004,4.64,0.0,1.575106044703004
2016-03-28,WI_3,HOBBIES_1_004,4.64,0.0,1.3287921173913861
2016-03-29,WI_3,HOBBIES_1_004,4.64,0.0,1.317413023744806
2016-03-30,WI_3,HOBBIES_1_004,4.64,0.0,1.2922533998392762
2016-03-31,WI_3,HOBBIES_1_004,4.64,0.0,1.3011003377649424
2016-04-01,WI_3,HOBBIES_1_004,4.64,0.0,1.634515077594283
2016-04-02,WI_3,HOBBIES_1_004,4.64,0.0,1.6044210849983616
2016-04-03,WI_3,HOBBIES_1_004,4.64,0.0,1.1062956336532788
2016-04-04,WI_3,HOBBIES_1_004,4.64,0.0,0.8438019122676682
2016-04-05,WI_3,HOBBIES_1_004,4.64,0.0,0.8438019122676682
2016-04-06,WI_3,HOBBIES_1_004,4.64,0.0,0.793174717362304
2016-04-07,WI_3,HOBBIES_1_004,4.64,0.0,0.9614912607966266
2016-04-08,WI_3,HOBBIES_1_004,4.64,0.0,0.93669505976915
2016-04-09,WI_3,HOBBIES_1_004,4.64,0.0,0.8493461230191132
2016-04-10,WI_3,HOBBIES_1_004,4.64,0.0,0.5380999554127446
2016-04-11,WI_3,HOBBIES_1_004,4.64,1.0,0.42273960879291517
2016-04-12,WI_3,HOBBIES_1_004,4.64,0.0,0.38454172849548407
2016-04-13,WI_3,HOBBIES_1_004,4.64,3.0,0.49139078624345145
2016-04-14,WI_3,HOBBIES_1_004,4.64,2.0,0.4912178524178909
2016-04-15,WI_3,HOBBIES_1_004,4.64,0.0,0.7443575171991277
2016-04-16,WI_3,HOBBIES_1_004,4.64,3.0,0.7317766927002729
2016-04-17,WI_3,HOBBIES_1_004,4.64,1.0,0.5532138746824974
2016-04-18,WI_3,HOBBIES_1_004,4.64,0.0,0.67762336319858
2016-04-19,WI_3,HOBBIES_1_004,4.64,1.0,0.6898953700777338
2016-04-20,WI_3,HOBBIES_1_004,4.64,0.0,0.7218946575408581
2016-04-21,WI_3,HOBBIES_1_004,4.64,0.0,0.6765385339369295
2016-04-22,WI_3,HOBBIES_1_004,4.64,1.0,0.6591851467753427
2016-04-23,WI_3,HOBBIES_1_004,4.64,2.0,0.5948354681578542
2016-03-26,WI_3,HOBBIES_1_005,2.88,1.0,0.45091055581417294
2016-03-27,WI_3,HOBBIES_1_005,2.88,0.0,0.30107976643083817
2016-03-28,WI_3,HOBBIES_1_005,2.88,1.0,0.3397277044422935
2016-03-29,WI_3,HOBBIES_1_005,2.88,0.0,0.32920065900937123
2016-03-30,WI_3,HOBBIES_1_005,2.88,0.0,0.34655578235028695
2016-03-31,WI_3,HOBBIES_1_005,2.88,0.0,0.39650136066446334
2016-04-01,WI_3,HOBBIES_1_005,2.88,1.0,0.43975403542203306
2016-04-02,WI_3,HOBBIES_1_005,2.88,1.0,0.4094237327279914
2016-04-03,WI_3,HOBBIES_1_005,2.88,1.0,0.2857429671821629
2016-04-04,WI_3,HOBBIES_1_005,2.88,0.0,0.299166215135257
2016-04-05,WI_3,HOBBIES_1_005,2.88,2.0,0.3274893908478935
2016-04-06,WI_3,HOBBIES_1_005,2.88,0.0,0.2886391697023347
2016-04-07,WI_3,HOBBIES_1_005,2.88,3.0,0.4226510144550541
2016-04-08,WI_3,HOBBIES_1_005,2.88,0.0,0.47296810326263106
2016-04-09,WI_3,HOBBIES_1_005,2.88,0.0,0.6914318048848942
2016-04-10,WI_3,HOBBIES_1_005,2.88,0.0,0.4817626147975857
2016-04-11,WI_3,HOBBIES_1_005,2.88,0.0,0.44034696833359166
2016-04-12,WI_3,HOBBIES_1_005,2.88,1.0,0.4306803730689053
2016-04-13,WI_3,HOBBIES_1_005,2.88,0.0,0.4306803730689053
2016-04-14,WI_3,HOBBIES_1_005,2.88,0.0,0.5445385643660697
2016-04-15,WI_3,HOBBIES_1_005,2.88,1.0,0.5801737864471498
2016-04-16,WI_3,HOBBIES_1_005,2.88,0.0,0.5230789729343968
2016-04-17,WI_3,HOBBIES_1_005,2.88,0.0,0.4598907192179377
2016-04-18,WI_3,HOBBIES_1_005,2.88,0.0,0.4341067861726202
2016-04-19,WI_3,HOBBIES_1_005,2.88,0.0,0.4341067861726202
2016-04-20,WI_3,HOBBIES_1_005,2.88,1.0,0.4341067861726202
2016-04-21,WI_3,HOBBIES_1_005,2.88,0.0,0.4947004834758903
2016-04-22,WI_3,HOBBIES_1_005,2.88,0.0,0.6030820101252536
2016-04-23,WI_3,HOBBIES_1_005,2.88,0.0,0.5771955151419491
2016-03-26,WI_3,HOBBIES_1_006,0.96,0.0,1.4885883549458765
2016-03-27,WI_3,HOBBIES_1_006,0.96,0.0,1.177902870699665
2016-03-28,WI_3,HOBBIES_1_006,0.96,1.0,1.0525279263335119
2016-03-29,WI_3,HOBBIES_1_006,0.96,0.0,1.0525279263335119
2016-03-30,WI_3,HOBBIES_1_006,0.96,0.0,1.148748674861574
2016-03-31,WI_3,HOBBIES_1_006,0.96,1.0,1.2101318036175308
2016-04-01,WI_3,HOBBIES_1_006,0.96,2.0,1.272698243008437
2016-04-02,WI_3,HOBBIES_1_006,0.96,1.0,1.334877916303028
2016-04-03,WI_3,HOBBIES_1_006,0.96,1.0,1.0846668490717208
2016-04-04,WI_3,HOBBIES_1_006,0.96,0.0,1.0564776206733153
2016-04-05,WI_3,HOBBIES_1_006,0.96,0.0,1.0661442159380012
2016-04-06,WI_3,HOBBIES_1_006,0.96,0.0,1.0366049794169507
2016-04-07,WI_3,HOBBIES_1_006,0.96,2.0,1.1636491755954559
2016-04-08,WI_3,HOBBIES_1_006,0.96,1.0,1.3417932751400101
2016-04-09,WI_3,HOBBIES_1_006,0.96,1.0,1.416617932574759
2016-04-10,WI_3,HOBBIES_1_006,0.96,0.0,1.1369947606414126
2016-04-11,WI_3,HOBBIES_1_006,0.96,2.0,0.9301335896958542
2016-04-12,WI_3,HOBBIES_1_006,0.96,2.0,0.8988818547929098
2016-04-13,WI_3,HOBBIES_1_006,0.96,0.0,0.9847310730711305
2016-04-14,WI_3,HOBBIES_1_006,0.96,1.0,1.19279341222454
2016-04-15,WI_3,HOBBIES_1_006,0.96,1.0,1.3510648705127295
2016-04-16,WI_3,HOBBIES_1_006,0.96,0.0,1.5041386496957916
2016-04-17,WI_3,HOBBIES_1_006,0.96,2.0,1.0887016579479627
2016-04-18,WI_3,HOBBIES_1_006,0.96,0.0,0.8049964876082052
2016-04-19,WI_3,HOBBIES_1_006,0.96,2.0,0.9488879596704249
2016-04-20,WI_3,HOBBIES_1_006,0.96,0.0,0.8540873727964198
2016-04-21,WI_3,HOBBIES_1_006,0.96,1.0,1.0662662775744283
2016-04-22,WI_3,HOBBIES_1_006,0.96,0.0,1.2007790508334817
2016-04-23,WI_3,HOBBIES_1_006,0.96,2.0,1.10573193613698
2016-03-26,WI_3,HOBBIES_1_007,7.88,0.0,0.2273573718128696
2016-03-27,WI_3,HOBBIES_1_007,7.88,0.0,0.17432513844498657
2016-03-28,WI_3,HOBBIES_1_007,7.88,0.0,0.15340590855105282
2016-03-29,WI_3,HOBBIES_1_007,7.88,0.0,0.15282748931364062
2016-03-30,WI_3,HOBBIES_1_007,7.88,1.0,0.15282748931364062
2016-03-31,WI_3,HOBBIES_1_007,7.88,0.0,0.19569076830270485
2016-04-01,WI_3,HOBBIES_1_007,7.88,0.0,0.2858860874370451
2016-04-02,WI_3,HOBBIES_1_007,7.88,0.0,0.2690644005228617
2016-04-03,WI_3,HOBBIES_1_007,7.88,0.0,0.20367332060050256
2016-04-04,WI_3,HOBBIES_1_007,7.88,0.0,0.18584715343421881
2016-04-05,WI_3,HOBBIES_1_007,7.88,0.0,0.18584715343421881
2016-04-06,WI_3,HOBBIES_1_007,7.88,0.0,0.1633420715359285
2016-04-07,WI_3,HOBBIES_1_007,7.88,0.0,0.20038066329342516
2016-04-08,WI_3,HOBBIES_1_007,7.88,1.0,0.19622006171218742
2016-04-09,WI_3,HOBBIES_1_007,7.88,0.0,0.19300306870176154
2016-04-10,WI_3,HOBBIES_1_007,7.88,1.0,0.15896827153483958
2016-04-11,WI_3,HOBBIES_1_007,7.88,1.0,0.14378427310706504
2016-04-12,WI_3,HOBBIES_1_007,7.88,1.0,0.1995520041032989
2016-04-13,WI_3,HOBBIES_1_007,7.88,0.0,0.2442254065822916
2016-04-14,WI_3,HOBBIES_1_007,7.88,0.0,0.2979351535011069
2016-04-15,WI_3,HOBBIES_1_007,7.88,0.0,0.33021593979592617
2016-04-16,WI_3,HOBBIES_1_007,7.88,0.0,0.32039599356683796
2016-04-17,WI_3,HOBBIES_1_007,7.88,0.0,0.2507613989333906
2016-04-18,WI_3,HOBBIES_1_007,7.88,1.0,0.23895976574835667
2016-04-19,WI_3,HOBBIES_1_007,7.88,1.0,0.21621302593024197
2016-04-20,WI_3,HOBBIES_1_007,7.88,0.0,0.22205708600158902
2016-04-21,WI_3,HOBBIES_1_007,7.88,0.0,0.29988755307581927
2016-04-22,WI_3,HOBBIES_1_007,7.88,0.0,0.3331861998205476
2016-04-23,WI_3,HOBBIES_1_007,7.88,0.0,0.3299692068101217
2016-03-26,WI_3,HOBBIES_1_008,0.48,2.0,2.0928859643526985
2016-03-27,WI_3,HOBBIES_1_008,0.48,2.0,1.9285700417023284
2016-03-28,WI_3,HOBBIES_1_008,0.48,0.0,2.3953339238251354
2016-03-29,WI_3,HOBBIES_1_008,0.48,0.0,2.2789962106496446
2016-03-30,WI_3,HOBBIES_1_008,0.48,11.0,1.9218507141746102
2016-03-31,WI_3,HOBBIES_1_008,0.48,5.0,1.829694285346417
2016-04-01,WI_3,HOBBIES_1_008,0.48,1.0,2.608265775881477
2016-04-02,WI_3,HOBBIES_1_008,0.48,1.0,2.53538943478947
2016-04-03,WI_3,HOBBIES_1_008,0.48,1.0,2.4296560631646953
2016-04-04,WI_3,HOBBIES_1_008,0.48,1.0,2.3602329042499024
2016-04-05,WI_3,HOBBIES_1_008,0.48,4.0,2.3466501162832074
2016-04-06,WI_3,HOBBIES_1_008,0.48,3.0,2.53593645671683
2016-04-07,WI_3,HOBBIES_1_008,0.48,0.0,2.581428612401654
2016-04-08,WI_3,HOBBIES_1_008,0.48,2.0,2.3644178456412974
2016-04-09,WI_3,HOBBIES_1_008,0.48,3.0,1.8563124064455094
2016-04-10,WI_3,HOBBIES_1_008,0.48,3.0,1.9844954139521445
2016-04-11,WI_3,HOBBIES_1_008,0.48,0.0,2.350558633234864
2016-04-12,WI_3,HOBBIES_1_008,0.48,0.0,2.4516913913602103
2016-04-13,WI_3,HOBBIES_1_008,0.48,5.0,2.111260704657645
2016-04-14,WI_3,HOBBIES_1_008,0.48,1.0,2.2347886064185016
2016-04-15,WI_3,HOBBIES_1_008,0.48,5.0,2.6115738641928026
2016-04-16,WI_3,HOBBIES_1_008,0.48,2.0,2.3071751332215045
2016-04-17,WI_3,HOBBIES_1_008,0.48,0.0,2.436384977563052
2016-04-18,WI_3,HOBBIES_1_008,0.48,6.0,2.5078897350579865
2016-04-19,WI_3,HOBBIES_1_008,0.48,3.0,2.2157546045573264
2016-04-20,WI_3,HOBBIES_1_008,0.48,0.0,2.668181072122265
2016-04-21,WI_3,HOBBIES_1_008,0.48,1.0,3.251370334336239
2016-04-22,WI_3,HOBBIES_1_008,0.48,3.0,2.6391656319505916
2016-04-23,WI_3,HOBBIES_1_008,0.48,3.0,2.8940718128168936
2016-03-26,WI_3,HOBBIES_1_009,1.77,0.0,0.21659284705856657
2016-03-27,WI_3,HOBBIES_1_009,1.77,0.0,0.14922440596657444
2016-03-28,WI_3,HOBBIES_1_009,1.77,0.0,0.14407114195956353
2016-03-29,WI_3,HOBBIES_1_009,1.77,0.0,0.14407114195956353
2016-03-30,WI_3,HOBBIES_1_009,1.77,0.0,0.14407114195956353
2016-03-31,WI_3,HOBBIES_1_009,1.77,3.0,0.1870388493688684
2016-04-01,WI_3,HOBBIES_1_009,1.77,0.0,0.18162358099990342
2016-04-02,WI_3,HOBBIES_1_009,1.77,0.0,0.4109263657964224
2016-04-03,WI_3,HOBBIES_1_009,1.77,0.0,0.3015695980722734
2016-04-04,WI_3,HOBBIES_1_009,1.77,2.0,0.29950939679291244
2016-04-05,WI_3,HOBBIES_1_009,1.77,0.0,0.2799515983640489
2016-04-06,WI_3,HOBBIES_1_009,1.77,0.0,0.34758571324438114
2016-04-07,WI_3,HOBBIES_1_009,1.77,0.0,0.3858510624523314
2016-04-08,WI_3,HOBBIES_1_009,1.77,0.0,0.44737958451405446
2016-04-09,WI_3,HOBBIES_1_009,1.77,0.0,0.4006627583500755
2016-04-10,WI_3,HOBBIES_1_009,1.77,0.0,0.3045671704660327
2016-04-11,WI_3,HOBBIES_1_009,1.77,1.0,0.3022872006177427
2016-04-12,WI_3,HOBBIES_1_009,1.77,0.0,0.3022872006177427
2016-04-13,WI_3,HOBBIES_1_009,1.77,0.0,0.26652971164452044
2016-04-14,WI_3,HOBBIES_1_009,1.77,0.0,0.31081959483372085
2016-04-15,WI_3,HOBBIES_1_009,1.77,0.0,0.36158473532050783
2016-04-16,WI_3,HOBBIES_1_009,1.77,0.0,0.349639376350245
2016-04-17,WI_3,HOBBIES_1_009,1.77,0.0,0.26430717004113863
2016-04-18,WI_3,HOBBIES_1_009,1.77,2.0,0.256002666211598
2016-04-19,WI_3,HOBBIES_1_009,1.77,0.0,0.256002666211598
2016-04-20,WI_3,HOBBIES_1_009,1.77,0.0,0.3607592852685648
2016-04-21,WI_3,HOBBIES_1_009,1.77,0.0,0.41070486358274133
2016-04-22,WI_3,HOBBIES_1_009,1.77,0.0,0.4732512460943732
2016-04-23,WI_3,HOBBIES_1_009,1.77,0.0,0.46130588712411036
2016-03-26,WI_3,HOBBIES_1_010,2.97,1.0,0.72016229497387
2016-03-27,WI_3,HOBBIES_1_010,2.97,0.0,0.49810086829830663
2016-03-28,WI_3,HOBBIES_1_010,2.97,0.0,0.4699114526627144
2016-03-29,WI_3,HOBBIES_1_010,2.97,0.0,0.4366376674116772
2016-03-30,WI_3,HOBBIES_1_010,2.97,2.0,0.4366376674116772
2016-03-31,WI_3,HOBBIES_1_010,2.97,0.0,0.5131500266250688
2016-04-01,WI_3,HOBBIES_1_010,2.97,1.0,0.6907525875750623
2016-04-02,WI_3,HOBBIES_1_010,2.97,0.0,0.6648660925917578
2016-04-03,WI_3,HOBBIES_1_010,2.97,0.0,0.5027019973718051
2016-04-04,WI_3,HOBBIES_1_010,2.97,1.0,0.46376517713250087
2016-04-05,WI_3,HOBBIES_1_010,2.97,1.0,0.46376517713250087
2016-04-06,WI_3,HOBBIES_1_010,2.97,2.0,0.47853573727651155
2016-04-07,WI_3,HOBBIES_1_010,2.97,0.0,0.5934845978541646
2016-04-08,WI_3,HOBBIES_1_010,2.97,0.0,0.7742936892604607
2016-04-09,WI_3,HOBBIES_1_010,2.97,1.0,0.7484071942771562
2016-04-10,WI_3,HOBBIES_1_010,2.97,1.0,0.5114692392065071
2016-04-11,WI_3,HOBBIES_1_010,2.97,1.0,0.5075456111684502
2016-04-12,WI_3,HOBBIES_1_010,2.97,0.0,0.5515942725839293
2016-04-13,WI_3,HOBBIES_1_010,2.97,1.0,0.5749561686365037
2016-04-14,WI_3,HOBBIES_1_010,2.97,1.0,0.6407015146246097
2016-04-15,WI_3,HOBBIES_1_010,2.97,0.0,0.7904566300127102
2016-04-16,WI_3,HOBBIES_1_010,2.97,0.0,0.7675175716220288
2016-04-17,WI_3,HOBBIES_1_010,2.97,0.0,0.5517153905039627
2016-04-18,WI_3,HOBBIES_1_010,2.97,1.0,0.4680086918435894
2016-04-19,WI_3,HOBBIES_1_010,2.97,0.0,0.4593844072297921
2016-04-20,WI_3,HOBBIES_1_010,2.97,0.0,0.47429222256542314
2016-04-21,WI_3,HOBBIES_1_010,2.97,1.0,0.5497041638182149
2016-04-22,WI_3,HOBBIES_1_010,2.97,1.0,0.6165020727228192
2016-04-23,WI_3,HOBBIES_1_010,2.97,0.0,0.6459785549903633
2016-03-26,WI_3,HOBBIES_1_011,3.48,0.0,0.19248789383192713
2016-03-27,WI_3,HOBBIES_1_011,3.48,0.0,0.12930389404940984
2016-03-28,WI_3,HOBBIES_1_011,3.48,0.0,0.11869244219827915
2016-03-29,WI_3,HOBBIES_1_011,3.48,0.0,0.08625119731511308
2016-03-30,WI_3,HOBBIES_1_011,3.48,0.0,0.08625119731511308
2016-03-31,WI_3,HOBBIES_1_011,3.48,0.0,0.12241535259728632
2016-04-01,WI_3,HOBBIES_1_011,3.48,0.0,0.15399785813236103
2016-04-02,WI_3,HOBBIES_1_011,3.48,0.0,0.15078086512193514
2016-04-03,WI_3,HOBBIES_1_011,3.48,0.0,0.09995571189389366
2016-04-04,WI_3,HOBBIES_1_011,3.48,0.0,0.08625119731511308
2016-04-05,WI_3,HOBBIES_1_011,3.48,0.0,0.08625119731511308
2016-04-06,WI_3,HOBBIES_1_011,3.48,0.0,0.08625119731511308
2016-04-07,WI_3,HOBBIES_1_011,3.48,0.0,0.12241535259728632
2016-04-08,WI_3,HOBBIES_1_011,3.48,0.0,0.15399785813236103
2016-04-09,WI_3,HOBBIES_1_011,3.48,0.0,0.15078086512193514
2016-04-10,WI_3,HOBBIES_1_011,3.48,0.0,0.07889891691807384
2016-04-11,WI_3,HOBBIES_1_011,3.48,0.0,0.06519440233929327
2016-04-12,WI_3,HOBBIES_1_011,3.48,0.0,0.06519440233929327
2016-04-13,WI_3,HOBBIES_1_011,3.48,0.0,0.06519440233929327
2016-04-14,WI_3,HOBBIES_1_011,3.48,0.0,0.10135855762146637
2016-04-15,WI_3,HOBBIES_1_011,3.48,0.0,0.13294106315654125
2016-04-16,WI_3,HOBBIES_1_011,3.48,0.0,0.12972407014611537
2016-04-17,WI_3,HOBBIES_1_011,3.48,0.0,0.07889891691807384
2016-04-18,WI_3,HOBBIES_1_011,3.48,0.0,0.06519440233929327
2016-04-19,WI_3,HOBBIES_1_011,3.48,0.0,0.023229965956382284
2016-04-20,WI_3,HOBBIES_1_011,3.48,0.0,0.023229965956382284
2016-04-21,WI_3,HOBBIES_1_011,3.48,0.0,0.0428327960086863
2016-04-22,WI_3,HOBBIES_1_011,3.48,0.0,0.06751741939297043
2016-04-23,WI_3,HOBBIES_1_011,3.48,0.0,0.06430042638254455
2016-03-26,WI_3,HOBBIES_1_012,6.52,0.0,0.24294646675952986
2016-03-27,WI_3,HOBBIES_1_012,6.52,1.0,0.1448952053996522
2016-03-28,WI_3,HOBBIES_1_012,6.52,1.0,0.11160899408451842
2016-03-29,WI_3,HOBBIES_1_012,6.52,0.0,0.16887367823048285
2016-03-30,WI_3,HOBBIES_1_012,6.52,3.0,0.23766329453491758
2016-03-31,WI_3,HOBBIES_1_012,6.52,1.0,0.27695634586035806
2016-04-01,WI_3,HOBBIES_1_012,6.52,0.0,0.4091560740625714
2016-04-02,WI_3,HOBBIES_1_012,6.52,1.0,0.4396853373183801
2016-04-03,WI_3,HOBBIES_1_012,6.52,0.0,0.3205998864681487
2016-04-04,WI_3,HOBBIES_1_012,6.52,0.0,0.35132135626083494
2016-04-05,WI_3,HOBBIES_1_012,6.52,0.0,0.3282194372639381
2016-04-06,WI_3,HOBBIES_1_012,6.52,0.0,0.3185528419992517
2016-04-07,WI_3,HOBBIES_1_012,6.52,0.0,0.3747917632648529
2016-04-08,WI_3,HOBBIES_1_012,6.52,0.0,0.36550223016987204
2016-04-09,WI_3,HOBBIES_1_012,6.52,0.0,0.33134094542601067
2016-04-10,WI_3,HOBBIES_1_012,6.52,0.0,0.24993984948108508
2016-04-11,WI_3,HOBBIES_1_012,6.52,0.0,0.20103849439216007
2016-04-12,WI_3,HOBBIES_1_012,6.52,0.0,0.20103849439216007
2016-04-13,WI_3,HOBBIES_1_012,6.52,0.0,0.20103849439216007
2016-04-14,WI_3,HOBBIES_1_012,6.52,1.0,0.25727741565776135
2016-04-15,WI_3,HOBBIES_1_012,6.52,0.0,0.29285090972644445
2016-04-16,WI_3,HOBBIES_1_012,6.52,0.0,0.3682555455432497
2016-04-17,WI_3,HOBBIES_1_012,6.52,0.0,0.24993984948108508
2016-04-18,WI_3,HOBBIES_1_012,6.52,0.0,0.23347973927532584
2016-04-19,WI_3,HOBBIES_1_012,6.52,0.0,0.23347973927532584
2016-04-20,WI_3,HOBBIES_1_012,6.52,0.0,0.23347973927532584
2016-04-21,WI_3,HOBBIES_1_012,6.52,0.0,0.2897186605409274
2016-04-22,WI_3,HOBBIES_1_012,6.52,1.0,0.33455793843643655
2016-04-23,WI_3,HOBBIES_1_012,6.52,0.0,0.28963391671601857
2016-03-26,WI_3,HOBBIES_1_013,1.97,0.0,0.4921346812009614
2016-03-27,WI_3,HOBBIES_1_013,1.97,2.0,0.3383613014922778
2016-03-28,WI_3,HOBBIES_1_013,1.97,0.0,0.28233770536581426
2016-03-29,WI_3,HOBBIES_1_013,1.97,0.0,0.3848915420146972
2016-03-30,WI_3,HOBBIES_1_013,1.97,2.0,0.37436449658177495
2016-03-31,WI_3,HOBBIES_1_013,1.97,1.0,0.4434331956624921
2016-04-01,WI_3,HOBBIES_1_013,1.97,1.0,0.6406764471339782
2016-04-02,WI_3,HOBBIES_1_013,1.97,2.0,0.6450351442999984
2016-04-03,WI_3,HOBBIES_1_013,1.97,1.0,0.5077674635629923
2016-04-04,WI_3,HOBBIES_1_013,1.97,0.0,0.5858880647174162
2016-04-05,WI_3,HOBBIES_1_013,1.97,0.0,0.5398361408318183
2016-04-06,WI_3,HOBBIES_1_013,1.97,0.0,0.5293090953988961
2016-04-07,WI_3,HOBBIES_1_013,1.97,0.0,0.6152480820846106
2016-04-08,WI_3,HOBBIES_1_013,1.97,1.0,0.6518274050985071
2016-04-09,WI_3,HOBBIES_1_013,1.97,1.0,0.6334279149713672
2016-04-10,WI_3,HOBBIES_1_013,1.97,0.0,0.5027019973718051
2016-04-11,WI_3,HOBBIES_1_013,1.97,0.0,0.47429222256542314
2016-04-12,WI_3,HOBBIES_1_013,1.97,2.0,0.44101843731438606
2016-04-13,WI_3,HOBBIES_1_013,1.97,0.0,0.44101843731438606
2016-04-14,WI_3,HOBBIES_1_013,1.97,0.0,0.5644747239622253
2016-04-15,WI_3,HOBBIES_1_013,1.97,0.0,0.640448311451927
2016-04-16,WI_3,HOBBIES_1_013,1.97,3.0,0.6334279149713672
2016-04-17,WI_3,HOBBIES_1_013,1.97,0.0,0.4757875468750287
2016-04-18,WI_3,HOBBIES_1_013,1.97,0.0,0.5542484582472973
2016-04-19,WI_3,HOBBIES_1_013,1.97,0.0,0.5093393466635825
2016-04-20,WI_3,HOBBIES_1_013,1.97,0.0,0.5093393466635825
2016-04-21,WI_3,HOBBIES_1_013,1.97,0.0,0.5796557249916285
2016-04-22,WI_3,HOBBIES_1_013,1.97,2.0,0.6799637552892838
2016-04-23,WI_3,HOBBIES_1_013,1.97,1.0,0.6729433588087239
2016-03-26,WI_3,HOBBIES_1_014,1.16,0.0,0.822964675171221
2016-03-27,WI_3,HOBBIES_1_014,1.16,0.0,0.6535706269547289
2016-03-28,WI_3,HOBBIES_1_014,1.16,0.0,0.6345338100791693
2016-03-29,WI_3,HOBBIES_1_014,1.16,0.0,0.49865335367468433
2016-03-30,WI_3,HOBBIES_1_014,1.16,5.0,0.49865335367468433
2016-03-31,WI_3,HOBBIES_1_014,1.16,1.0,0.5898059471054803
2016-04-01,WI_3,HOBBIES_1_014,1.16,0.0,0.9748426479278299
2016-04-02,WI_3,HOBBIES_1_014,1.16,0.0,0.9341389271593679
2016-04-03,WI_3,HOBBIES_1_014,1.16,3.0,0.6541219730791176
2016-04-04,WI_3,HOBBIES_1_014,1.16,0.0,0.6373692181237516
2016-04-05,WI_3,HOBBIES_1_014,1.16,0.0,0.7287612164893773
2016-04-06,WI_3,HOBBIES_1_014,1.16,0.0,0.7699188237931354
2016-04-07,WI_3,HOBBIES_1_014,1.16,4.0,0.8852561912851074
2016-04-08,WI_3,HOBBIES_1_014,1.16,4.0,0.9280082179427149
2016-04-09,WI_3,HOBBIES_1_014,1.16,1.0,1.124681831004346
2016-04-10,WI_3,HOBBIES_1_014,1.16,1.0,0.8250062924326239
2016-04-11,WI_3,HOBBIES_1_014,1.16,1.0,0.9075970844962021
2016-04-12,WI_3,HOBBIES_1_014,1.16,2.0,0.8947806615450346
2016-04-13,WI_3,HOBBIES_1_014,1.16,2.0,0.9720958717468002
2016-04-14,WI_3,HOBBIES_1_014,1.16,0.0,1.175618790172639
2016-04-15,WI_3,HOBBIES_1_014,1.16,5.0,1.6193203565014287
2016-04-16,WI_3,HOBBIES_1_014,1.16,1.0,1.3552393522023674
2016-04-17,WI_3,HOBBIES_1_014,1.16,0.0,1.0670579880472344
2016-04-18,WI_3,HOBBIES_1_014,1.16,0.0,1.1309460155720206
2016-04-19,WI_3,HOBBIES_1_014,1.16,3.0,1.0361338389696029
2016-04-20,WI_3,HOBBIES_1_014,1.16,0.0,0.9866958391503818
2016-04-21,WI_3,HOBBIES_1_014,1.16,3.0,1.2237393781486836
2016-04-22,WI_3,HOBBIES_1_014,1.16,5.0,1.4140027954949446
2016-04-23,WI_3,HOBBIES_1_014,1.16,0.0,1.4634666568546097
2016-03-26,WI_3,HOBBIES_1_015,0.7,1.0,3.484497952281384
2016-03-27,WI_3,HOBBIES_1_015,0.7,3.0,3.0931823041034354
2016-03-28,WI_3,HOBBIES_1_015,0.7,10.0,2.7512261510768314
2016-03-29,WI_3,HOBBIES_1_015,0.7,0.0,3.026194313936352
2016-03-30,WI_3,HOBBIES_1_015,0.7,3.0,3.0056282211377017
2016-03-31,WI_3,HOBBIES_1_015,0.7,3.0,3.54564140452615
2016-04-01,WI_3,HOBBIES_1_015,0.7,1.0,4.164765262006099
2016-04-02,WI_3,HOBBIES_1_015,0.7,3.0,3.9600155211394945
2016-04-03,WI_3,HOBBIES_1_015,0.7,1.0,2.9019649969672283
2016-04-04,WI_3,HOBBIES_1_015,0.7,4.0,2.718710807248695
2016-04-05,WI_3,HOBBIES_1_015,0.7,2.0,2.7167229760688323
2016-04-06,WI_3,HOBBIES_1_015,0.7,0.0,2.8421956504792725
2016-04-07,WI_3,HOBBIES_1_015,0.7,0.0,3.207552613644876
2016-04-08,WI_3,HOBBIES_1_015,0.7,4.0,3.382251853899684
2016-04-09,WI_3,HOBBIES_1_015,0.7,1.0,3.2133144713199613
2016-04-10,WI_3,HOBBIES_1_015,0.7,3.0,2.821664102675138
2016-04-11,WI_3,HOBBIES_1_015,0.7,4.0,2.561183268814074
2016-04-12,WI_3,HOBBIES_1_015,0.7,3.0,2.6590353147273276
2016-04-13,WI_3,HOBBIES_1_015,0.7,1.0,2.6590353147273276
2016-04-14,WI_3,HOBBIES_1_015,0.7,14.0,3.0214387177801583
2016-04-15,WI_3,HOBBIES_1_015,0.7,0.0,3.302250257457215
2016-04-16,WI_3,HOBBIES_1_015,0.7,4.0,3.0903501449368447
2016-04-17,WI_3,HOBBIES_1_015,0.7,0.0,2.548582827435477
2016-04-18,WI_3,HOBBIES_1_015,0.7,2.0,2.699119177613191
2016-04-19,WI_3,HOBBIES_1_015,0.7,0.0,2.395266103196857
2016-04-20,WI_3,HOBBIES_1_015,0.7,2.0,2.648179531769169
2016-04-21,WI_3,HOBBIES_1_015,0.7,7.0,2.73422621503796
2016-04-22,WI_3,HOBBIES_1_015,0.7,1.0,3.386190230933809
2016-04-23,WI_3,HOBBIES_1_015,0.7,0.0,3.1353286505889963
2016-03-26,WI_3,HOBBIES_1_016,0.7,0.0,3.715291844683483
2016-03-27,WI_3,HOBBIES_1_016,0.7,0.0,2.8412506683585965
2016-03-28,WI_3,HOBBIES_1_016,0.7,4.0,3.44851424376905
2016-03-29,WI_3,HOBBIES_1_016,0.7,5.0,3.4259557813141535
2016-03-30,WI_3,HOBBIES_1_016,0.7,4.0,3.6033905163091284
2016-03-31,WI_3,HOBBIES_1_016,0.7,4.0,3.7720794540873497
2016-04-01,WI_3,HOBBIES_1_016,0.7,4.0,4.732068065116591
2016-04-02,WI_3,HOBBIES_1_016,0.7,5.0,4.569585910006374
2016-04-03,WI_3,HOBBIES_1_016,0.7,7.0,3.536888008430122
2016-04-04,WI_3,HOBBIES_1_016,0.7,1.0,3.4987172809843154
2016-04-05,WI_3,HOBBIES_1_016,0.7,2.0,3.5451220765170537
2016-04-06,WI_3,HOBBIES_1_016,0.7,0.0,3.554959765602183
2016-04-07,WI_3,HOBBIES_1_016,0.7,0.0,3.980103121111151
2016-04-08,WI_3,HOBBIES_1_016,0.7,7.0,4.42903900411824
2016-04-09,WI_3,HOBBIES_1_016,0.7,1.0,4.438000930894904
2016-04-10,WI_3,HOBBIES_1_016,0.7,6.0,3.5209332978883863
2016-04-11,WI_3,HOBBIES_1_016,0.7,2.0,3.24719301793266
2016-04-12,WI_3,HOBBIES_1_016,0.7,20.0,3.1917667603763773
2016-04-13,WI_3,HOBBIES_1_016,0.7,2.0,3.3616616929594043
2016-04-14,WI_3,HOBBIES_1_016,0.7,11.0,3.5186821981968386
2016-04-15,WI_3,HOBBIES_1_016,0.7,1.0,4.8428962431629845
2016-04-16,WI_3,HOBBIES_1_016,0.7,0.0,4.254386721609789
2016-04-17,WI_3,HOBBIES_1_016,0.7,3.0,3.5372869509372835
2016-04-18,WI_3,HOBBIES_1_016,0.7,3.0,2.942227178181188
2016-04-19,WI_3,HOBBIES_1_016,0.7,1.0,3.209227900593404
2016-04-20,WI_3,HOBBIES_1_016,0.7,0.0,3.2884282886116742
2016-04-21,WI_3,HOBBIES_1_016,0.7,3.0,3.961455582511065
2016-04-22,WI_3,HOBBIES_1_016,0.7,2.0,4.270253260711974
2016-04-23,WI_3,HOBBIES_1_016,0.7,1.0,4.134703992742531
2016-03-26,WI_3,HOBBIES_1_017,1.98,0.0,1.666363736612169
2016-03-27,WI_3,HOBBIES_1_017,1.98,6.0,1.2977429609465
2016-03-28,WI_3,HOBBIES_1_017,1.98,1.0,0.9312847552723691
2016-03-29,WI_3,HOBBIES_1_017,1.98,6.0,1.1461110551360918
2016-03-30,WI_3,HOBBIES_1_017,1.98,1.0,1.1647232887388155
2016-03-31,WI_3,HOBBIES_1_017,1.98,1.0,1.5967306197263276
2016-04-01,WI_3,HOBBIES_1_017,1.98,1.0,1.9256674958450746
2016-04-02,WI_3,HOBBIES_1_017,1.98,3.0,2.09016002465718
2016-04-03,WI_3,HOBBIES_1_017,1.98,2.0,1.398214337879013
2016-04-04,WI_3,HOBBIES_1_017,1.98,1.0,1.500978264239314
2016-04-05,WI_3,HOBBIES_1_017,1.98,0.0,1.4332630123025667
2016-04-06,WI_3,HOBBIES_1_017,1.98,0.0,1.4332630123025667
2016-04-07,WI_3,HOBBIES_1_017,1.98,1.0,1.6139157377725173
2016-04-08,WI_3,HOBBIES_1_017,1.98,4.0,1.8672091139182982
2016-04-09,WI_3,HOBBIES_1_017,1.98,7.0,1.8790548159404832
2016-04-10,WI_3,HOBBIES_1_017,1.98,0.0,1.66811547970075
2016-04-11,WI_3,HOBBIES_1_017,1.98,4.0,1.5702888115084483
2016-04-12,WI_3,HOBBIES_1_017,1.98,4.0,1.619419249965594
2016-04-13,WI_3,HOBBIES_1_017,1.98,1.0,1.7019597111759834
2016-04-14,WI_3,HOBBIES_1_017,1.98,1.0,2.3329896723005588
2016-04-15,WI_3,HOBBIES_1_017,1.98,3.0,2.681536758415172
2016-04-16,WI_3,HOBBIES_1_017,1.98,1.0,2.9091277431999125
2016-04-17,WI_3,HOBBIES_1_017,1.98,1.0,2.3599470788539385
2016-04-18,WI_3,HOBBIES_1_017,1.98,1.0,1.5538571652079833
2016-04-19,WI_3,HOBBIES_1_017,1.98,0.0,1.5933249310806081
2016-04-20,WI_3,HOBBIES_1_017,1.98,0.0,1.5345831565931536
2016-04-21,WI_3,HOBBIES_1_017,1.98,1.0,1.68224266552899
2016-04-22,WI_3,HOBBIES_1_017,1.98,2.0,1.9085590982873375
2016-04-23,WI_3,HOBBIES_1_017,1.98,2.0,1.9204048003095224
2016-03-26,WI_3,HOBBIES_1_018,11.88,0.0,0.1976290653993155
2016-03-27,WI_3,HOBBIES_1_018,11.88,0.0,0.14455417509365764
2016-03-28,WI_3,HOBBIES_1_018,11.88,0.0,0.13800916231347773
2016-03-29,WI_3,HOBBIES_1_018,11.88,0.0,0.13800916231347773
2016-03-30,WI_3,HOBBIES_1_018,11.88,0.0,0.11867776160349658
2016-03-31,WI_3,HOBBIES_1_018,11.88,1.0,0.11152698568784003
2016-04-01,WI_3,HOBBIES_1_018,11.88,0.0,0.13328119964664317
2016-04-02,WI_3,HOBBIES_1_018,11.88,0.0,0.1853759292499667
2016-04-03,WI_3,HOBBIES_1_018,11.88,0.0,0.12622668784571967
2016-04-04,WI_3,HOBBIES_1_018,11.88,0.0,0.11867776160349658
2016-04-05,WI_3,HOBBIES_1_018,11.88,0.0,0.11867776160349658
2016-04-06,WI_3,HOBBIES_1_018,11.88,1.0,0.11867776160349658
2016-04-07,WI_3,HOBBIES_1_018,11.88,0.0,0.14396823057100616
2016-04-08,WI_3,HOBBIES_1_018,11.88,1.0,0.24539504404693435
2016-04-09,WI_3,HOBBIES_1_018,11.88,0.0,0.1976290653993155
2016-04-10,WI_3,HOBBIES_1_018,11.88,0.0,0.19865839906762653
2016-04-11,WI_3,HOBBIES_1_018,11.88,0.0,0.1885112524757767
2016-04-12,WI_3,HOBBIES_1_018,11.88,0.0,0.1885112524757767
2016-04-13,WI_3,HOBBIES_1_018,11.88,0.0,0.1885112524757767
2016-04-14,WI_3,HOBBIES_1_018,11.88,2.0,0.2138017214432861
2016-04-15,WI_3,HOBBIES_1_018,11.88,1.0,0.2204038568386049
2016-04-16,WI_3,HOBBIES_1_018,11.88,0.0,0.31883689239459484
2016-04-17,WI_3,HOBBIES_1_018,11.88,0.0,0.2730219398101101
2016-04-18,WI_3,HOBBIES_1_018,11.88,0.0,0.2570500331711214
2016-04-19,WI_3,HOBBIES_1_018,11.88,0.0,0.2570500331711214
2016-04-20,WI_3,HOBBIES_1_018,11.88,0.0,0.2570500331711214
2016-04-21,WI_3,HOBBIES_1_018,11.88,0.0,0.27090276437250904
2016-04-22,WI_3,HOBBIES_1_018,11.88,0.0,0.3084491915012633
2016-04-23,WI_3,HOBBIES_1_018,11.88,0.0,0.2515411669392869
2016-03-26,WI_3,HOBBIES_1_019,0.48,0.0,2.9082223504734306
2016-03-27,WI_3,HOBBIES_1_019,0.48,0.0,2.696524390482205
2016-03-28,WI_3,HOBBIES_1_019,0.48,1.0,2.5337205238529514
2016-03-29,WI_3,HOBBIES_1_019,0.48,0.0,2.5652084633216212
2016-03-30,WI_3,HOBBIES_1_019,0.48,20.0,2.889582366302288
2016-03-31,WI_3,HOBBIES_1_019,0.48,6.0,2.8012112640347997
2016-04-01,WI_3,HOBBIES_1_019,0.48,1.0,2.212339421444698
2016-04-02,WI_3,HOBBIES_1_019,0.48,4.0,2.764331155600018
2016-04-03,WI_3,HOBBIES_1_019,0.48,5.0,2.5050829992021093
2016-04-04,WI_3,HOBBIES_1_019,0.48,0.0,2.531245764026081
2016-04-05,WI_3,HOBBIES_1_019,0.48,2.0,2.868660816633305
2016-04-06,WI_3,HOBBIES_1_019,0.48,2.0,2.6114280797892326
2016-04-07,WI_3,HOBBIES_1_019,0.48,1.0,3.2864804651242756
2016-04-08,WI_3,HOBBIES_1_019,0.48,0.0,3.215721805455763
2016-04-09,WI_3,HOBBIES_1_019,0.48,1.0,2.9293874930568475
2016-04-10,WI_3,HOBBIES_1_019,0.48,1.0,2.5563207451314773
2016-04-11,WI_3,HOBBIES_1_019,0.48,2.0,2.874886951748713
2016-04-12,WI_3,HOBBIES_1_019,0.48,0.0,2.759037017243611
2016-04-13,WI_3,HOBBIES_1_019,0.48,2.0,2.9014577732588642
2016-04-14,WI_3,HOBBIES_1_019,0.48,7.0,2.7206063981968995
2016-04-15,WI_3,HOBBIES_1_019,0.48,9.0,2.9370855184348326
2016-04-16,WI_3,HOBBIES_1_019,0.48,0.0,2.8136060026114134
2016-04-17,WI_3,HOBBIES_1_019,0.48,0.0,2.7128388145172346
2016-04-18,WI_3,HOBBIES_1_019,0.48,0.0,2.831673846359067
2016-04-19,WI_3,HOBBIES_1_019,0.48,0.0,2.497048518662078
2016-04-20,WI_3,HOBBIES_1_019,0.48,0.0,2.479354063748675
2016-04-21,WI_3,HOBBIES_1_019,0.48,0.0,2.878155157056904
2016-04-22,WI_3,HOBBIES_1_019,0.48,0.0,2.660155425260338
2016-04-23,WI_3,HOBBIES_1_019,0.48,1.0,2.6151893340553007
2016-03-26,WI_3,HOBBIES_1_020,12.68,0.0,0.2032311850106327
2016-03-27,WI_3,HOBBIES_1_020,12.68,0.0,0.15691022259681223
2016-03-28,WI_3,HOBBIES_1_020,12.68,0.0,0.14705237852005326
2016-03-29,WI_3,HOBBIES_1_020,12.68,0.0,0.14705237852005326
2016-03-30,WI_3,HOBBIES_1_020,12.68,0.0,0.1055679174303116
2016-03-31,WI_3,HOBBIES_1_020,12.68,0.0,0.1308583863978212
2016-04-01,WI_3,HOBBIES_1_020,12.68,1.0,0.15913902969974944
2016-04-02,WI_3,HOBBIES_1_020,12.68,0.0,0.15592203668932356
2016-04-03,WI_3,HOBBIES_1_020,12.68,0.0,0.16771410733419112
2016-04-04,WI_3,HOBBIES_1_020,12.68,0.0,0.15756696074234125
2016-04-05,WI_3,HOBBIES_1_020,12.68,0.0,0.15756696074234125
2016-04-06,WI_3,HOBBIES_1_020,12.68,0.0,0.13800916231347773
2016-04-07,WI_3,HOBBIES_1_020,12.68,0.0,0.16329963128098715
2016-04-08,WI_3,HOBBIES_1_020,12.68,0.0,0.20084605840974137
2016-04-09,WI_3,HOBBIES_1_020,12.68,0.0,0.1976290653993155
2016-04-10,WI_3,HOBBIES_1_020,12.68,0.0,0.11520599293814153
2016-04-11,WI_3,HOBBIES_1_020,12.68,1.0,0.08623651672033047
2016-04-12,WI_3,HOBBIES_1_020,12.68,0.0,0.08623651672033047
2016-04-13,WI_3,HOBBIES_1_020,12.68,0.0,0.14327480314741262
2016-04-14,WI_3,HOBBIES_1_020,12.68,0.0,0.16329963128098715
2016-04-15,WI_3,HOBBIES_1_020,12.68,0.0,0.17498822835663516
2016-04-16,WI_3,HOBBIES_1_020,12.68,0.0,0.17177123534620928
2016-04-17,WI_3,HOBBIES_1_020,12.68,0.0,0.12622668784571967
2016-04-18,WI_3,HOBBIES_1_020,12.68,0.0,0.11867776160349658
2016-04-19,WI_3,HOBBIES_1_020,12.68,0.0,0.11867776160349658
2016-04-20,WI_3,HOBBIES_1_020,12.68,0.0,0.08623651672033047
2016-04-21,WI_3,HOBBIES_1_020,12.68,1.0,0.11152698568784003
2016-04-22,WI_3,HOBBIES_1_020,12.68,0.0,0.13328119964664317
2016-04-23,WI_3,HOBBIES_1_020,12.68,0.0,0.21123375930307292
2016-03-26,WI_3,HOBBIES_1_021,11.88,0.0,0.1976290653993155
2016-03-27,WI_3,HOBBIES_1_021,11.88,1.0,0.14455417509365764
2016-03-28,WI_3,HOBBIES_1_021,11.88,0.0,0.13800916231347773
2016-03-29,WI_3,HOBBIES_1_021,11.88,0.0,0.1937768933097116
2016-03-30,WI_3,HOBBIES_1_021,11.88,0.0,0.13800916231347773
2016-03-31,WI_3,HOBBIES_1_021,11.88,0.0,0.16329963128098715
2016-04-01,WI_3,HOBBIES_1_021,11.88,0.0,0.20084605840974137
2016-04-02,WI_3,HOBBIES_1_021,11.88,0.0,0.1976290653993155
2016-04-03,WI_3,HOBBIES_1_021,11.88,0.0,0.14455417509365764
2016-04-04,WI_3,HOBBIES_1_021,11.88,0.0,0.11867776160349658
2016-04-05,WI_3,HOBBIES_1_021,11.88,1.0,0.08623651672033047
2016-04-06,WI_3,HOBBIES_1_021,11.88,0.0,0.08623651672033047
2016-04-07,WI_3,HOBBIES_1_021,11.88,0.0,0.16856527211492203
2016-04-08,WI_3,HOBBIES_1_021,11.88,0.0,0.20084605840974137
2016-04-09,WI_3,HOBBIES_1_021,11.88,0.0,0.1976290653993155
2016-04-10,WI_3,HOBBIES_1_021,11.88,0.0,0.14455417509365764
2016-04-11,WI_3,HOBBIES_1_021,11.88,0.0,0.13800916231347773
2016-04-12,WI_3,HOBBIES_1_021,11.88,0.0,0.13800916231347773
2016-04-13,WI_3,HOBBIES_1_021,11.88,0.0,0.13800916231347773
2016-04-14,WI_3,HOBBIES_1_021,11.88,0.0,0.1308583863978212
2016-04-15,WI_3,HOBBIES_1_021,11.88,0.0,0.15913902969974944
2016-04-16,WI_3,HOBBIES_1_021,11.88,0.0,0.15592203668932356
2016-04-17,WI_3,HOBBIES_1_021,11.88,0.0,0.11520599293814153
2016-04-18,WI_3,HOBBIES_1_021,11.88,0.0,0.1055679174303116
2016-04-19,WI_3,HOBBIES_1_021,11.88,0.0,0.1055679174303116
2016-04-20,WI_3,HOBBIES_1_021,11.88,0.0,0.08623651672033047
2016-04-21,WI_3,HOBBIES_1_021,11.88,0.0,0.11152698568784003
2016-04-22,WI_3,HOBBIES_1_021,11.88,0.0,0.13328119964664317
2016-04-23,WI_3,HOBBIES_1_021,11.88,0.0,0.1300642066362173
2016-03-26,WI_3,HOBBIES_1_022,7.18,1.0,0.7987833132207957
2016-03-27,WI_3,HOBBIES_1_022,7.18,1.0,0.5978255090763634
2016-03-28,WI_3,HOBBIES_1_022,7.18,1.0,0.5405613462601369
2016-03-29,WI_3,HOBBIES_1_022,7.18,0.0,0.5405613462601369
2016-03-30,WI_3,HOBBIES_1_022,7.18,0.0,0.5246426843500154
2016-03-31,WI_3,HOBBIES_1_022,7.18,0.0,0.6267631718427481
2016-04-01,WI_3,HOBBIES_1_022,7.18,3.0,0.7365672943814073
2016-04-02,WI_3,HOBBIES_1_022,7.18,1.0,0.7333503013709814
2016-04-03,WI_3,HOBBIES_1_022,7.18,0.0,0.6031060967351396
2016-04-04,WI_3,HOBBIES_1_022,7.18,1.0,0.6085684692214844
2016-04-05,WI_3,HOBBIES_1_022,7.18,0.0,0.562434261887489
2016-04-06,WI_3,HOBBIES_1_022,7.18,0.0,0.5676999027214238
2016-04-07,WI_3,HOBBIES_1_022,7.18,1.0,0.6266792150808125
2016-04-08,WI_3,HOBBIES_1_022,7.18,0.0,0.6876204929809033
2016-04-09,WI_3,HOBBIES_1_022,7.18,1.0,0.7454547310269465
2016-04-10,WI_3,HOBBIES_1_022,7.18,0.0,0.5431949124866782
2016-04-11,WI_3,HOBBIES_1_022,7.18,1.0,0.4954956044855814
2016-04-12,WI_3,HOBBIES_1_022,7.18,0.0,0.4902299636516464
2016-04-13,WI_3,HOBBIES_1_022,7.18,0.0,0.4954956044855814
2016-04-14,WI_3,HOBBIES_1_022,7.18,0.0,0.5719352478558629
2016-04-15,WI_3,HOBBIES_1_022,7.18,0.0,0.6218563556577352
2016-04-16,WI_3,HOBBIES_1_022,7.18,0.0,0.5958926228291944
2016-04-17,WI_3,HOBBIES_1_022,7.18,1.0,0.4328451818405959
2016-04-18,WI_3,HOBBIES_1_022,7.18,0.0,0.38014531580123523
2016-04-19,WI_3,HOBBIES_1_022,7.18,1.0,0.4163552483686056
2016-04-20,WI_3,HOBBIES_1_022,7.18,0.0,0.38014531580123523
2016-04-21,WI_3,HOBBIES_1_022,7.18,1.0,0.4886339051004999
2016-04-22,WI_3,HOBBIES_1_022,7.18,1.0,0.5676714382192297
2016-04-23,WI_3,HOBBIES_1_022,7.18,0.0,0.6146132763057074
2016-03-26,WI_3,HOBBIES_1_023,2.97,1.0,0.6547017395646847
2016-03-27,WI_3,HOBBIES_1_023,2.97,0.0,0.5256997517227472
2016-03-28,WI_3,HOBBIES_1_023,2.97,0.0,0.5398361408318183
2016-03-29,WI_3,HOBBIES_1_023,2.97,1.0,0.5293090953988961
2016-03-30,WI_3,HOBBIES_1_023,2.97,2.0,0.5048138435695622
2016-03-31,WI_3,HOBBIES_1_023,2.97,2.0,0.6891943339290763
2016-04-01,WI_3,HOBBIES_1_023,2.97,1.0,0.6941674962409694
2016-04-02,WI_3,HOBBIES_1_023,2.97,0.0,0.7450325946498099
2016-04-03,WI_3,HOBBIES_1_023,2.97,0.0,0.6160152473232644
2016-04-04,WI_3,HOBBIES_1_023,2.97,1.0,0.556826689965714
2016-04-05,WI_3,HOBBIES_1_023,2.97,0.0,0.5224446238149214
2016-04-06,WI_3,HOBBIES_1_023,2.97,0.0,0.5574669210771775
2016-04-07,WI_3,HOBBIES_1_023,2.97,0.0,0.5907528302552766
2016-04-08,WI_3,HOBBIES_1_023,2.97,1.0,0.6542557088269584
2016-04-09,WI_3,HOBBIES_1_023,2.97,2.0,0.6094816762422594
2016-04-10,WI_3,HOBBIES_1_023,2.97,1.0,0.4933425230879616
2016-04-11,WI_3,HOBBIES_1_023,2.97,1.0,0.5539104797252373
2016-04-12,WI_3,HOBBIES_1_023,2.97,3.0,0.5827499043827109
2016-04-13,WI_3,HOBBIES_1_023,2.97,0.0,0.5827499043827109
2016-04-14,WI_3,HOBBIES_1_023,2.97,0.0,0.8641013030732506
2016-04-15,WI_3,HOBBIES_1_023,2.97,0.0,1.0271269594050265
2016-04-16,WI_3,HOBBIES_1_023,2.97,0.0,1.0201065629244663
2016-04-17,WI_3,HOBBIES_1_023,2.97,1.0,0.6765242368607544
2016-04-18,WI_3,HOBBIES_1_023,2.97,0.0,0.626749366343034
2016-04-19,WI_3,HOBBIES_1_023,2.97,0.0,0.6735743458353172
2016-04-20,WI_3,HOBBIES_1_023,2.97,1.0,0.6119315908098013
2016-04-21,WI_3,HOBBIES_1_023,2.97,1.0,0.6373774325171518
2016-04-22,WI_3,HOBBIES_1_023,2.97,2.0,0.7634663754835069
2016-04-23,WI_3,HOBBIES_1_023,2.97,1.0,0.779192718821062
2016-03-26,WI_3,HOBBIES_1_024,8.56,0.0,0.23384345456697664
2016-03-27,WI_3,HOBBIES_1_024,8.56,0.0,0.13703865047523162
2016-03-28,WI_3,HOBBIES_1_024,8.56,0.0,0.12445287239708387
2016-03-29,WI_3,HOBBIES_1_024,8.56,0.0,0.12445287239708387
2016-03-30,WI_3,HOBBIES_1_024,8.56,0.0,0.12445287239708387
2016-03-31,WI_3,HOBBIES_1_024,8.56,1.0,0.16149146415458063
2016-04-01,WI_3,HOBBIES_1_024,8.56,0.0,0.19251146194020963
2016-04-02,WI_3,HOBBIES_1_024,8.56,1.0,0.22875699288664741
2016-04-03,WI_3,HOBBIES_1_024,8.56,0.0,0.15536613772316962
2016-04-04,WI_3,HOBBIES_1_024,8.56,0.0,0.1995520041032989
2016-04-05,WI_3,HOBBIES_1_024,8.56,0.0,0.19428636326936402
2016-04-06,WI_3,HOBBIES_1_024,8.56,0.0,0.19428636326936402
2016-04-07,WI_3,HOBBIES_1_024,8.56,1.0,0.23132495502686054
2016-04-08,WI_3,HOBBIES_1_024,8.56,0.0,0.26887138215561496
2016-04-09,WI_3,HOBBIES_1_024,8.56,0.0,0.30701043294139235
2016-04-10,WI_3,HOBBIES_1_024,8.56,1.0,0.22801465911527558
2016-04-11,WI_3,HOBBIES_1_024,8.56,0.0,0.18526873419680662
2016-04-12,WI_3,HOBBIES_1_024,8.56,0.0,0.22205708600158902
2016-04-13,WI_3,HOBBIES_1_024,8.56,0.0,0.21679144516765414
2016-04-14,WI_3,HOBBIES_1_024,8.56,0.0,0.2656792581379689
2016-04-15,WI_3,HOBBIES_1_024,8.56,0.0,0.30322568526672306
2016-04-16,WI_3,HOBBIES_1_024,8.56,0.0,0.2690644005228617
2016-04-17,WI_3,HOBBIES_1_024,8.56,0.0,0.1970703673818402
2016-04-18,WI_3,HOBBIES_1_024,8.56,0.0,0.18526873419680662
2016-04-19,WI_3,HOBBIES_1_024,8.56,0.0,0.15282748931364062
2016-04-20,WI_3,HOBBIES_1_024,8.56,0.0,0.15282748931364062
2016-04-21,WI_3,HOBBIES_1_024,8.56,0.0,0.19569076830270485
2016-04-22,WI_3,HOBBIES_1_024,8.56,0.0,0.22397141160463307
2016-04-23,WI_3,HOBBIES_1_024,8.56,0.0,0.19300306870176154
2016-03-26,WI_3,HOBBIES_1_025,3.98,0.0,0.42168934672055824
2016-03-27,WI_3,HOBBIES_1_025,3.98,1.0,0.2894521136151427
2016-03-28,WI_3,HOBBIES_1_025,3.98,0.0,0.2712467474244369
2016-03-29,WI_3,HOBBIES_1_025,3.98,0.0,0.3304980424349524
2016-03-30,WI_3,HOBBIES_1_025,3.98,2.0,0.3252324016010174
2016-03-31,WI_3,HOBBIES_1_025,3.98,1.0,0.3975110583329117
2016-04-01,WI_3,HOBBIES_1_025,3.98,0.0,0.6200740640218553
2016-04-02,WI_3,HOBBIES_1_025,3.98,1.0,0.634907983097549
2016-04-03,WI_3,HOBBIES_1_025,3.98,0.0,0.4742774532395288
2016-04-04,WI_3,HOBBIES_1_025,3.98,0.0,0.4608398756934894
2016-04-05,WI_3,HOBBIES_1_025,3.98,2.0,0.4398143713102656
2016-04-06,WI_3,HOBBIES_1_025,3.98,0.0,0.4398143713102656
2016-04-07,WI_3,HOBBIES_1_025,3.98,0.0,0.5856019982224582
2016-04-08,WI_3,HOBBIES_1_025,3.98,1.0,0.6421510624495769
2016-04-09,WI_3,HOBBIES_1_025,3.98,1.0,0.6170597744827034
2016-04-10,WI_3,HOBBIES_1_025,3.98,0.0,0.44613990151641286
2016-04-11,WI_3,HOBBIES_1_025,3.98,0.0,0.36688817940417673
2016-04-12,WI_3,HOBBIES_1_025,3.98,0.0,0.36162253857024174
2016-04-13,WI_3,HOBBIES_1_025,3.98,0.0,0.36162253857024174
2016-04-14,WI_3,HOBBIES_1_025,3.98,0.0,0.37181217484783063
2016-04-15,WI_3,HOBBIES_1_025,3.98,0.0,0.42819552567199215
2016-04-16,WI_3,HOBBIES_1_025,3.98,0.0,0.42497853266156627
2016-04-17,WI_3,HOBBIES_1_025,3.98,0.0,0.27388437518926495
2016-04-18,WI_3,HOBBIES_1_025,3.98,0.0,0.22608290985203333
2016-04-19,WI_3,HOBBIES_1_025,3.98,0.0,0.22608290985203333
2016-04-20,WI_3,HOBBIES_1_025,3.98,0.0,0.22608290985203333
2016-04-21,WI_3,HOBBIES_1_025,3.98,1.0,0.2823218311176347
2016-04-22,WI_3,HOBBIES_1_025,3.98,0.0,0.32144862644574357
2016-04-23,WI_3,HOBBIES_1_025,3.98,0.0,0.4076389348318883
2016-03-26,WI_3,HOBBIES_1_026,17.97,0.0,0.30523219849083744
2016-03-27,WI_3,HOBBIES_1_026,17.97,0.0,0.2772654545211983
2016-03-28,WI_3,HOBBIES_1_026,17.97,0.0,0.2570500331711214
2016-03-29,WI_3,HOBBIES_1_026,17.97,0.0,0.2033590016195709
2016-03-30,WI_3,HOBBIES_1_026,17.97,1.0,0.2033590016195709
2016-03-31,WI_3,HOBBIES_1_026,17.97,1.0,0.24615438692487396
2016-04-01,WI_3,HOBBIES_1_026,17.97,1.0,0.35334732114227857
2016-04-02,WI_3,HOBBIES_1_026,17.97,0.0,0.3961869741634492
2016-04-03,WI_3,HOBBIES_1_026,17.97,0.0,0.3376723218141063
2016-04-04,WI_3,HOBBIES_1_026,17.97,0.0,0.30443960038615137
2016-04-05,WI_3,HOBBIES_1_026,17.97,0.0,0.28112969417266953
2016-04-06,WI_3,HOBBIES_1_026,17.97,1.0,0.28112969417266953
2016-04-07,WI_3,HOBBIES_1_026,17.97,1.0,0.32392507947797267
2016-04-08,WI_3,HOBBIES_1_026,17.97,0.0,0.3994039671738751
2016-04-09,WI_3,HOBBIES_1_026,17.97,0.0,0.3961869741634492
2016-04-10,WI_3,HOBBIES_1_026,17.97,0.0,0.29406263339535504
2016-04-11,WI_3,HOBBIES_1_026,17.97,2.0,0.28169286056803644
2016-04-12,WI_3,HOBBIES_1_026,17.97,0.0,0.28169286056803644
2016-04-13,WI_3,HOBBIES_1_026,17.97,0.0,0.35911259350357827
2016-04-14,WI_3,HOBBIES_1_026,17.97,0.0,0.4052384133085649
2016-04-15,WI_3,HOBBIES_1_026,17.97,0.0,0.4475499578453664
2016-04-16,WI_3,HOBBIES_1_026,17.97,0.0,0.43750488692694717
2016-04-17,WI_3,HOBBIES_1_026,17.97,1.0,0.35489721588687034
2016-04-18,WI_3,HOBBIES_1_026,17.97,0.0,0.31512025425813395
2016-04-19,WI_3,HOBBIES_1_026,17.97,0.0,0.30970524122008636
2016-04-20,WI_3,HOBBIES_1_026,17.97,0.0,0.25074856883460095
2016-04-21,WI_3,HOBBIES_1_026,17.97,0.0,0.2935439541399041
2016-04-22,WI_3,HOBBIES_1_026,17.97,0.0,0.3321082417185672
2016-04-23,WI_3,HOBBIES_1_026,17.97,2.0,0.3288912487081413
2016-03-26,WI_3,HOBBIES_1_027,19.98,0.0,0.10900741166039726
2016-03-27,WI_3,HOBBIES_1_027,19.98,2.0,0.07582171071438362
2016-03-28,WI_3,HOBBIES_1_027,19.98,0.0,0.06517972174451066
2016-03-29,WI_3,HOBBIES_1_027,19.98,0.0,0.19013775679096948
2016-03-30,WI_3,HOBBIES_1_027,19.98,0.0,0.1848721159570346
2016-03-31,WI_3,HOBBIES_1_027,19.98,0.0,0.21016258492454395
2016-04-01,WI_3,HOBBIES_1_027,19.98,1.0,0.24770901205329807
2016-04-02,WI_3,HOBBIES_1_027,19.98,0.0,0.2444920190428722
2016-04-03,WI_3,HOBBIES_1_027,19.98,0.0,0.22140513888574131
2016-04-04,WI_3,HOBBIES_1_027,19.98,0.0,0.21125799229389144
2016-04-05,WI_3,HOBBIES_1_027,19.98,0.0,0.15756696074234125
2016-04-06,WI_3,HOBBIES_1_027,19.98,0.0,0.15756696074234125
2016-04-07,WI_3,HOBBIES_1_027,19.98,0.0,0.18285742970985067
2016-04-08,WI_3,HOBBIES_1_027,19.98,0.0,0.2204038568386049
2016-04-09,WI_3,HOBBIES_1_027,19.98,0.0,0.217186863828179
2016-04-10,WI_3,HOBBIES_1_027,19.98,0.0,0.1347637913670052
2016-04-11,WI_3,HOBBIES_1_027,19.98,0.0,0.12512571585917537
2016-04-12,WI_3,HOBBIES_1_027,19.98,1.0,0.12512571585917537
2016-04-13,WI_3,HOBBIES_1_027,19.98,0.0,0.12512571585917537
2016-04-14,WI_3,HOBBIES_1_027,19.98,0.0,0.21587442043623126
2016-04-15,WI_3,HOBBIES_1_027,19.98,0.0,0.24815520673105054
2016-04-16,WI_3,HOBBIES_1_027,19.98,0.0,0.217186863828179
2016-04-17,WI_3,HOBBIES_1_027,19.98,0.0,0.16411197352252116
2016-04-18,WI_3,HOBBIES_1_027,19.98,0.0,0.15756696074234125
2016-04-19,WI_3,HOBBIES_1_027,19.98,0.0,0.15756696074234125
2016-04-20,WI_3,HOBBIES_1_027,19.98,0.0,0.15756696074234125
2016-04-21,WI_3,HOBBIES_1_027,19.98,0.0,0.15041618482668473
2016-04-22,WI_3,HOBBIES_1_027,19.98,0.0,0.17869682812861296
2016-04-23,WI_3,HOBBIES_1_027,19.98,0.0,0.17547983511818707
2016-03-26,WI_3,HOBBIES_1_028,7.98,0.0,0.2690644005228617
2016-03-27,WI_3,HOBBIES_1_028,7.98,0.0,0.20367332060050256
2016-03-28,WI_3,HOBBIES_1_028,7.98,0.0,0.15340590855105282
2016-03-29,WI_3,HOBBIES_1_028,7.98,0.0,0.15340590855105282
2016-03-30,WI_3,HOBBIES_1_028,7.98,0.0,0.15340590855105282
2016-03-31,WI_3,HOBBIES_1_028,7.98,0.0,0.20229372152136726
2016-04-01,WI_3,HOBBIES_1_028,7.98,1.0,0.2305743648232955
2016-04-02,WI_3,HOBBIES_1_028,7.98,2.0,0.2273573718128696
2016-04-03,WI_3,HOBBIES_1_028,7.98,1.0,0.20727545441217252
2016-04-04,WI_3,HOBBIES_1_028,7.98,1.0,0.2921704458001918
2016-04-05,WI_3,HOBBIES_1_028,7.98,0.0,0.31972386672476205
2016-04-06,WI_3,HOBBIES_1_028,7.98,0.0,0.34861169215131826
2016-04-07,WI_3,HOBBIES_1_028,7.98,1.0,0.4064856347462922
2016-04-08,WI_3,HOBBIES_1_028,7.98,0.0,0.45304069399418206
2016-04-09,WI_3,HOBBIES_1_028,7.98,0.0,0.5007500959446269
2016-04-10,WI_3,HOBBIES_1_028,7.98,0.0,0.3605047589896168
2016-04-11,WI_3,HOBBIES_1_028,7.98,0.0,0.31021471117973876
2016-04-12,WI_3,HOBBIES_1_028,7.98,0.0,0.2874679713616237
2016-04-13,WI_3,HOBBIES_1_028,7.98,1.0,0.25652367962818823
2016-04-14,WI_3,HOBBIES_1_028,7.98,0.0,0.31106718772347863
2016-04-15,WI_3,HOBBIES_1_028,7.98,0.0,0.39418046093933473
2016-04-16,WI_3,HOBBIES_1_028,7.98,0.0,0.32310457607823445
2016-04-17,WI_3,HOBBIES_1_028,7.98,0.0,0.25062039807795006
2016-04-18,WI_3,HOBBIES_1_028,7.98,2.0,0.20913411241315816
2016-04-19,WI_3,HOBBIES_1_028,7.98,0.0,0.20913411241315816
2016-04-20,WI_3,HOBBIES_1_028,7.98,0.0,0.31548035201367364
2016-04-21,WI_3,HOBBIES_1_028,7.98,1.0,0.36475821927502916
2016-04-22,WI_3,HOBBIES_1_028,7.98,0.0,0.3964944289456988
2016-04-23,WI_3,HOBBIES_1_028,7.98,1.0,0.4478057865298451
2016-03-26,WI_3,HOBBIES_1_029,8.98,0.0,0.31043461048141047
2016-03-27,WI_3,HOBBIES_1_029,8.98,0.0,0.25030927903560224
2016-03-28,WI_3,HOBBIES_1_029,8.98,0.0,0.18244297166422124
2016-03-29,WI_3,HOBBIES_1_029,8.98,0.0,0.18244297166422124
2016-03-30,WI_3,HOBBIES_1_029,8.98,0.0,0.18244297166422124
2016-03-31,WI_3,HOBBIES_1_029,8.98,0.0,0.23133078463453569
2016-04-01,WI_3,HOBBIES_1_029,8.98,0.0,0.22525712482535584
2016-04-02,WI_3,HOBBIES_1_029,8.98,0.0,0.22204013181492996
2016-04-03,WI_3,HOBBIES_1_029,8.98,1.0,0.17461281710968557
2016-04-04,WI_3,HOBBIES_1_029,8.98,0.0,0.14038009133706755
2016-04-05,WI_3,HOBBIES_1_029,8.98,0.0,0.19764477548303178
2016-04-06,WI_3,HOBBIES_1_029,8.98,0.0,0.1923791346490969
2016-04-07,WI_3,HOBBIES_1_029,8.98,0.0,0.22941772640659355
2016-04-08,WI_3,HOBBIES_1_029,8.98,0.0,0.2669641535353479
2016-04-09,WI_3,HOBBIES_1_029,8.98,0.0,0.21833153204295216
2016-04-10,WI_3,HOBBIES_1_029,8.98,0.0,0.1660757135884
2016-04-11,WI_3,HOBBIES_1_029,8.98,0.0,0.15348993551025242
2016-04-12,WI_3,HOBBIES_1_029,8.98,0.0,0.12104869062708623
2016-04-13,WI_3,HOBBIES_1_029,8.98,1.0,0.12104869062708623
2016-04-14,WI_3,HOBBIES_1_029,8.98,0.0,0.15808728238458306
2016-04-15,WI_3,HOBBIES_1_029,8.98,0.0,0.26101104901024186
2016-04-16,WI_3,HOBBIES_1_029,8.98,0.0,0.21833153204295216
2016-04-17,WI_3,HOBBIES_1_029,8.98,0.0,0.1660757135884
2016-04-18,WI_3,HOBBIES_1_029,8.98,0.0,0.15348993551025242
2016-04-19,WI_3,HOBBIES_1_029,8.98,1.0,0.15348993551025242
2016-04-20,WI_3,HOBBIES_1_029,8.98,0.0,0.15348993551025242
2016-04-21,WI_3,HOBBIES_1_029,8.98,2.0,0.24606986054510047
2016-04-22,WI_3,HOBBIES_1_029,8.98,3.0,0.24740635510648426
2016-04-23,WI_3,HOBBIES_1_029,8.98,0.0,0.3587942358726753
2016-03-26,WI_3,HOBBIES_1_030,0.7,0.0,0.2592638871131433
2016-03-27,WI_3,HOBBIES_1_030,0.7,0.0,0.2032599079863327
2016-03-28,WI_3,HOBBIES_1_030,0.7,0.0,0.1891847686065326
2016-03-29,WI_3,HOBBIES_1_030,0.7,1.0,0.1891847686065326
2016-03-30,WI_3,HOBBIES_1_030,0.7,0.0,0.1891847686065326
2016-03-31,WI_3,HOBBIES_1_030,0.7,10.0,0.42327334235390457
2016-04-01,WI_3,HOBBIES_1_030,0.7,0.0,0.420486536734909
2016-04-02,WI_3,HOBBIES_1_030,0.7,0.0,1.0818801253461625
2016-04-03,WI_3,HOBBIES_1_030,0.7,0.0,1.0387409693758574
2016-04-04,WI_3,HOBBIES_1_030,0.7,0.0,0.9061287291193146
2016-04-05,WI_3,HOBBIES_1_030,0.7,0.0,0.9061287291193146
2016-04-06,WI_3,HOBBIES_1_030,0.7,0.0,0.9144310697069189
2016-04-07,WI_3,HOBBIES_1_030,0.7,0.0,0.9803803866137968
2016-04-08,WI_3,HOBBIES_1_030,0.7,32.0,1.091498246594247
2016-04-09,WI_3,HOBBIES_1_030,0.7,0.0,0.43935983173896936
2016-04-10,WI_3,HOBBIES_1_030,0.7,0.0,0.781351381200607
2016-04-11,WI_3,HOBBIES_1_030,0.7,1.0,1.0118038573677515
2016-04-12,WI_3,HOBBIES_1_030,0.7,11.0,1.0778835554007988
2016-04-13,WI_3,HOBBIES_1_030,0.7,2.0,1.7268438355281233
2016-04-14,WI_3,HOBBIES_1_030,0.7,1.0,2.842565100665391
2016-04-15,WI_3,HOBBIES_1_030,0.7,4.0,3.5571229221824803
2016-04-16,WI_3,HOBBIES_1_030,0.7,0.0,3.0707935163615736
2016-04-17,WI_3,HOBBIES_1_030,0.7,0.0,2.236184876688271
2016-04-18,WI_3,HOBBIES_1_030,0.7,1.0,1.9862426629294168
2016-04-19,WI_3,HOBBIES_1_030,0.7,0.0,1.9862426629294168
2016-04-20,WI_3,HOBBIES_1_030,0.7,0.0,2.118885537820181
2016-04-21,WI_3,HOBBIES_1_030,0.7,1.0,2.557554743851522
2016-04-22,WI_3,HOBBIES_1_030,0.7,2.0,2.7249838142979415
2016-04-23,WI_3,HOBBIES_1_030,0.7,0.0,2.7618320843657655
